play_id,team,yards_to_goal,yards_to_go,action,success_probability,success,value,expected_value,optimal_action,regret
1,Team 08,39,9,KICK,0.45512110762641994,0,-1.224,0.6984,KICK,0.0
2,Team 16,22,14,KICK,0.8327160444615168,0,-0.952,2.3389,KICK,0.0
3,Team 01,16,12,KICK,0.903348789058409,1,3,2.6273,KICK,0.0
4,Team 11,13,6,KICK,0.9275735146384823,1,3,2.7242,KICK,0.0
5,Team 12,20,2,GO,0.7162933940110477,0,-1.6,3.2708,GO,0.0
6,Team 05,79,7,PUNT,,,-0.332,-0.332,PUNT,0.0
7,Team 03,64,4,GO,0.4385270604912484,0,-2.48,0.1161,GO,0.0
8,Team 14,37,5,PUNT,,,0.004,0.004,KICK,0.9314
9,Team 07,55,3,GO,0.6535134081523024,1,3.8,1.6864,GO,0.0
10,Team 15,44,9,PUNT,,,-0.052,-0.052,KICK,0.1714
11,Team 01,90,13,PUNT,,,-0.42,-0.42,PUNT,0.0
12,Team 08,59,12,PUNT,,,-0.172,-0.172,PUNT,0.0
13,Team 10,60,12,PUNT,,,-0.18,-0.18,PUNT,0.0
14,Team 09,22,9,KICK,0.8327160444615168,0,-0.952,2.3389,KICK,0.0
15,Team 14,62,11,KICK,0.06946090590056407,0,-1.592,-1.273,PUNT,1.077
16,Team 12,25,8,KICK,0.7841471891774855,0,-1.0,2.1366,KICK,0.0
17,Team 04,85,10,PUNT,,,-0.38,-0.38,PUNT,0.0
18,Team 01,35,6,KICK,0.5597136492671929,1,3,1.1684,KICK,0.0
19,Team 15,55,7,PUNT,,,-0.14,-0.14,PUNT,0.0
20,Team 04,17,14,KICK,0.8937850083248244,1,3,2.5887,KICK,0.0
21,Team 03,29,9,KICK,0.7047456979980911,0,-1.064,1.8001,KICK,0.0
22,Team 11,62,3,GO,0.4335698705359307,1,3.52,0.1441,GO,0.0
23,Team 04,42,7,KICK,0.37871640480893237,0,-1.272,0.3459,KICK,0.0
24,Team 08,43,15,KICK,0.35434369377420466,0,-1.288,0.2314,KICK,0.0
25,Team 09,61,3,GO,0.6639890054498807,1,3.56,1.5507,GO,0.0
26,Team 15,25,14,KICK,0.7841471891774855,1,3,2.1366,KICK,0.0
27,Team 11,75,13,PUNT,,,-0.3,-0.3,PUNT,0.0
28,Team 10,49,11,PUNT,,,-0.092,-0.092,PUNT,0.0
29,Team 11,15,13,KICK,0.9121360851706988,1,3,2.6626,KICK,0.0
30,Team 09,34,15,KICK,0.5854045691294653,0,-1.144,1.2819,KICK,0.0
31,Team 08,34,2,KICK,0.5854045691294653,1,3,1.2819,GO,0.9677
32,Team 07,44,13,PUNT,,,-0.052,-0.052,KICK,0.1714
33,Team 03,48,3,GO,0.4932149019395633,1,4.08,0.9177,GO,0.0
34,Team 06,42,2,GO,0.6575107676168527,1,4.32,2.1418,GO,0.0
35,Team 04,64,3,PUNT,,,-0.212,-0.212,GO,0.8035
36,Team 01,13,1,GO,0.6847891621792315,1,5.48,3.2924,GO,0.0
37,Team 11,39,7,KICK,0.45512110762641994,0,-1.224,0.6984,KICK,0.0
38,Team 13,15,6,KICK,0.9121360851706988,1,3,2.6626,KICK,0.0
39,Team 16,17,14,KICK,0.8937850083248244,1,3,2.5887,KICK,0.0
40,Team 04,35,2,GO,0.5733178358600778,1,4.6,1.8266,GO,0.0
41,Team 14,40,4,KICK,0.42922838810550845,1,3,0.5799,GO,0.474
42,Team 14,21,9,KICK,0.8468362842349139,1,3,2.3971,KICK,0.0
43,Team 16,34,14,KICK,0.5854045691294653,0,-1.144,1.2819,KICK,0.0
44,Team 15,66,12,PUNT,,,-0.228,-0.228,PUNT,0.0
45,Team 08,61,11,PUNT,,,-0.188,-0.188,PUNT,0.0
46,Team 08,34,8,KICK,0.5854045691294653,1,3,1.2819,KICK,0.0
47,Team 15,16,7,KICK,0.903348789058409,1,3,2.6273,KICK,0.0
48,Team 11,69,6,PUNT,,,-0.252,-0.252,PUNT,0.0
49,Team 05,45,14,KICK,0.3078904956982119,1,3,0.0101,KICK,0.0
50,Team 05,64,13,PUNT,,,-0.212,-0.212,PUNT,0.0
51,Team 11,80,6,PUNT,,,-0.34,-0.34,PUNT,0.0
52,Team 15,11,14,KICK,0.9404756340234984,1,3,2.7752,KICK,0.0
53,Team 09,88,3,GO,0.6639890054498807,1,2.48,0.6521,GO,0.0
54,Team 10,62,2,GO,0.5164308431129125,1,3.52,0.6379,GO,0.0
55,Team 07,48,5,GO,0.5484769739869401,0,-2.16,1.2625,GO,0.0
56,Team 14,47,13,KICK,0.2650274005334813,0,-1.352,-0.1986,PUNT,0.1226
57,Team 14,57,2,GO,0.5862862634331419,0,-2.34,1.2129,GO,0.0
58,Team 05,87,6,PUNT,,,-0.396,-0.396,PUNT,0.0
59,Team 12,25,4,GO,0.6191988694215159,0,-1.7,2.4486,GO,0.0
60,Team 15,90,3,PUNT,,,-0.42,-0.42,GO,0.3881
61,Team 03,31,8,KICK,0.6592603884513855,0,-1.096,1.6043,KICK,0.0
62,Team 01,45,12,PUNT,,,-0.06,-0.06,KICK,0.0701
63,Team 15,19,14,KICK,0.8721384336809187,1,3,2.5008,KICK,0.0
64,Team 13,79,8,PUNT,,,-0.332,-0.332,PUNT,0.0
65,Team 07,61,1,GO,0.7454553407611428,0,-2.42,2.0378,GO,0.0
66,Team 13,60,11,PUNT,,,-0.18,-0.18,PUNT,0.0
67,Team 05,74,15,GO,0.07465951384187332,0,-2.68,-2.2529,PUNT,1.9609
68,Team 14,14,13,KICK,0.9201950407592125,1,3,2.6948,KICK,0.0
69,Team 07,63,14,PUNT,,,-0.204,-0.204,PUNT,0.0
70,Team 14,90,11,PUNT,,,-0.42,-0.42,PUNT,0.0
71,Team 15,17,3,KICK,0.8937850083248244,1,3,2.5887,KICK,0.0
72,Team 16,50,6,GO,0.45866498212655793,1,4.0,0.6437,GO,0.0
73,Team 09,16,3,KICK,0.903348789058409,0,-0.856,2.6273,GO,0.4209
74,Team 02,75,2,GO,0.6163941829217663,0,-2.7,0.8134,GO,0.0
75,Team 07,76,12,PUNT,,,-0.308,-0.308,PUNT,0.0
76,Team 07,55,6,GO,0.4936300767509541,1,3.8,0.7111,GO,0.0
77,Team 14,56,9,PUNT,,,-0.148,-0.148,PUNT,0.0
78,Team 06,31,15,KICK,0.6592603884513855,1,3,1.6043,KICK,0.0
79,Team 03,48,10,KICK,0.24508501313237172,0,-1.368,-0.2975,PUNT,0.2135
80,Team 04,75,10,PUNT,,,-0.3,-0.3,PUNT,0.0
81,Team 12,15,15,KICK,0.9121360851706988,1,3,2.6626,KICK,0.0
82,Team 03,44,10,KICK,0.33070459722255413,0,-1.304,0.1194,KICK,0.0
83,Team 06,78,1,GO,0.7052076153533808,1,2.88,1.2174,GO,0.0
84,Team 15,54,14,PUNT,,,-0.132,-0.132,PUNT,0.0
85,Team 16,71,2,GO,0.6713465706923882,1,3.16,1.2604,GO,0.0
86,Team 07,85,6,GO,0.4936300767509541,1,2.6,-0.185,GO,0.0
87,Team 06,75,6,PUNT,,,-0.3,-0.3,GO,0.1268
88,Team 14,53,6,PUNT,,,-0.124,-0.124,GO,0.137
89,Team 05,50,2,GO,0.5848647368258585,1,4.0,1.4262,GO,0.0
90,Team 02,15,15,KICK,0.9121360851706988,1,3,2.6626,KICK,0.0
91,Team 10,41,3,GO,0.4615130443401682,1,4.36,0.9245,GO,0.0
92,Team 05,23,13,KICK,0.8175744761936437,1,3,2.2761,KICK,0.0
93,Team 04,52,1,GO,0.6260717063282923,0,-2.24,1.6166,GO,0.0
94,Team 12,73,4,GO,0.6191988694215159,1,3.08,0.8942,GO,0.0
95,Team 06,86,8,GO,0.33899432053520184,0,-2.92,-1.0623,PUNT,0.6743
96,Team 11,25,2,KICK,0.7841471891774855,0,-1.0,2.1366,KICK,0.0
97,Team 02,49,8,GO,0.30032959740928544,0,-2.18,-0.3119,PUNT,0.2199
98,Team 13,88,12,PUNT,,,-0.404,-0.404,PUNT,0.0
99,Team 02,50,14,PUNT,,,-0.1,-0.1,PUNT,0.0
100,Team 15,52,6,KICK,0.175809597088929,1,3,-0.6528,GO,0.7955
101,Team 08,29,8,KICK,0.7047456979980911,1,3,1.8001,KICK,0.0
102,Team 05,42,15,KICK,0.37871640480893237,0,-1.272,0.3459,KICK,0.0
103,Team 14,52,4,GO,0.4771743507269338,0,-2.24,0.6994,GO,0.0
104,Team 04,24,9,KICK,0.8013892651145572,1,3,2.2087,KICK,0.0
105,Team 13,30,9,KICK,0.6824383021930649,1,3,1.7043,KICK,0.0
106,Team 13,71,4,GO,0.6403084946867348,1,3.16,1.081,GO,0.0
107,Team 15,80,13,KICK,0.011151137398568576,0,-1.88,-1.8256,PUNT,1.4856
108,Team 01,57,6,PUNT,,,-0.156,-0.156,GO,0.3592
109,Team 04,81,1,GO,0.6260717063282923,0,-2.82,0.6735,GO,0.0
110,Team 04,42,6,KICK,0.37871640480893237,0,-1.272,0.3459,KICK,0.0
111,Team 07,59,1,GO,0.7454553407611428,1,3.64,2.1076,GO,0.0
112,Team 15,72,10,PUNT,,,-0.276,-0.276,PUNT,0.0
113,Team 14,40,6,GO,0.37019832268003167,0,-2.0,0.3693,KICK,0.2107
114,Team 07,24,12,KICK,0.8013892651145572,1,3,2.2087,KICK,0.0
115,Team 13,58,15,PUNT,,,-0.164,-0.164,PUNT,0.0
116,Team 05,48,3,GO,0.5306555509303387,0,-2.16,1.1513,GO,0.0
117,Team 11,10,11,KICK,0.9460888925720083,1,3,2.7973,KICK,0.0
118,Team 02,35,12,PUNT,,,0.02,0.02,KICK,1.1484
119,Team 06,82,12,PUNT,,,-0.356,-0.356,PUNT,0.0
120,Team 14,60,12,PUNT,,,-0.18,-0.18,PUNT,0.0
121,Team 03,70,15,PUNT,,,-0.26,-0.26,PUNT,0.0
122,Team 04,67,2,GO,0.5733178358600778,1,3.32,0.8196,GO,0.0
123,Team 14,78,6,GO,0.37019832268003167,0,-2.76,-0.6721,PUNT,0.3481
124,Team 02,30,7,KICK,0.6824383021930649,0,-1.08,1.7043,KICK,0.0
125,Team 09,26,13,KICK,0.7658456258197972,1,3,2.0596,KICK,0.0
126,Team 12,51,9,KICK,0.19154534856146757,0,-1.416,-0.5701,GO,0.5204
127,Team 16,78,4,PUNT,,,-0.324,-0.324,GO,0.7683
128,Team 05,17,9,KICK,0.8937850083248244,1,3,2.5887,KICK,0.0
129,Team 14,40,10,PUNT,,,-0.02,-0.02,KICK,0.5999
130,Team 09,23,4,GO,0.6132802431683475,0,-1.66,2.4735,GO,0.0
131,Team 09,35,12,KICK,0.5597136492671929,1,3,1.1684,KICK,0.0
132,Team 01,19,2,GO,0.6354962284153843,1,5.24,2.7541,GO,0.0
133,Team 03,71,3,GO,0.4932149019395633,0,-2.62,0.2308,GO,0.0
134,Team 16,24,14,KICK,0.8013892651145572,0,-0.984,2.2087,KICK,0.0
135,Team 02,60,1,GO,0.6669163928212177,0,-2.4,1.6015,GO,0.0
136,Team 05,73,15,PUNT,,,-0.284,-0.284,PUNT,0.0
137,Team 14,31,5,KICK,0.6592603884513855,0,-1.096,1.6043,KICK,0.0
138,Team 13,41,15,GO,0.1366618697541906,0,-2.02,-1.1481,KICK,1.6103
139,Team 06,88,12,PUNT,,,-0.404,-0.404,PUNT,0.0
140,Team 06,84,10,PUNT,,,-0.372,-0.372,PUNT,0.0
141,Team 15,33,9,KICK,0.610639233949222,0,-1.128,1.3927,KICK,0.0
142,Team 01,28,13,KICK,0.7261149812607792,0,-1.048,1.8913,KICK,0.0
143,Team 16,41,15,KICK,0.40371730070321227,1,3,0.4622,KICK,0.0
144,Team 14,68,4,GO,0.4771743507269338,0,-2.56,0.2267,GO,0.0
145,Team 04,64,3,GO,0.5188412894570203,1,3.44,0.5915,GO,0.0
146,Team 04,74,5,GO,0.4098467016511046,0,-2.68,-0.3357,PUNT,0.0437
147,Team 05,47,15,PUNT,,,-0.076,-0.076,PUNT,0.0
148,Team 13,18,6,GO,0.5341227138507878,0,-1.56,2.0934,KICK,0.4532
149,Team 11,11,9,KICK,0.9404756340234984,1,3,2.7752,KICK,0.0
150,Team 06,24,15,KICK,0.8013892651145572,1,3,2.2087,KICK,0.0
151,Team 14,46,10,PUNT,,,-0.068,-0.068,PUNT,0.0
152,Team 08,11,9,KICK,0.9404756340234984,1,3,2.7752,KICK,0.0
153,Team 11,54,13,GO,0.07818254703721167,0,-2.28,-1.8015,PUNT,1.6695
154,Team 04,71,5,GO,0.4098467016511046,0,-2.62,-0.2511,GO,0.0
155,Team 16,87,12,PUNT,,,-0.396,-0.396,PUNT,0.0
156,Team 10,44,4,KICK,0.33070459722255413,1,3,0.1194,GO,0.3761
157,Team 07,75,4,GO,0.6021709365103962,0,-2.7,0.7324,GO,0.0
158,Team 02,41,3,KICK,0.40371730070321227,1,3,0.4622,GO,1.1112
159,Team 16,22,4,KICK,0.8327160444615168,1,3,2.3389,KICK,0.0
160,Team 15,31,13,KICK,0.6592603884513855,1,3,1.6043,KICK,0.0
161,Team 03,25,11,KICK,0.7841471891774855,0,-1.0,2.1366,KICK,0.0
162,Team 10,61,13,GO,0.08672831814205072,0,-2.42,-1.9014,PUNT,1.7134
163,Team 06,21,15,KICK,0.8468362842349139,1,3,2.3971,KICK,0.0
164,Team 08,28,1,GO,0.682810727672691,1,4.88,2.7739,GO,0.0
165,Team 08,54,9,PUNT,,,-0.132,-0.132,PUNT,0.0
166,Team 05,46,2,GO,0.5848647368258585,0,-2.12,1.553,GO,0.0
167,Team 05,51,11,KICK,0.19154534856146757,0,-1.416,-0.5701,PUNT,0.4621
168,Team 01,77,15,PUNT,,,-0.316,-0.316,PUNT,0.0
169,Team 14,63,8,GO,0.2746082927331906,1,3.48,-0.8288,PUNT,0.6248
170,Team 12,29,5,GO,0.5661473020656971,1,4.84,1.9679,GO,0.0
171,Team 10,13,5,KICK,0.9275735146384823,1,3,2.7242,KICK,0.0
172,Team 11,76,11,PUNT,,,-0.308,-0.308,PUNT,0.0
173,Team 08,88,1,GO,0.682810727672691,1,2.48,0.7545,GO,0.0
174,Team 01,14,12,PUNT,,,0.188,0.188,KICK,2.5068
175,Team 01,31,11,KICK,0.6592603884513855,0,-1.096,1.6043,KICK,0.0
176,Team 05,87,10,KICK,0.005378247173848609,0,-1.992,-1.9652,PUNT,1.5692
177,Team 16,64,15,PUNT,,,-0.212,-0.212,PUNT,0.0
178,Team 04,39,15,KICK,0.45512110762641994,0,-1.224,0.6984,KICK,0.0
179,Team 10,84,7,PUNT,,,-0.372,-0.372,PUNT,0.0
180,Team 09,13,4,KICK,0.9275735146384823,1,3,2.7242,GO,0.072
181,Team 05,52,5,GO,0.42135247739455595,0,-2.24,0.3555,GO,0.0
182,Team 10,90,15,PUNT,,,-0.42,-0.42,PUNT,0.0
183,Team 16,79,4,GO,0.5681437558388193,1,2.84,0.413,GO,0.0
184,Team 06,59,6,PUNT,,,-0.172,-0.172,GO,0.4607
185,Team 05,37,13,KICK,0.5074994375506204,1,3,0.9354,KICK,0.0
186,Team 14,38,8,GO,0.2746082927331906,1,4.48,-0.1915,KICK,1.0087
187,Team 15,71,3,PUNT,,,-0.268,-0.268,GO,0.825
188,Team 10,36,14,PUNT,,,0.012,0.012,KICK,1.0407
189,Team 03,11,2,GO,0.5480655976092276,0,-1.42,2.4055,KICK,0.3697
190,Team 08,44,3,GO,0.5809608534948784,0,-2.08,1.5917,GO,0.0
191,Team 14,55,14,KICK,0.13470305195202817,0,-1.48,-0.8765,PUNT,0.7365
192,Team 06,75,14,PUNT,,,-0.3,-0.3,PUNT,0.0
193,Team 09,52,12,GO,0.2143538594376484,0,-2.24,-0.9196,PUNT,0.8036
194,Team 06,27,15,KICK,0.7464939833376621,1,3,1.9779,KICK,0.0
195,Team 07,72,11,PUNT,,,-0.276,-0.276,PUNT,0.0
196,Team 09,33,3,GO,0.6639890054498807,0,-1.86,2.4825,GO,0.0
197,Team 14,12,7,KICK,0.9343184948673792,1,3,2.7509,KICK,0.0
198,Team 16,15,2,GO,0.6713465706923882,1,5.4,3.1323,GO,0.0
199,Team 09,74,2,GO,0.7111799598144781,1,3.04,1.3879,GO,0.0
200,Team 07,39,14,KICK,0.45512110762641994,0,-1.224,0.6984,KICK,0.0
201,Team 11,53,12,KICK,0.1611089495765853,0,-1.448,-0.7314,PUNT,0.6074
202,Team 08,16,11,KICK,0.903348789058409,1,3,2.6273,KICK,0.0
203,Team 16,70,7,PUNT,,,-0.26,-0.26,GO,0.0075
204,Team 05,53,11,PUNT,,,-0.124,-0.124,PUNT,0.0
205,Team 01,52,2,GO,0.6354962284153843,1,3.92,1.6747,GO,0.0
206,Team 09,74,8,GO,0.3967851966138369,0,-2.68,-0.4104,PUNT,0.1184
207,Team 02,32,12,KICK,0.6352948493228072,0,-1.112,1.5003,KICK,0.0
208,Team 11,47,12,KICK,0.2650274005334813,0,-1.352,-0.1986,PUNT,0.1226
209,Team 06,79,15,PUNT,,,-0.332,-0.332,PUNT,0.0
210,Team 03,19,6,KICK,0.8721384336809187,1,3,2.5008,KICK,0.0
211,Team 09,52,2,GO,0.7111799598144781,1,3.92,2.1409,GO,0.0
212,Team 07,73,8,GO,0.3856863695078365,0,-2.66,-0.4462,PUNT,0.1622
213,Team 11,64,1,GO,0.5430678179428203,1,3.44,0.735,GO,0.0
214,Team 14,19,3,KICK,0.8721384336809187,1,3,2.5008,KICK,0.0
215,Team 08,60,12,PUNT,,,-0.18,-0.18,PUNT,0.0
216,Team 05,15,14,KICK,0.9121360851706988,1,3,2.6626,KICK,0.0
217,Team 13,30,2,GO,0.7343299545462806,0,-1.8,3.0466,GO,0.0
218,Team 09,51,4,GO,0.6132802431683475,0,-2.22,1.5701,GO,0.0
219,Team 13,66,14,PUNT,,,-0.228,-0.228,PUNT,0.0
220,Team 11,86,10,GO,0.14096466806894628,0,-2.92,-2.1475,PUNT,1.7595
221,Team 08,63,9,PUNT,,,-0.204,-0.204,PUNT,0.0
222,Team 02,57,2,GO,0.6163941829217663,0,-2.34,1.3953,GO,0.0
223,Team 08,82,11,PUNT,,,-0.356,-0.356,PUNT,0.0
224,Team 02,32,15,KICK,0.6352948493228072,1,3,1.5003,KICK,0.0
225,Team 07,15,13,KICK,0.9121360851706988,0,-0.84,2.6626,KICK,0.0
226,Team 16,62,4,PUNT,,,-0.196,-0.196,GO,1.1421
227,Team 14,12,13,KICK,0.9343184948673792,1,3,2.7509,KICK,0.0
228,Team 12,24,6,GO,0.5115352589374579,1,5.04,1.7575,KICK,0.4512
229,Team 12,72,5,GO,0.5661473020656971,1,3.12,0.621,GO,0.0
230,Team 11,84,8,KICK,0.007354947021580431,0,-1.944,-1.9076,PUNT,1.5356
231,Team 06,45,3,KICK,0.3078904956982119,0,-1.32,0.0101,GO,1.7103
232,Team 11,74,3,PUNT,,,-0.292,-0.292,GO,0.092
233,Team 16,19,2,GO,0.6713465706923882,1,5.24,2.9986,GO,0.0
234,Team 15,87,2,GO,0.6033015971633345,0,-2.94,0.354,GO,0.0
235,Team 05,73,11,PUNT,,,-0.284,-0.284,PUNT,0.0
236,Team 12,13,14,KICK,0.9275735146384823,1,3,2.7242,KICK,0.0
237,Team 02,25,7,KICK,0.7841471891774855,0,-1.0,2.1366,KICK,0.0
238,Team 03,51,13,PUNT,,,-0.108,-0.108,PUNT,0.0
239,Team 08,37,3,GO,0.5809608534948784,0,-1.94,1.813,GO,0.0
240,Team 16,38,1,GO,0.7179431443239072,1,4.48,2.6636,GO,0.0
241,Team 07,64,8,GO,0.3856863695078365,0,-2.48,-0.1967,GO,0.0
242,Team 03,48,8,PUNT,,,-0.084,-0.084,PUNT,0.0
243,Team 02,88,14,PUNT,,,-0.404,-0.404,PUNT,0.0
244,Team 02,89,14,PUNT,,,-0.412,-0.412,PUNT,0.0
245,Team 11,30,2,KICK,0.6824383021930649,1,3,1.7043,KICK,0.0
246,Team 12,47,12,PUNT,,,-0.076,-0.076,PUNT,0.0
247,Team 08,90,1,GO,0.682810727672691,0,-3.0,0.6872,GO,0.0
248,Team 08,82,4,GO,0.5266544657992237,1,2.72,0.0882,GO,0.0
249,Team 07,25,5,GO,0.5484769739869401,1,5.0,1.9748,KICK,0.1618
250,Team 07,77,10,PUNT,,,-0.316,-0.316,PUNT,0.0
251,Team 09,54,3,GO,0.6639890054498807,1,3.84,1.7836,GO,0.0
252,Team 10,87,12,PUNT,,,-0.396,-0.396,PUNT,0.0
253,Team 01,68,3,GO,0.583186768451493,1,3.28,0.8458,GO,0.0
254,Team 14,58,8,PUNT,,,-0.164,-0.164,PUNT,0.0
255,Team 13,62,7,GO,0.4791878692587739,1,3.52,0.416,GO,0.0
256,Team 04,59,12,PUNT,,,-0.172,-0.172,PUNT,0.0
257,Team 05,83,5,PUNT,,,-0.364,-0.364,PUNT,0.0
258,Team 08,10,5,KICK,0.9460888925720083,1,3,2.7973,KICK,0.0
259,Team 12,26,4,GO,0.6191988694215159,0,-1.72,2.4162,GO,0.0
260,Team 03,90,2,GO,0.5480655976092276,1,2.4,-0.0404,GO,0.0
261,Team 14,15,6,KICK,0.9121360851706988,1,3,2.6626,KICK,0.0
262,Team 08,41,2,GO,0.6333740470762804,0,-2.02,2.0209,GO,0.0
263,Team 09,14,15,KICK,0.9201950407592125,1,3,2.6948,KICK,0.0
264,Team 15,42,1,GO,0.6545818519692127,1,4.32,2.1231,GO,0.0
265,Team 16,41,5,GO,0.5135670971823116,1,4.36,1.2566,GO,0.0
266,Team 08,23,9,KICK,0.8175744761936437,1,3,2.2761,KICK,0.0
267,Team 11,37,4,KICK,0.5074994375506204,0,-1.192,0.9354,KICK,0.0
268,Team 05,42,2,GO,0.5848647368258585,1,4.32,1.6797,GO,0.0
269,Team 10,11,13,KICK,0.9404756340234984,1,3,2.7752,KICK,0.0
270,Team 10,85,9,PUNT,,,-0.38,-0.38,PUNT,0.0
271,Team 05,67,10,PUNT,,,-0.236,-0.236,PUNT,0.0
272,Team 07,17,7,KICK,0.8937850083248244,1,3,2.5887,KICK,0.0
273,Team 11,59,12,KICK,0.09279295311715706,0,-1.544,-1.1223,PUNT,0.9503
274,Team 16,62,10,GO,0.26004815453768654,1,3.52,-0.8901,PUNT,0.6941
275,Team 04,23,8,KICK,0.8175744761936437,1,3,2.2761,KICK,0.0
276,Team 11,88,11,PUNT,,,-0.404,-0.404,PUNT,0.0
277,Team 12,74,12,PUNT,,,-0.292,-0.292,PUNT,0.0
278,Team 09,69,10,GO,0.29757375628027694,0,-2.58,-0.8481,PUNT,0.5961
279,Team 09,24,6,GO,0.5052802311918284,0,-1.68,1.7155,KICK,0.4933
280,Team 14,46,11,PUNT,,,-0.068,-0.068,PUNT,0.0
281,Team 15,52,1,GO,0.6545818519692127,1,3.92,1.7922,GO,0.0
282,Team 08,27,5,KICK,0.7464939833376621,1,3,1.9779,KICK,0.0
283,Team 16,59,7,GO,0.40474845952406324,0,-2.38,0.0566,GO,0.0
284,Team 09,77,4,PUNT,,,-0.316,-0.316,GO,1.0472
285,Team 09,39,7,KICK,0.45512110762641994,0,-1.224,0.6984,GO,0.2134
286,Team 01,28,9,KICK,0.7261149812607792,1,3,1.8913,KICK,0.0
287,Team 09,79,15,PUNT,,,-0.332,-0.332,PUNT,0.0
288,Team 02,37,10,KICK,0.5074994375506204,0,-1.192,0.9354,KICK,0.0
289,Team 05,64,15,PUNT,,,-0.212,-0.212,PUNT,0.0
290,Team 05,48,2,GO,0.5848647368258585,1,4.08,1.4896,GO,0.0
291,Team 06,12,9,KICK,0.9343184948673792,1,3,2.7509,KICK,0.0
292,Team 14,23,15,KICK,0.8175744761936437,1,3,2.2761,KICK,0.0
293,Team 05,46,10,KICK,0.2859777732226985,0,-1.336,-0.096,PUNT,0.028
294,Team 04,20,7,KICK,0.8599650843722273,1,3,2.4511,KICK,0.0
295,Team 08,20,6,KICK,0.8599650843722273,1,3,2.4511,KICK,0.0
296,Team 11,34,9,PUNT,,,0.028,0.028,KICK,1.2539
297,Team 11,24,12,KICK,0.8013892651145572,1,3,2.2087,KICK,0.0
298,Team 02,43,12,GO,0.1511347235054223,0,-2.06,-1.1018,KICK,1.3332
299,Team 01,23,3,KICK,0.8175744761936437,1,3,2.2761,KICK,0.0
300,Team 12,46,3,GO,0.6695497215555487,0,-2.12,2.0848,GO,0.0
301,Team 03,26,8,KICK,0.7658456258197972,1,3,2.0596,KICK,0.0
302,Team 14,81,8,GO,0.2746082927331906,0,-2.82,-1.2877,PUNT,0.9397
303,Team 07,26,15,KICK,0.7658456258197972,1,3,2.0596,KICK,0.0
304,Team 06,50,2,GO,0.6575107676168527,0,-2.2,1.8766,GO,0.0
305,Team 04,88,10,KICK,0.004844764997639799,0,-2.008,-1.9837,PUNT,1.5797
306,Team 05,71,15,PUNT,,,-0.268,-0.268,PUNT,0.0
307,Team 09,60,5,GO,0.5599900585150124,1,3.6,0.9599,GO,0.0
308,Team 04,20,1,GO,0.6260717063282923,0,-1.6,2.6573,GO,0.0
309,Team 08,45,11,PUNT,,,-0.06,-0.06,KICK,0.0701
310,Team 09,39,13,PUNT,,,-0.012,-0.012,KICK,0.7104
311,Team 05,10,6,KICK,0.9460888925720083,1,3,2.7973,KICK,0.0
312,Team 13,84,12,PUNT,,,-0.372,-0.372,PUNT,0.0
313,Team 04,83,9,PUNT,,,-0.364,-0.364,PUNT,0.0
314,Team 07,86,13,PUNT,,,-0.388,-0.388,PUNT,0.0
315,Team 08,23,9,KICK,0.8175744761936437,1,3,2.2761,KICK,0.0
316,Team 12,21,10,KICK,0.8468362842349139,1,3,2.3971,KICK,0.0
317,Team 16,67,3,GO,0.6211145745754056,0,-2.54,1.0997,GO,0.0
318,Team 04,34,1,GO,0.6260717063282923,0,-1.88,2.202,GO,0.0
319,Team 11,33,7,KICK,0.610639233949222,0,-1.128,1.3927,KICK,0.0
320,Team 05,46,11,PUNT,,,-0.068,-0.068,PUNT,0.0
321,Team 08,72,6,PUNT,,,-0.276,-0.276,GO,0.0405
322,Team 01,65,11,PUNT,,,-0.22,-0.22,PUNT,0.0
323,Team 02,79,12,GO,0.1511347235054223,0,-2.78,-1.9306,PUNT,1.5986
324,Team 05,61,15,PUNT,,,-0.188,-0.188,PUNT,0.0
325,Team 10,61,11,PUNT,,,-0.188,-0.188,PUNT,0.0
326,Team 09,58,14,KICK,0.10201806918913042,0,-1.528,-1.0661,PUNT,0.9021
327,Team 16,36,12,PUNT,,,0.012,0.012,KICK,1.0407
328,Team 05,27,6,KICK,0.7464939833376621,1,3,1.9779,KICK,0.0
329,Team 14,85,5,PUNT,,,-0.38,-0.38,PUNT,0.0
330,Team 14,82,8,PUNT,,,-0.356,-0.356,PUNT,0.0
331,Team 01,23,14,KICK,0.8175744761936437,0,-0.968,2.2761,KICK,0.0
332,Team 01,28,12,KICK,0.7261149812607792,0,-1.048,1.8913,KICK,0.0
333,Team 02,22,7,KICK,0.8327160444615168,0,-0.952,2.3389,KICK,0.0
334,Team 09,36,15,KICK,0.533698835432901,0,-1.176,1.0527,KICK,0.0
335,Team 13,49,12,KICK,0.22618142573054625,0,-1.384,-0.3924,PUNT,0.3004
336,Team 15,73,6,PUNT,,,-0.284,-0.284,PUNT,0.0
337,Team 03,28,5,KICK,0.7261149812607792,1,3,1.8913,KICK,0.0
338,Team 07,31,13,KICK,0.6592603884513855,0,-1.096,1.6043,KICK,0.0
339,Team 14,70,5,GO,0.422781323781126,0,-2.6,-0.1479,GO,0.0
340,Team 07,83,2,GO,0.7015142308273599,1,2.68,1.0264,GO,0.0
341,Team 16,77,14,PUNT,,,-0.316,-0.316,PUNT,0.0
342,Team 07,62,13,KICK,0.06946090590056407,0,-1.592,-1.273,PUNT,1.077
343,Team 14,69,15,PUNT,,,-0.252,-0.252,PUNT,0.0
344,Team 08,55,4,GO,0.5266544657992237,0,-2.3,0.9126,GO,0.0
345,Team 06,23,7,KICK,0.8175744761936437,1,3,2.2761,KICK,0.0
346,Team 13,76,7,PUNT,,,-0.308,-0.308,GO,0.3098
347,Team 13,47,8,GO,0.4247517878519248,1,4.12,0.5189,GO,0.0
348,Team 15,61,11,PUNT,,,-0.188,-0.188,PUNT,0.0
349,Team 03,30,4,KICK,0.6824383021930649,0,-1.08,1.7043,KICK,0.0
350,Team 12,32,7,GO,0.4566464446563816,1,4.72,1.1556,KICK,0.3447
351,Team 16,28,2,KICK,0.7261149812607792,1,3,1.8913,GO,0.8064
352,Team 07,18,1,GO,0.7454553407611428,1,5.28,3.5389,GO,0.0
353,Team 13,35,11,PUNT,,,0.02,0.02,KICK,1.1484
354,Team 03,74,2,GO,0.5480655976092276,0,-2.68,0.4549,GO,0.0
355,Team 10,26,12,KICK,0.7658456258197972,1,3,2.0596,KICK,0.0
356,Team 13,72,13,PUNT,,,-0.276,-0.276,PUNT,0.0
357,Team 15,46,12,KICK,0.2859777732226985,0,-1.336,-0.096,PUNT,0.028
358,Team 05,52,9,PUNT,,,-0.116,-0.116,PUNT,0.0
359,Team 10,14,11,KICK,0.9201950407592125,1,3,2.6948,KICK,0.0
360,Team 03,67,9,PUNT,,,-0.236,-0.236,PUNT,0.0
361,Team 08,52,11,PUNT,,,-0.116,-0.116,PUNT,0.0
362,Team 15,74,7,GO,0.3360919074183416,1,3.04,-0.7576,PUNT,0.4656
363,Team 03,64,8,PUNT,,,-0.212,-0.212,PUNT,0.0
364,Team 01,90,15,PUNT,,,-0.42,-0.42,PUNT,0.0
365,Team 03,61,9,PUNT,,,-0.188,-0.188,PUNT,0.0
366,Team 03,34,14,KICK,0.5854045691294653,0,-1.144,1.2819,KICK,0.0
367,Team 03,67,13,KICK,0.042289771842033794,0,-1.672,-1.4744,PUNT,1.2384
368,Team 11,65,9,PUNT,,,-0.22,-0.22,PUNT,0.0
369,Team 16,50,8,GO,0.35303653218502695,0,-2.2,-0.0112,GO,0.0
370,Team 04,86,2,PUNT,,,-0.388,-0.388,GO,0.6098
371,Team 11,22,11,KICK,0.8327160444615168,1,3,2.3389,KICK,0.0
372,Team 14,42,2,GO,0.5862862634331419,1,4.32,1.6888,GO,0.0
373,Team 02,25,14,PUNT,,,0.1,0.1,KICK,2.0366
374,Team 03,55,11,PUNT,,,-0.14,-0.14,PUNT,0.0
375,Team 03,17,8,KICK,0.8937850083248244,1,3,2.5887,KICK,0.0
376,Team 07,16,11,KICK,0.903348789058409,1,3,2.6273,KICK,0.0
377,Team 02,75,8,PUNT,,,-0.3,-0.3,PUNT,0.0
378,Team 09,69,14,PUNT,,,-0.252,-0.252,PUNT,0.0
379,Team 09,87,1,GO,0.7541967228490082,0,-2.94,1.1779,GO,0.0
380,Team 01,13,4,GO,0.5289349488921719,1,5.48,2.2108,KICK,0.5134
381,Team 04,20,15,KICK,0.8599650843722273,1,3,2.4511,KICK,0.0
382,Team 05,47,15,KICK,0.2650274005334813,0,-1.352,-0.1986,PUNT,0.1226
383,Team 04,20,4,KICK,0.8599650843722273,1,3,2.4511,KICK,0.0
384,Team 08,49,13,PUNT,,,-0.092,-0.092,PUNT,0.0
385,Team 08,80,1,PUNT,,,-0.34,-0.34,GO,1.3637
386,Team 09,22,9,KICK,0.8327160444615168,1,3,2.3389,KICK,0.0
387,Team 03,27,14,KICK,0.7464939833376621,0,-1.032,1.9779,KICK,0.0
388,Team 13,56,9,KICK,0.12292695083285751,1,3,-0.9433,GO,0.8856
389,Team 07,41,2,GO,0.7015142308273599,1,4.36,2.4557,GO,0.0
390,Team 04,25,13,KICK,0.7841471891774855,1,3,2.1366,KICK,0.0
391,Team 07,52,14,PUNT,,,-0.116,-0.116,PUNT,0.0
392,Team 09,22,4,KICK,0.8327160444615168,1,3,2.3389,GO,0.1669
393,Team 05,74,10,PUNT,,,-0.292,-0.292,PUNT,0.0
394,Team 16,24,10,KICK,0.8013892651145572,1,3,2.2087,KICK,0.0
395,Team 07,80,15,PUNT,,,-0.34,-0.34,PUNT,0.0
396,Team 11,83,2,PUNT,,,-0.364,-0.364,GO,0.2085
397,Team 04,84,11,PUNT,,,-0.372,-0.372,PUNT,0.0
398,Team 01,80,15,PUNT,,,-0.34,-0.34,PUNT,0.0
399,Team 10,28,3,KICK,0.7261149812607792,1,3,1.8913,KICK,0.0
400,Team 13,11,15,KICK,0.9404756340234984,1,3,2.7752,KICK,0.0
401,Team 07,83,11,PUNT,,,-0.364,-0.364,PUNT,0.0
402,Team 04,21,8,KICK,0.8468362842349139,1,3,2.3971,KICK,0.0
403,Team 07,56,11,PUNT,,,-0.148,-0.148,PUNT,0.0
404,Team 16,62,9,PUNT,,,-0.196,-0.196,PUNT,0.0
405,Team 04,64,4,GO,0.4639130714247188,0,-2.48,0.2664,GO,0.0
406,Team 03,74,14,PUNT,,,-0.292,-0.292,PUNT,0.0
407,Team 02,26,2,GO,0.6163941829217663,0,-1.72,2.3975,GO,0.0
408,Team 13,10,12,KICK,0.9460888925720083,1,3,2.7973,KICK,0.0
409,Team 03,24,9,KICK,0.8013892651145572,1,3,2.2087,KICK,0.0
410,Team 14,81,12,PUNT,,,-0.348,-0.348,PUNT,0.0
411,Team 14,26,10,KICK,0.7658456258197972,1,3,2.0596,KICK,0.0
412,Team 13,89,15,PUNT,,,-0.412,-0.412,PUNT,0.0
413,Team 15,20,9,KICK,0.8599650843722273,1,3,2.4511,KICK,0.0
414,Team 13,45,15,KICK,0.3078904956982119,1,3,0.0101,KICK,0.0
415,Team 16,12,5,KICK,0.9343184948673792,1,3,2.7509,KICK,0.0
416,Team 14,50,15,PUNT,,,-0.1,-0.1,PUNT,0.0
417,Team 16,32,7,KICK,0.6352948493228072,1,3,1.5003,KICK,0.0
418,Team 01,73,1,GO,0.6847891621792315,1,3.08,1.2707,GO,0.0
419,Team 02,73,4,PUNT,,,-0.284,-0.284,GO,0.5432
420,Team 15,52,1,PUNT,,,-0.116,-0.116,GO,1.9082
421,Team 03,48,9,KICK,0.24508501313237172,1,3,-0.2975,PUNT,0.2135
422,Team 01,43,13,KICK,0.35434369377420466,0,-1.288,0.2314,KICK,0.0
423,Team 13,54,10,GO,0.3222836779454518,0,-2.28,-0.3076,PUNT,0.1756
424,Team 01,71,4,GO,0.5289349488921719,1,3.16,0.4372,GO,0.0
425,Team 13,85,7,GO,0.4791878692587739,1,2.6,-0.2645,GO,0.0
426,Team 12,34,12,KICK,0.5854045691294653,1,3,1.2819,KICK,0.0
427,Team 14,15,10,KICK,0.9121360851706988,1,3,2.6626,KICK,0.0
428,Team 01,85,8,PUNT,,,-0.38,-0.38,PUNT,0.0
429,Team 11,12,7,KICK,0.9343184948673792,1,3,2.7509,KICK,0.0
430,Team 05,19,6,KICK,0.8721384336809187,1,3,2.5008,KICK,0.0
431,Team 02,85,15,PUNT,,,-0.38,-0.38,PUNT,0.0
432,Team 02,20,1,KICK,0.8599650843722273,0,-0.92,2.4511,GO,0.484
433,Team 16,59,2,GO,0.6713465706923882,0,-2.38,1.6615,GO,0.0
434,Team 08,17,5,KICK,0.8937850083248244,1,3,2.5887,KICK,0.0
435,Team 07,21,6,KICK,0.8468362842349139,1,3,2.3971,KICK,0.0
436,Team 06,25,13,KICK,0.7841471891774855,1,3,2.1366,KICK,0.0
437,Team 06,66,9,PUNT,,,-0.228,-0.228,PUNT,0.0
438,Team 03,30,4,GO,0.4385270604912484,0,-1.8,1.0943,KICK,0.6101
439,Team 03,30,4,KICK,0.6824383021930649,1,3,1.7043,KICK,0.0
440,Team 03,65,9,PUNT,,,-0.22,-0.22,PUNT,0.0
441,Team 15,31,3,GO,0.5496461081640299,1,4.76,1.7967,GO,0.0
442,Team 16,65,11,KICK,0.051661435466084885,0,-1.64,-1.4003,PUNT,1.1803
443,Team 09,42,10,PUNT,,,-0.036,-0.036,KICK,0.3819
444,Team 08,52,15,KICK,0.175809597088929,0,-1.432,-0.6528,PUNT,0.5368
445,Team 08,28,10,KICK,0.7261149812607792,1,3,1.8913,KICK,0.0
446,Team 06,65,1,GO,0.7052076153533808,1,3.4,1.6607,GO,0.0
447,Team 07,46,14,KICK,0.2859777732226985,0,-1.336,-0.096,PUNT,0.028
448,Team 02,81,2,GO,0.6163941829217663,1,2.76,0.6195,GO,0.0
449,Team 12,38,8,PUNT,,,-0.004,-0.004,KICK,0.8211
450,Team 07,74,14,PUNT,,,-0.292,-0.292,PUNT,0.0
451,Team 14,30,5,KICK,0.6824383021930649,0,-1.08,1.7043,KICK,0.0
452,Team 05,75,2,GO,0.5848647368258585,1,3.0,0.6337,GO,0.0
453,Team 09,86,5,GO,0.5599900585150124,1,2.56,0.1487,GO,0.0
454,Team 16,87,11,PUNT,,,-0.396,-0.396,PUNT,0.0
455,Team 06,51,15,PUNT,,,-0.108,-0.108,PUNT,0.0
456,Team 11,25,3,KICK,0.7841471891774855,1,3,2.1366,KICK,0.0
457,Team 05,82,7,PUNT,,,-0.356,-0.356,PUNT,0.0
458,Team 10,15,12,KICK,0.9121360851706988,1,3,2.6626,KICK,0.0
459,Team 03,83,6,GO,0.3346691378560442,1,2.68,-1.0059,PUNT,0.6419
460,Team 06,79,3,PUNT,,,-0.332,-0.332,GO,0.96
461,Team 16,15,15,KICK,0.9121360851706988,1,3,2.6626,KICK,0.0
462,Team 13,38,8,KICK,0.4812587841214649,1,3,0.8171,KICK,0.0
463,Team 12,14,8,GO,0.402790649617937,0,-1.48,1.3073,KICK,1.3875
464,Team 15,32,4,KICK,0.6352948493228072,1,3,1.5003,KICK,0.0
465,Team 01,31,13,KICK,0.6592603884513855,1,3,1.6043,KICK,0.0
466,Team 03,24,9,KICK,0.8013892651145572,1,3,2.2087,KICK,0.0
467,Team 12,90,4,GO,0.6191988694215159,1,2.4,0.3437,GO,0.0
468,Team 12,28,12,KICK,0.7261149812607792,1,3,1.8913,KICK,0.0
469,Team 02,27,5,KICK,0.7464939833376621,1,3,1.9779,KICK,0.0
470,Team 08,27,4,KICK,0.7464939833376621,1,3,1.9779,KICK,0.0
471,Team 05,62,13,PUNT,,,-0.196,-0.196,PUNT,0.0
472,Team 12,18,7,KICK,0.8833970308388606,1,3,2.5466,KICK,0.0
473,Team 14,20,11,KICK,0.8599650843722273,1,3,2.4511,KICK,0.0
474,Team 10,25,8,KICK,0.7841471891774855,1,3,2.1366,KICK,0.0
475,Team 07,72,4,GO,0.6021709365103962,0,-2.64,0.8285,GO,0.0
476,Team 14,32,8,KICK,0.6352948493228072,1,3,1.5003,KICK,0.0
477,Team 01,59,13,PUNT,,,-0.172,-0.172,PUNT,0.0
478,Team 07,72,1,GO,0.7454553407611428,0,-2.64,1.6538,GO,0.0
479,Team 11,27,10,KICK,0.7464939833376621,1,3,1.9779,KICK,0.0
480,Team 10,70,3,GO,0.4615130443401682,0,-2.6,0.0768,GO,0.0
481,Team 07,26,3,GO,0.6535134081523024,1,4.96,2.6455,GO,0.0
482,Team 07,56,6,GO,0.4936300767509541,0,-2.32,0.6813,GO,0.0
483,Team 14,66,6,GO,0.37019832268003167,0,-2.52,-0.3432,PUNT,0.1152
484,Team 03,71,4,GO,0.4385270604912484,0,-2.62,-0.0853,GO,0.0
485,Team 09,90,13,PUNT,,,-0.42,-0.42,PUNT,0.0
486,Team 06,87,9,PUNT,,,-0.396,-0.396,PUNT,0.0
487,Team 01,64,9,PUNT,,,-0.212,-0.212,PUNT,0.0
488,Team 05,87,9,PUNT,,,-0.396,-0.396,PUNT,0.0
489,Team 05,87,6,PUNT,,,-0.396,-0.396,PUNT,0.0
490,Team 04,48,4,PUNT,,,-0.084,-0.084,GO,0.8188
491,Team 09,18,9,KICK,0.8833970308388606,1,3,2.5466,KICK,0.0
492,Team 07,54,6,GO,0.4936300767509541,1,3.84,0.741,GO,0.0
493,Team 01,35,11,KICK,0.5597136492671929,0,-1.16,1.1684,KICK,0.0
494,Team 16,52,10,PUNT,,,-0.116,-0.116,PUNT,0.0
495,Team 02,18,4,KICK,0.8833970308388606,1,3,2.5466,KICK,0.0
496,Team 01,58,6,GO,0.41966938533727444,1,3.68,0.1748,GO,0.0
497,Team 12,84,11,PUNT,,,-0.372,-0.372,PUNT,0.0
498,Team 16,67,4,GO,0.5681437558388193,1,3.32,0.7893,GO,0.0
499,Team 14,61,15,PUNT,,,-0.188,-0.188,PUNT,0.0
500,Team 07,60,6,GO,0.4936300767509541,1,3.6,0.5618,GO,0.0
501,Team 02,79,15,PUNT,,,-0.332,-0.332,PUNT,0.0
502,Team 14,28,14,KICK,0.7261149812607792,0,-1.048,1.8913,KICK,0.0
503,Team 02,73,14,PUNT,,,-0.284,-0.284,PUNT,0.0
504,Team 08,80,14,PUNT,,,-0.34,-0.34,PUNT,0.0
505,Team 01,53,2,GO,0.6354962284153843,0,-2.26,1.6419,GO,0.0
506,Team 08,81,8,KICK,0.010050813883473765,0,-1.896,-1.8468,PUNT,1.4988
507,Team 06,31,5,KICK,0.6592603884513855,1,3,1.6043,KICK,0.0
508,Team 11,65,14,PUNT,,,-0.22,-0.22,PUNT,0.0
509,Team 13,10,8,KICK,0.9460888925720083,1,3,2.7973,KICK,0.0
510,Team 07,44,11,KICK,0.33070459722255413,1,3,0.1194,KICK,0.0
511,Team 08,12,11,KICK,0.9343184948673792,1,3,2.7509,KICK,0.0
512,Team 11,89,8,PUNT,,,-0.412,-0.412,PUNT,0.0
513,Team 06,28,8,KICK,0.7261149812607792,0,-1.048,1.8913,KICK,0.0
514,Team 16,15,11,KICK,0.9121360851706988,1,3,2.6626,KICK,0.0
515,Team 15,85,13,PUNT,,,-0.38,-0.38,PUNT,0.0
516,Team 04,11,7,KICK,0.9404756340234984,1,3,2.7752,KICK,0.0
517,Team 04,70,2,GO,0.5733178358600778,0,-2.6,0.7252,GO,0.0
518,Team 14,42,6,KICK,0.37871640480893237,0,-1.272,0.3459,KICK,0.0
519,Team 06,21,12,KICK,0.8468362842349139,1,3,2.3971,KICK,0.0
520,Team 03,17,13,KICK,0.8937850083248244,1,3,2.5887,KICK,0.0
521,Team 07,55,10,PUNT,,,-0.14,-0.14,PUNT,0.0
522,Team 11,55,5,GO,0.3301955444039654,1,3.8,-0.2858,PUNT,0.1458
523,Team 02,10,1,GO,0.6669163928212177,0,-1.4,3.2684,GO,0.0
524,Team 10,19,13,KICK,0.8721384336809187,1,3,2.5008,KICK,0.0
525,Team 01,77,14,PUNT,,,-0.316,-0.316,PUNT,0.0
526,Team 02,89,7,PUNT,,,-0.412,-0.412,PUNT,0.0
527,Team 01,72,1,GO,0.6847891621792315,0,-2.64,1.3044,GO,0.0
528,Team 09,68,9,GO,0.34550014746396424,1,3.28,-0.5423,PUNT,0.2983
529,Team 14,57,12,GO,0.13571258068519226,0,-2.34,-1.5176,PUNT,1.3616
530,Team 07,23,15,KICK,0.8175744761936437,1,3,2.2761,KICK,0.0
531,Team 15,36,4,PUNT,,,0.012,0.012,GO,1.2744
532,Team 15,19,8,KICK,0.8721384336809187,1,3,2.5008,KICK,0.0
533,Team 13,66,14,GO,0.16475072335260385,0,-2.52,-1.5513,PUNT,1.3233
534,Team 04,63,13,PUNT,,,-0.204,-0.204,PUNT,0.0
535,Team 06,60,15,PUNT,,,-0.18,-0.18,PUNT,0.0
536,Team 03,43,4,KICK,0.35434369377420466,0,-1.288,0.2314,GO,0.4888
537,Team 12,31,6,GO,0.5115352589374579,0,-1.82,1.5459,KICK,0.0584
538,Team 14,75,11,KICK,0.018706509954354602,0,-1.8,-1.7102,PUNT,1.4102
539,Team 10,56,6,PUNT,,,-0.148,-0.148,PUNT,0.0
540,Team 05,21,1,GO,0.6370946554825867,1,5.16,2.6995,GO,0.0
541,Team 13,17,9,KICK,0.8937850083248244,1,3,2.5887,KICK,0.0
542,Team 04,81,12,PUNT,,,-0.348,-0.348,PUNT,0.0
543,Team 08,33,12,KICK,0.610639233949222,1,3,1.3927,KICK,0.0
544,Team 15,86,11,PUNT,,,-0.388,-0.388,PUNT,0.0
545,Team 07,24,2,GO,0.7015142308273599,0,-1.68,3.0342,GO,0.0
546,Team 11,65,8,PUNT,,,-0.22,-0.22,PUNT,0.0
547,Team 16,58,9,PUNT,,,-0.164,-0.164,PUNT,0.0
548,Team 10,64,6,GO,0.3069849581582148,0,-2.48,-0.6626,PUNT,0.4506
549,Team 11,84,5,KICK,0.007354947021580431,0,-1.944,-1.9076,PUNT,1.5356
550,Team 07,18,15,KICK,0.8833970308388606,1,3,2.5466,KICK,0.0
551,Team 13,45,3,GO,0.6892688541839076,0,-2.1,2.2424,GO,0.0
552,Team 11,47,2,KICK,0.2650274005334813,0,-1.352,-0.1986,GO,1.1146
553,Team 03,25,8,PUNT,,,0.1,0.1,KICK,2.0366
554,Team 06,64,8,PUNT,,,-0.212,-0.212,PUNT,0.0
555,Team 12,82,11,PUNT,,,-0.356,-0.356,PUNT,0.0
556,Team 15,27,14,KICK,0.7464939833376621,1,3,1.9779,KICK,0.0
557,Team 04,82,5,GO,0.4098467016511046,1,2.72,-0.5613,PUNT,0.2053
558,Team 08,53,1,GO,0.682810727672691,0,-2.26,1.9325,GO,0.0
559,Team 13,41,11,KICK,0.40371730070321227,0,-1.256,0.4622,KICK,0.0
560,Team 04,35,7,KICK,0.5597136492671929,0,-1.16,1.1684,KICK,0.0
561,Team 16,89,4,PUNT,,,-0.412,-0.412,GO,0.5113
562,Team 13,55,14,GO,0.16475072335260385,0,-2.3,-1.295,PUNT,1.155
563,Team 05,24,3,KICK,0.8013892651145572,1,3,2.2087,KICK,0.0
564,Team 16,49,13,PUNT,,,-0.092,-0.092,PUNT,0.0
565,Team 07,70,10,PUNT,,,-0.26,-0.26,PUNT,0.0
566,Team 08,32,14,KICK,0.6352948493228072,0,-1.112,1.5003,KICK,0.0
567,Team 13,40,14,KICK,0.42922838810550845,0,-1.24,0.5799,KICK,0.0
568,Team 05,43,8,KICK,0.35434369377420466,1,3,0.2314,KICK,0.0
569,Team 01,90,7,PUNT,,,-0.42,-0.42,PUNT,0.0
570,Team 09,16,10,KICK,0.903348789058409,1,3,2.6273,KICK,0.0
571,Team 13,42,11,PUNT,,,-0.036,-0.036,KICK,0.3819
572,Team 15,37,15,KICK,0.5074994375506204,1,3,0.9354,KICK,0.0
573,Team 02,75,3,GO,0.563227497954577,1,3.0,0.5104,GO,0.0
574,Team 02,31,10,KICK,0.6592603884513855,0,-1.096,1.6043,KICK,0.0
575,Team 14,45,5,GO,0.422781323781126,1,4.2,0.5635,GO,0.0
576,Team 14,58,7,PUNT,,,-0.164,-0.164,PUNT,0.0
577,Team 06,49,14,KICK,0.22618142573054625,1,3,-0.3924,PUNT,0.3004
578,Team 05,34,11,KICK,0.5854045691294653,0,-1.144,1.2819,KICK,0.0
579,Team 06,12,3,KICK,0.9343184948673792,0,-0.792,2.7509,GO,0.0296
580,Team 14,54,11,PUNT,,,-0.132,-0.132,PUNT,0.0
581,Team 01,54,1,GO,0.6847891621792315,0,-2.28,1.9109,GO,0.0
582,Team 01,23,8,KICK,0.8175744761936437,1,3,2.2761,KICK,0.0
583,Team 06,79,14,GO,0.12049202343491065,0,-2.78,-2.1028,PUNT,1.7708
584,Team 10,39,11,PUNT,,,-0.012,-0.012,KICK,0.7104
585,Team 13,11,7,KICK,0.9404756340234984,0,-0.776,2.7752,KICK,0.0
586,Team 02,32,4,GO,0.5085669512394625,1,4.72,1.4962,KICK,0.0041
587,Team 13,37,14,KICK,0.5074994375506204,0,-1.192,0.9354,KICK,0.0
588,Team 01,60,12,PUNT,,,-0.18,-0.18,PUNT,0.0
589,Team 10,53,15,PUNT,,,-0.124,-0.124,PUNT,0.0
590,Team 04,49,12,PUNT,,,-0.092,-0.092,PUNT,0.0
591,Team 04,33,13,KICK,0.610639233949222,0,-1.128,1.3927,KICK,0.0
592,Team 08,82,13,GO,0.13316254353673276,0,-2.84,-2.0996,PUNT,1.7436
593,Team 03,26,8,KICK,0.7658456258197972,1,3,2.0596,KICK,0.0
594,Team 04,45,3,GO,0.5188412894570203,1,4.2,1.1687,GO,0.0
595,Team 09,76,14,PUNT,,,-0.308,-0.308,PUNT,0.0
596,Team 13,31,2,KICK,0.6592603884513855,0,-1.096,1.6043,GO,1.4076
597,Team 09,63,11,PUNT,,,-0.204,-0.204,PUNT,0.0
598,Team 16,51,3,GO,0.6211145745754056,1,3.96,1.6185,GO,0.0
599,Team 10,22,2,KICK,0.8327160444615168,1,3,2.3389,KICK,0.0
600,Team 15,27,6,KICK,0.7464939833376621,1,3,1.9779,KICK,0.0
601,Team 15,65,13,PUNT,,,-0.22,-0.22,PUNT,0.0
602,Team 02,36,15,KICK,0.533698835432901,0,-1.176,1.0527,KICK,0.0
603,Team 14,63,9,PUNT,,,-0.204,-0.204,PUNT,0.0
604,Team 14,14,15,KICK,0.9201950407592125,1,3,2.6948,KICK,0.0
605,Team 02,69,10,PUNT,,,-0.252,-0.252,PUNT,0.0
606,Team 08,37,2,GO,0.6333740470762804,1,4.52,2.1516,GO,0.0
607,Team 13,61,13,PUNT,,,-0.188,-0.188,PUNT,0.0
608,Team 12,79,6,GO,0.5115352589374579,1,2.84,0.0948,GO,0.0
609,Team 07,78,9,PUNT,,,-0.324,-0.324,PUNT,0.0
610,Team 07,70,8,GO,0.3856863695078365,1,3.2,-0.363,PUNT,0.103
611,Team 14,90,13,PUNT,,,-0.42,-0.42,PUNT,0.0
612,Team 15,14,8,KICK,0.9201950407592125,1,3,2.6948,KICK,0.0
613,Team 13,23,7,KICK,0.8175744761936437,1,3,2.2761,KICK,0.0
614,Team 16,70,6,PUNT,,,-0.26,-0.26,GO,0.3203
615,Team 15,88,4,PUNT,,,-0.404,-0.404,GO,0.1358
616,Team 09,34,7,KICK,0.5854045691294653,1,3,1.2819,KICK,0.0
617,Team 16,41,9,GO,0.30455117633797296,0,-2.02,-0.077,KICK,0.5392
618,Team 09,46,7,GO,0.45044365998876706,0,-2.12,0.7088,GO,0.0
619,Team 09,54,12,GO,0.2143538594376484,0,-2.28,-0.9682,PUNT,0.8362
620,Team 12,37,12,PUNT,,,0.004,0.004,KICK,0.9314
621,Team 04,26,14,KICK,0.7658456258197972,1,3,2.0596,KICK,0.0
622,Team 12,41,11,KICK,0.40371730070321227,0,-1.256,0.4622,KICK,0.0
623,Team 13,30,2,GO,0.7343299545462806,1,4.8,3.0466,GO,0.0
624,Team 15,81,14,PUNT,,,-0.348,-0.348,PUNT,0.0
625,Team 13,28,3,GO,0.6892688541839076,0,-1.76,2.8167,GO,0.0
626,Team 09,65,10,GO,0.29757375628027694,1,3.4,-0.7443,PUNT,0.5243
627,Team 03,54,9,PUNT,,,-0.132,-0.132,PUNT,0.0
628,Team 10,64,7,PUNT,,,-0.212,-0.212,PUNT,0.0
629,Team 14,46,9,PUNT,,,-0.068,-0.068,PUNT,0.0
630,Team 03,30,8,KICK,0.6824383021930649,0,-1.08,1.7043,KICK,0.0
631,Team 07,45,11,KICK,0.3078904956982119,0,-1.32,0.0101,KICK,0.0
632,Team 05,17,2,KICK,0.8937850083248244,1,3,2.5887,KICK,0.0
633,Team 02,31,3,KICK,0.6592603884513855,0,-1.096,1.6043,GO,0.2817
634,Team 14,15,3,KICK,0.9121360851706988,1,3,2.6626,KICK,0.0
635,Team 15,44,6,KICK,0.33070459722255413,1,3,0.1194,GO,0.2453
636,Team 14,77,1,GO,0.6384478943768523,0,-2.74,0.8736,GO,0.0
637,Team 15,25,7,KICK,0.7841471891774855,1,3,2.1366,KICK,0.0
638,Team 10,40,11,KICK,0.42922838810550845,0,-1.24,0.5799,KICK,0.0
639,Team 07,28,13,KICK,0.7261149812607792,1,3,1.8913,KICK,0.0
640,Team 14,42,12,PUNT,,,-0.036,-0.036,KICK,0.3819
641,Team 15,45,4,GO,0.4948104192229929,0,-2.1,1.0173,GO,0.0
642,Team 04,11,13,KICK,0.9404756340234984,1,3,2.7752,KICK,0.0
643,Team 10,23,6,KICK,0.8175744761936437,1,3,2.2761,KICK,0.0
644,Team 12,67,5,GO,0.5661473020656971,0,-2.54,0.7776,GO,0.0
645,Team 02,21,10,KICK,0.8468362842349139,1,3,2.3971,KICK,0.0
646,Team 12,53,3,GO,0.6695497215555487,1,3.88,1.851,GO,0.0
647,Team 10,67,15,PUNT,,,-0.236,-0.236,PUNT,0.0
648,Team 11,87,6,GO,0.2834726495239797,0,-2.94,-1.3922,PUNT,0.9962
649,Team 05,40,4,GO,0.47571317758111337,1,4.4,1.0446,GO,0.0
650,Team 14,71,14,PUNT,,,-0.268,-0.268,PUNT,0.0
651,Team 06,32,3,GO,0.6064038791149935,1,4.72,2.138,GO,0.0
652,Team 10,42,6,KICK,0.37871640480893237,0,-1.272,0.3459,KICK,0.0
653,Team 12,62,12,KICK,0.06946090590056407,0,-1.592,-1.273,PUNT,1.077
654,Team 07,30,10,PUNT,,,0.06,0.06,KICK,1.6443
655,Team 08,12,8,KICK,0.9343184948673792,1,3,2.7509,KICK,0.0
656,Team 15,27,6,GO,0.386805767152458,0,-1.74,0.8361,KICK,1.1417
657,Team 03,65,2,GO,0.5480655976092276,1,3.4,0.7336,GO,0.0
658,Team 06,87,11,PUNT,,,-0.396,-0.396,PUNT,0.0
659,Team 10,52,4,GO,0.4075137590184509,1,3.92,0.2703,GO,0.0
660,Team 01,41,14,KICK,0.40371730070321227,1,3,0.4622,KICK,0.0
661,Team 16,29,6,KICK,0.7047456979980911,1,3,1.8001,KICK,0.0
662,Team 14,81,10,PUNT,,,-0.348,-0.348,PUNT,0.0
663,Team 03,18,4,KICK,0.8833970308388606,1,3,2.5466,KICK,0.0
664,Team 10,54,6,GO,0.3069849581582148,0,-2.28,-0.4013,PUNT,0.2693
665,Team 01,32,14,KICK,0.6352948493228072,1,3,1.5003,KICK,0.0
666,Team 02,57,1,GO,0.6669163928212177,0,-2.34,1.7015,GO,0.0
667,Team 14,15,10,KICK,0.9121360851706988,1,3,2.6626,KICK,0.0
668,Team 09,90,8,PUNT,,,-0.42,-0.42,PUNT,0.0
669,Team 02,60,11,PUNT,,,-0.18,-0.18,PUNT,0.0
670,Team 13,20,10,KICK,0.8599650843722273,1,3,2.4511,KICK,0.0
671,Team 08,20,12,KICK,0.8599650843722273,1,3,2.4511,KICK,0.0
672,Team 02,66,2,GO,0.6163941829217663,1,3.36,1.1044,GO,0.0
673,Team 13,73,7,PUNT,,,-0.284,-0.284,GO,0.3745
674,Team 01,38,2,GO,0.6354962284153843,1,4.48,2.1326,GO,0.0
675,Team 05,54,8,KICK,0.14741766105380757,0,-1.464,-0.8059,PUNT,0.6739
676,Team 06,25,10,KICK,0.7841471891774855,1,3,2.1366,KICK,0.0
677,Team 02,15,15,KICK,0.9121360851706988,1,3,2.6626,KICK,0.0
678,Team 11,31,1,KICK,0.6592603884513855,0,-1.096,1.6043,GO,0.1491
679,Team 08,42,2,GO,0.6333740470762804,1,4.32,1.9883,GO,0.0
680,Team 09,38,11,GO,0.25371834854844727,0,-1.96,-0.3261,KICK,1.1432
681,Team 06,55,8,PUNT,,,-0.14,-0.14,PUNT,0.0
682,Team 02,66,6,PUNT,,,-0.228,-0.228,GO,0.0596
683,Team 08,66,9,PUNT,,,-0.228,-0.228,PUNT,0.0
684,Team 04,26,7,KICK,0.7658456258197972,1,3,2.0596,KICK,0.0
685,Team 11,46,2,PUNT,,,-0.068,-0.068,GO,1.0138
686,Team 14,67,5,GO,0.422781323781126,0,-2.54,-0.0625,GO,0.0
687,Team 06,29,11,KICK,0.7047456979980911,0,-1.064,1.8001,KICK,0.0
688,Team 16,77,2,GO,0.6713465706923882,1,2.92,1.0598,GO,0.0
689,Team 03,68,10,KICK,0.038235691765958195,0,-1.688,-1.5088,PUNT,1.2648
690,Team 07,56,5,GO,0.5484769739869401,1,3.76,1.0147,GO,0.0
691,Team 14,65,10,GO,0.1960186755284064,0,-2.5,-1.3435,PUNT,1.1235
692,Team 15,49,5,KICK,0.22618142573054625,0,-1.384,-0.3924,GO,0.9498
693,Team 07,65,4,GO,0.6021709365103962,0,-2.5,1.0528,GO,0.0
694,Team 16,42,1,GO,0.7179431443239072,1,4.32,2.5261,GO,0.0
695,Team 07,54,13,PUNT,,,-0.132,-0.132,PUNT,0.0
696,Team 05,85,5,PUNT,,,-0.38,-0.38,PUNT,0.0
697,Team 12,66,1,GO,0.7588068543713931,1,3.36,1.9418,GO,0.0
698,Team 04,86,5,PUNT,,,-0.388,-0.388,PUNT,0.0
699,Team 02,62,10,KICK,0.06946090590056407,0,-1.592,-1.273,PUNT,1.077
700,Team 16,43,4,GO,0.5681437558388193,1,4.28,1.542,GO,0.0
701,Team 09,89,15,PUNT,,,-0.412,-0.412,PUNT,0.0
702,Team 10,35,13,KICK,0.5597136492671929,0,-1.16,1.1684,KICK,0.0
703,Team 03,82,11,PUNT,,,-0.356,-0.356,PUNT,0.0
704,Team 02,71,12,PUNT,,,-0.268,-0.268,PUNT,0.0
705,Team 15,39,9,PUNT,,,-0.012,-0.012,KICK,0.7104
706,Team 16,35,15,KICK,0.5597136492671929,1,3,1.1684,KICK,0.0
707,Team 05,85,2,GO,0.5848647368258585,0,-2.9,0.3168,GO,0.0
708,Team 11,68,9,PUNT,,,-0.244,-0.244,PUNT,0.0
709,Team 10,39,15,KICK,0.45512110762641994,1,3,0.6984,KICK,0.0
710,Team 11,10,5,KICK,0.9460888925720083,1,3,2.7973,KICK,0.0
711,Team 03,49,1,GO,0.6017729612434263,1,4.04,1.563,GO,0.0
712,Team 16,28,15,KICK,0.7261149812607792,0,-1.048,1.8913,KICK,0.0
713,Team 08,60,12,PUNT,,,-0.18,-0.18,PUNT,0.0
714,Team 05,56,6,PUNT,,,-0.148,-0.148,GO,0.0705
715,Team 08,67,3,GO,0.5809608534948784,0,-2.54,0.8644,GO,0.0
716,Team 07,38,2,GO,0.7015142308273599,1,4.48,2.5578,GO,0.0
717,Team 03,22,14,KICK,0.8327160444615168,1,3,2.3389,KICK,0.0
718,Team 05,25,5,KICK,0.7841471891774855,1,3,2.1366,KICK,0.0
719,Team 15,31,14,KICK,0.6592603884513855,0,-1.096,1.6043,KICK,0.0
720,Team 15,51,13,PUNT,,,-0.108,-0.108,PUNT,0.0
721,Team 07,46,10,GO,0.2879254391158803,0,-2.12,-0.3118,PUNT,0.2438
722,Team 13,31,1,GO,0.7749896631651041,1,4.76,3.2794,GO,0.0
723,Team 01,71,8,PUNT,,,-0.268,-0.268,PUNT,0.0
724,Team 02,46,1,GO,0.6669163928212177,1,4.16,2.0682,GO,0.0
725,Team 08,54,6,GO,0.41744252810344173,0,-2.28,0.2747,GO,0.0
726,Team 14,19,6,KICK,0.8721384336809187,1,3,2.5008,KICK,0.0
727,Team 15,65,3,GO,0.5496461081640299,1,3.4,0.7429,GO,0.0
728,Team 09,49,10,PUNT,,,-0.092,-0.092,PUNT,0.0
729,Team 07,79,12,PUNT,,,-0.332,-0.332,PUNT,0.0
730,Team 15,24,8,KICK,0.8013892651145572,0,-0.984,2.2087,KICK,0.0
731,Team 15,27,7,KICK,0.7464939833376621,0,-1.032,1.9779,KICK,0.0
732,Team 14,32,7,GO,0.32052370678858894,0,-1.84,0.2626,KICK,1.2377
733,Team 06,19,14,KICK,0.8721384336809187,1,3,2.5008,KICK,0.0
734,Team 07,60,7,GO,0.4389360721152808,0,-2.4,0.2336,GO,0.0
735,Team 04,34,1,GO,0.6260717063282923,1,4.64,2.202,GO,0.0
736,Team 06,12,4,KICK,0.9343184948673792,1,3,2.7509,KICK,0.0
737,Team 06,34,5,GO,0.4980552402097736,0,-1.88,1.3673,GO,0.0
738,Team 13,25,7,KICK,0.7841471891774855,1,3,2.1366,KICK,0.0
739,Team 13,34,5,GO,0.5882421741646358,1,4.64,1.9553,GO,0.0
740,Team 15,58,5,GO,0.4400992987044506,1,3.68,0.2982,GO,0.0
741,Team 08,23,11,KICK,0.8175744761936437,1,3,2.2761,KICK,0.0
742,Team 12,78,14,PUNT,,,-0.324,-0.324,PUNT,0.0
743,Team 04,45,13,KICK,0.3078904956982119,0,-1.32,0.0101,KICK,0.0
744,Team 10,76,6,GO,0.3069849581582148,1,2.96,-0.9763,PUNT,0.6683
745,Team 12,71,1,GO,0.7588068543713931,1,3.16,1.7659,GO,0.0
746,Team 06,58,1,GO,0.7052076153533808,1,3.68,1.8995,GO,0.0
747,Team 08,26,13,KICK,0.7658456258197972,0,-1.016,2.0596,KICK,0.0
748,Team 06,11,4,KICK,0.9404756340234984,1,3,2.7752,KICK,0.0
749,Team 02,43,14,KICK,0.35434369377420466,0,-1.288,0.2314,KICK,0.0
750,Team 05,53,6,GO,0.36883363288543497,0,-2.26,0.0046,GO,0.0
751,Team 09,40,8,GO,0.3967851966138369,1,4.4,0.5394,KICK,0.0405
752,Team 02,66,15,PUNT,,,-0.228,-0.228,PUNT,0.0
753,Team 15,35,14,KICK,0.5597136492671929,1,3,1.1684,KICK,0.0
754,Team 09,12,3,GO,0.6639890054498807,1,5.52,3.1814,GO,0.0
755,Team 01,88,6,KICK,0.004844764997639799,0,-2.008,-1.9837,PUNT,1.5797
756,Team 11,24,4,KICK,0.8013892651145572,0,-0.984,2.2087,KICK,0.0
757,Team 15,79,3,GO,0.5496461081640299,0,-2.78,0.309,GO,0.0
758,Team 15,16,13,KICK,0.903348789058409,1,3,2.6273,KICK,0.0
759,Team 16,69,8,PUNT,,,-0.252,-0.252,PUNT,0.0
760,Team 09,82,12,PUNT,,,-0.356,-0.356,PUNT,0.0
761,Team 08,83,14,PUNT,,,-0.364,-0.364,PUNT,0.0
762,Team 02,46,7,GO,0.34847963982711555,0,-2.12,0.0685,GO,0.0
763,Team 15,63,6,PUNT,,,-0.204,-0.204,GO,0.0416
764,Team 10,23,3,KICK,0.8175744761936437,1,3,2.2761,KICK,0.0
765,Team 12,57,12,KICK,0.11204703855699037,0,-1.512,-1.0064,PUNT,0.8504
766,Team 01,38,4,GO,0.5289349488921719,1,4.48,1.4463,GO,0.0
767,Team 01,81,10,PUNT,,,-0.348,-0.348,PUNT,0.0
768,Team 10,11,11,KICK,0.9404756340234984,1,3,2.7752,KICK,0.0
769,Team 05,63,8,PUNT,,,-0.204,-0.204,PUNT,0.0
770,Team 02,24,9,KICK,0.8013892651145572,1,3,2.2087,KICK,0.0
771,Team 07,74,6,GO,0.4936300767509541,1,3.04,0.1436,GO,0.0
772,Team 06,43,15,KICK,0.35434369377420466,0,-1.288,0.2314,KICK,0.0
773,Team 05,36,14,KICK,0.533698835432901,1,3,1.0527,KICK,0.0
774,Team 02,82,6,PUNT,,,-0.356,-0.356,PUNT,0.0
775,Team 16,31,10,KICK,0.6592603884513855,1,3,1.6043,KICK,0.0
776,Team 12,77,11,PUNT,,,-0.316,-0.316,PUNT,0.0
777,Team 08,69,3,PUNT,,,-0.252,-0.252,GO,1.0532
778,Team 16,63,6,PUNT,,,-0.204,-0.204,GO,0.4685
779,Team 08,89,10,PUNT,,,-0.412,-0.412,PUNT,0.0
780,Team 04,77,8,PUNT,,,-0.316,-0.316,PUNT,0.0
781,Team 01,42,6,KICK,0.37871640480893237,0,-1.272,0.3459,GO,0.2832
782,Team 13,14,10,KICK,0.9201950407592125,1,3,2.6948,KICK,0.0
783,Team 04,15,2,KICK,0.9121360851706988,1,3,2.6626,KICK,0.0
784,Team 06,59,3,GO,0.6064038791149935,1,3.64,1.2706,GO,0.0
785,Team 02,10,7,KICK,0.9460888925720083,1,3,2.7973,KICK,0.0
786,Team 09,55,7,GO,0.45044365998876706,0,-2.3,0.4477,GO,0.0
787,Team 10,46,11,KICK,0.2859777732226985,0,-1.336,-0.096,PUNT,0.028
788,Team 16,17,6,KICK,0.8937850083248244,0,-0.872,2.5887,KICK,0.0
789,Team 15,48,10,KICK,0.24508501313237172,0,-1.368,-0.2975,PUNT,0.2135
790,Team 09,54,11,GO,0.25371834854844727,0,-2.28,-0.7272,PUNT,0.5952
791,Team 09,31,3,GO,0.6639890054498807,0,-1.82,2.549,GO,0.0
792,Team 12,64,2,GO,0.7162933940110477,1,3.44,1.7605,GO,0.0
793,Team 05,89,1,GO,0.6370946554825867,0,-2.98,0.4731,GO,0.0
794,Team 15,40,7,GO,0.3360919074183416,0,-2.0,0.151,KICK,0.4289
795,Team 13,46,2,GO,0.7343299545462806,1,4.16,2.4916,GO,0.0
796,Team 16,26,1,GO,0.7179431443239072,0,-1.72,3.0759,GO,0.0
797,Team 05,31,12,KICK,0.6592603884513855,1,3,1.6043,KICK,0.0
798,Team 05,48,10,PUNT,,,-0.084,-0.084,PUNT,0.0
799,Team 11,13,5,KICK,0.9275735146384823,1,3,2.7242,KICK,0.0
800,Team 06,59,13,KICK,0.09279295311715706,0,-1.544,-1.1223,PUNT,0.9503
801,Team 04,83,1,GO,0.6260717063282923,1,2.68,0.6084,GO,0.0
802,Team 10,90,9,PUNT,,,-0.42,-0.42,PUNT,0.0
803,Team 01,88,15,PUNT,,,-0.404,-0.404,PUNT,0.0
804,Team 12,32,5,KICK,0.6352948493228072,1,3,1.5003,GO,0.3736
805,Team 04,73,7,PUNT,,,-0.284,-0.284,PUNT,0.0
806,Team 01,33,9,KICK,0.610639233949222,1,3,1.3927,KICK,0.0
807,Team 05,82,13,PUNT,,,-0.356,-0.356,PUNT,0.0
808,Team 08,89,11,PUNT,,,-0.412,-0.412,PUNT,0.0
809,Team 15,47,13,PUNT,,,-0.076,-0.076,PUNT,0.0
810,Team 16,77,3,PUNT,,,-0.316,-0.316,GO,1.0915
811,Team 05,36,13,KICK,0.533698835432901,1,3,1.0527,KICK,0.0
812,Team 07,66,15,GO,0.11862864471714768,0,-2.52,-1.8225,PUNT,1.5945
813,Team 12,25,11,KICK,0.7841471891774855,1,3,2.1366,KICK,0.0
814,Team 13,14,11,KICK,0.9201950407592125,1,3,2.6948,KICK,0.0
815,Team 12,64,13,PUNT,,,-0.212,-0.212,PUNT,0.0
816,Team 14,89,5,PUNT,,,-0.412,-0.412,PUNT,0.0
817,Team 04,11,7,KICK,0.9404756340234984,1,3,2.7752,KICK,0.0
818,Team 14,57,7,PUNT,,,-0.156,-0.156,PUNT,0.0
819,Team 03,31,3,GO,0.4932149019395633,1,4.76,1.4254,KICK,0.179
820,Team 15,82,5,GO,0.4400992987044506,1,2.72,-0.393,PUNT,0.037
821,Team 01,19,15,KICK,0.8721384336809187,1,3,2.5008,KICK,0.0
822,Team 15,11,10,KICK,0.9404756340234984,1,3,2.7752,KICK,0.0
823,Team 09,83,6,PUNT,,,-0.364,-0.364,GO,0.3033
824,Team 07,73,9,PUNT,,,-0.284,-0.284,PUNT,0.0
825,Team 12,27,11,KICK,0.7464939833376621,0,-1.032,1.9779,KICK,0.0
826,Team 14,42,10,KICK,0.37871640480893237,1,3,0.3459,KICK,0.0
827,Team 16,79,13,GO,0.15371989874615438,0,-2.78,-1.9161,PUNT,1.5841
828,Team 04,68,15,PUNT,,,-0.244,-0.244,PUNT,0.0
829,Team 13,77,5,GO,0.5882421741646358,0,-2.74,0.5895,GO,0.0
830,Team 12,36,2,GO,0.7162933940110477,1,4.56,2.7216,GO,0.0
831,Team 12,68,15,PUNT,,,-0.244,-0.244,PUNT,0.0
832,Team 15,50,4,GO,0.4948104192229929,1,4.0,0.8678,GO,0.0
833,Team 08,22,12,KICK,0.8327160444615168,1,3,2.3389,KICK,0.0
834,Team 06,51,3,GO,0.6064038791149935,1,3.96,1.5276,GO,0.0
835,Team 02,26,2,GO,0.6163941829217663,1,4.96,2.3975,GO,0.0
836,Team 10,33,14,KICK,0.610639233949222,0,-1.128,1.3927,KICK,0.0
837,Team 04,12,2,GO,0.5733178358600778,1,5.52,2.5503,KICK,0.2006
838,Team 15,64,13,PUNT,,,-0.212,-0.212,PUNT,0.0
839,Team 09,57,2,GO,0.7111799598144781,1,3.72,1.9698,GO,0.0
840,Team 10,35,5,GO,0.35565962521942324,0,-1.9,0.4118,KICK,0.7566
841,Team 14,87,5,GO,0.422781323781126,0,-2.94,-0.6316,PUNT,0.2356
842,Team 01,45,15,PUNT,,,-0.06,-0.06,KICK,0.0701
843,Team 09,89,2,GO,0.7111799598144781,1,2.44,0.8746,GO,0.0
844,Team 11,88,14,PUNT,,,-0.404,-0.404,PUNT,0.0
845,Team 14,23,9,KICK,0.8175744761936437,1,3,2.2761,KICK,0.0
846,Team 03,36,12,KICK,0.533698835432901,0,-1.176,1.0527,KICK,0.0
847,Team 15,40,13,PUNT,,,-0.02,-0.02,KICK,0.5999
848,Team 02,69,3,PUNT,,,-0.252,-0.252,GO,0.95
849,Team 08,16,6,KICK,0.903348789058409,1,3,2.6273,KICK,0.0
850,Team 10,13,12,KICK,0.9275735146384823,1,3,2.7242,KICK,0.0
851,Team 10,46,15,PUNT,,,-0.068,-0.068,PUNT,0.0
852,Team 14,71,2,GO,0.5862862634331419,0,-2.62,0.7687,GO,0.0
853,Team 13,60,9,GO,0.3720816900525986,0,-2.4,-0.1675,GO,0.0
854,Team 12,78,8,GO,0.402790649617937,0,-2.76,-0.4883,PUNT,0.1643
855,Team 14,47,8,PUNT,,,-0.076,-0.076,PUNT,0.0
856,Team 14,54,7,PUNT,,,-0.132,-0.132,PUNT,0.0
857,Team 12,28,8,GO,0.402790649617937,0,-1.76,0.9145,KICK,0.9768
858,Team 06,22,4,KICK,0.8327160444615168,1,3,2.3389,KICK,0.0
859,Team 14,83,2,GO,0.5862862634331419,0,-2.86,0.388,GO,0.0
860,Team 16,64,12,KICK,0.05705458259892049,0,-1.624,-1.3602,PUNT,1.1482
861,Team 14,11,6,KICK,0.9404756340234984,1,3,2.7752,KICK,0.0
862,Team 10,16,9,KICK,0.903348789058409,1,3,2.6273,KICK,0.0
863,Team 07,24,8,GO,0.3856863695078365,0,-1.68,0.9118,KICK,1.2969
864,Team 06,47,7,GO,0.3898889396292549,0,-2.14,0.3007,GO,0.0
865,Team 13,90,6,GO,0.5341227138507878,0,-3.0,-0.1157,GO,0.0
866,Team 15,32,10,PUNT,,,0.044,0.044,KICK,1.4563
867,Team 08,41,5,GO,0.4717100045295637,1,4.36,0.9895,GO,0.0
868,Team 06,76,14,PUNT,,,-0.308,-0.308,PUNT,0.0
869,Team 01,25,11,PUNT,,,0.1,0.1,KICK,2.0366
870,Team 02,32,13,PUNT,,,0.044,0.044,KICK,1.4563
871,Team 14,67,10,PUNT,,,-0.236,-0.236,PUNT,0.0
872,Team 04,83,1,GO,0.6260717063282923,1,2.68,0.6084,GO,0.0
873,Team 08,81,2,GO,0.6333740470762804,0,-2.82,0.7142,GO,0.0
874,Team 05,16,14,KICK,0.903348789058409,1,3,2.6273,KICK,0.0
875,Team 10,41,14,KICK,0.40371730070321227,1,3,0.4622,KICK,0.0
876,Team 06,78,11,PUNT,,,-0.324,-0.324,PUNT,0.0
877,Team 06,82,10,PUNT,,,-0.356,-0.356,PUNT,0.0
878,Team 03,53,6,GO,0.3346691378560442,0,-2.26,-0.2051,PUNT,0.0811
879,Team 08,54,10,GO,0.22912103651254975,0,-2.28,-0.8778,PUNT,0.7458
880,Team 03,82,13,PUNT,,,-0.356,-0.356,PUNT,0.0
881,Team 04,40,13,KICK,0.42922838810550845,0,-1.24,0.5799,KICK,0.0
882,Team 04,16,6,KICK,0.903348789058409,1,3,2.6273,KICK,0.0
883,Team 06,13,1,GO,0.7052076153533808,0,-1.46,3.4341,GO,0.0
884,Team 01,90,6,PUNT,,,-0.42,-0.42,PUNT,0.0
885,Team 11,11,4,KICK,0.9404756340234984,1,3,2.7752,KICK,0.0
886,Team 07,74,3,GO,0.6535134081523024,0,-2.68,1.0581,GO,0.0
887,Team 15,31,11,KICK,0.6592603884513855,0,-1.096,1.6043,KICK,0.0
888,Team 03,51,15,PUNT,,,-0.108,-0.108,PUNT,0.0
889,Team 12,30,2,KICK,0.6824383021930649,1,3,1.7043,GO,1.2232
890,Team 08,26,10,KICK,0.7658456258197972,1,3,2.0596,KICK,0.0
891,Team 07,71,8,GO,0.3856863695078365,0,-2.62,-0.3907,PUNT,0.1227
892,Team 01,48,13,KICK,0.24508501313237172,0,-1.368,-0.2975,PUNT,0.2135
893,Team 08,87,14,PUNT,,,-0.396,-0.396,PUNT,0.0
894,Team 16,40,14,PUNT,,,-0.02,-0.02,KICK,0.5999
895,Team 15,81,11,PUNT,,,-0.348,-0.348,PUNT,0.0
896,Team 13,14,5,GO,0.5882421741646358,1,5.44,2.5906,KICK,0.1042
897,Team 03,36,5,KICK,0.533698835432901,0,-1.176,1.0527,KICK,0.0
898,Team 01,16,9,KICK,0.903348789058409,1,3,2.6273,KICK,0.0
899,Team 01,15,4,KICK,0.9121360851706988,1,3,2.6626,KICK,0.0
900,Team 12,81,13,GO,0.1833444504468946,0,-2.82,-1.7969,PUNT,1.4489
901,Team 02,75,1,PUNT,,,-0.3,-0.3,GO,1.4014
902,Team 06,58,13,PUNT,,,-0.164,-0.164,PUNT,0.0
903,Team 15,26,14,KICK,0.7658456258197972,0,-1.016,2.0596,KICK,0.0
904,Team 10,88,6,GO,0.3069849581582148,0,-2.96,-1.29,PUNT,0.886
905,Team 08,26,4,GO,0.5266544657992237,0,-1.72,1.7981,KICK,0.2616
906,Team 11,90,12,KICK,0.003930697284418408,0,-2.04,-2.0202,PUNT,1.6002
907,Team 02,87,6,PUNT,,,-0.396,-0.396,PUNT,0.0
908,Team 09,21,14,KICK,0.8468362842349139,1,3,2.3971,KICK,0.0
909,Team 10,83,4,GO,0.4075137590184509,0,-2.86,-0.6024,PUNT,0.2384
910,Team 07,87,10,PUNT,,,-0.396,-0.396,PUNT,0.0
911,Team 11,29,14,PUNT,,,0.068,0.068,KICK,1.7321
912,Team 06,47,5,GO,0.4980552402097736,1,4.12,0.9778,GO,0.0
913,Team 06,23,10,KICK,0.8175744761936437,1,3,2.2761,KICK,0.0
914,Team 14,74,13,PUNT,,,-0.292,-0.292,PUNT,0.0
915,Team 14,75,5,PUNT,,,-0.3,-0.3,GO,0.0099
916,Team 09,81,5,GO,0.5599900585150124,1,2.76,0.3047,GO,0.0
917,Team 01,42,4,GO,0.5289349488921719,0,-2.04,1.324,GO,0.0
918,Team 10,34,13,KICK,0.5854045691294653,1,3,1.2819,KICK,0.0
919,Team 08,35,6,KICK,0.5597136492671929,0,-1.16,1.1684,KICK,0.0
920,Team 03,78,2,GO,0.5480655976092276,1,2.88,0.3311,GO,0.0
921,Team 04,61,13,PUNT,,,-0.188,-0.188,PUNT,0.0
922,Team 01,39,2,GO,0.6354962284153843,1,4.44,2.0999,GO,0.0
923,Team 15,42,6,KICK,0.37871640480893237,0,-1.272,0.3459,GO,0.0742
924,Team 14,13,9,GO,0.23301469843774303,0,-1.46,0.1571,KICK,2.5671
925,Team 10,86,4,GO,0.4075137590184509,1,2.56,-0.6868,PUNT,0.2988
926,Team 10,43,6,KICK,0.35434369377420466,1,3,0.2314,KICK,0.0
927,Team 02,65,3,GO,0.563227497954577,0,-2.5,0.823,GO,0.0
928,Team 16,29,13,KICK,0.7047456979980911,1,3,1.8001,KICK,0.0
929,Team 14,31,9,KICK,0.6592603884513855,0,-1.096,1.6043,KICK,0.0
930,Team 12,44,6,GO,0.5115352589374579,1,4.24,1.1529,GO,0.0
931,Team 13,47,2,GO,0.7343299545462806,1,4.12,2.4569,GO,0.0
932,Team 07,75,11,PUNT,,,-0.3,-0.3,PUNT,0.0
933,Team 01,37,10,PUNT,,,0.004,0.004,KICK,0.9314
934,Team 12,13,6,KICK,0.9275735146384823,1,3,2.7242,KICK,0.0
935,Team 13,67,1,GO,0.7749896631651041,1,3.32,2.0014,GO,0.0
936,Team 16,20,2,GO,0.6713465706923882,1,5.2,2.9652,GO,0.0
937,Team 08,23,9,KICK,0.8175744761936437,1,3,2.2761,KICK,0.0
938,Team 14,11,8,KICK,0.9404756340234984,1,3,2.7752,KICK,0.0
939,Team 06,86,15,PUNT,,,-0.388,-0.388,PUNT,0.0
940,Team 05,14,7,KICK,0.9201950407592125,1,3,2.6948,KICK,0.0
941,Team 13,68,15,PUNT,,,-0.244,-0.244,PUNT,0.0
942,Team 13,62,7,GO,0.4791878692587739,0,-2.44,0.416,GO,0.0
943,Team 02,37,15,KICK,0.5074994375506204,1,3,0.9354,KICK,0.0
944,Team 12,27,13,KICK,0.7464939833376621,1,3,1.9779,KICK,0.0
945,Team 12,36,15,KICK,0.533698835432901,1,3,1.0527,KICK,0.0
946,Team 08,42,2,GO,0.6333740470762804,0,-2.04,1.9883,GO,0.0
947,Team 02,41,2,GO,0.6163941829217663,0,-2.02,1.9126,GO,0.0
948,Team 01,26,15,KICK,0.7658456258197972,0,-1.016,2.0596,KICK,0.0
949,Team 13,51,9,GO,0.3720816900525986,0,-2.22,0.0795,GO,0.0
950,Team 12,13,7,KICK,0.9275735146384823,1,3,2.7242,KICK,0.0
951,Team 09,11,15,KICK,0.9404756340234984,1,3,2.7752,KICK,0.0
952,Team 03,48,10,KICK,0.24508501313237172,0,-1.368,-0.2975,PUNT,0.2135
953,Team 06,42,11,GO,0.2095269689848933,0,-2.04,-0.7074,KICK,1.0533
954,Team 16,69,10,PUNT,,,-0.252,-0.252,PUNT,0.0
955,Team 08,59,15,KICK,0.09279295311715706,0,-1.544,-1.1223,PUNT,0.9503
956,Team 01,76,6,GO,0.41966938533727444,0,-2.72,-0.3363,PUNT,0.0283
957,Team 14,58,12,GO,0.13571258068519226,0,-2.36,-1.5403,PUNT,1.3763
958,Team 03,12,3,KICK,0.9343184948673792,1,3,2.7509,KICK,0.0
959,Team 03,36,15,KICK,0.533698835432901,1,3,1.0527,KICK,0.0
960,Team 05,32,4,GO,0.47571317758111337,0,-1.84,1.2807,KICK,0.2197
961,Team 10,85,4,PUNT,,,-0.38,-0.38,PUNT,0.0
962,Team 02,76,7,PUNT,,,-0.308,-0.308,PUNT,0.0
963,Team 03,46,12,KICK,0.2859777732226985,0,-1.336,-0.096,PUNT,0.028
964,Team 12,67,9,PUNT,,,-0.236,-0.236,PUNT,0.0
965,Team 02,37,9,KICK,0.5074994375506204,1,3,0.9354,KICK,0.0
966,Team 14,65,1,GO,0.6384478943768523,1,3.4,1.2668,GO,0.0
967,Team 14,58,14,PUNT,,,-0.164,-0.164,PUNT,0.0
968,Team 10,63,8,PUNT,,,-0.204,-0.204,PUNT,0.0
969,Team 07,49,3,GO,0.6535134081523024,0,-2.18,1.8849,GO,0.0
970,Team 03,42,2,GO,0.5480655976092276,1,4.32,1.4457,GO,0.0
971,Team 03,50,14,PUNT,,,-0.1,-0.1,PUNT,0.0
972,Team 11,26,9,KICK,0.7658456258197972,1,3,2.0596,KICK,0.0
973,Team 03,87,15,PUNT,,,-0.396,-0.396,PUNT,0.0
974,Team 15,47,2,GO,0.6033015971633345,1,4.12,1.6367,GO,0.0
975,Team 09,70,7,GO,0.45044365998876706,1,3.2,0.0126,GO,0.0
976,Team 06,34,12,KICK,0.5854045691294653,1,3,1.2819,KICK,0.0
977,Team 14,17,11,KICK,0.8937850083248244,1,3,2.5887,KICK,0.0
978,Team 14,85,4,GO,0.4771743507269338,0,-2.9,-0.2755,GO,0.0
979,Team 15,80,3,GO,0.5496461081640299,1,2.8,0.278,GO,0.0
980,Team 14,19,6,KICK,0.8721384336809187,1,3,2.5008,KICK,0.0
981,Team 15,43,14,GO,0.0979017451793225,0,-2.06,-1.4393,KICK,1.6707
982,Team 06,68,10,KICK,0.038235691765958195,0,-1.688,-1.5088,PUNT,1.2648
983,Team 08,46,4,GO,0.5266544657992237,0,-2.12,1.1874,GO,0.0
984,Team 14,45,3,GO,0.532114204592694,1,4.2,1.2523,GO,0.0
985,Team 06,17,2,GO,0.6575107676168527,0,-1.54,2.9705,GO,0.0
986,Team 09,70,1,GO,0.7541967228490082,0,-2.6,1.7743,GO,0.0
987,Team 02,66,12,PUNT,,,-0.228,-0.228,PUNT,0.0
988,Team 10,35,4,GO,0.4075137590184509,0,-1.9,0.7488,KICK,0.4196
989,Team 10,22,8,KICK,0.8327160444615168,1,3,2.3389,KICK,0.0
990,Team 10,46,12,PUNT,,,-0.068,-0.068,PUNT,0.0
991,Team 11,15,12,KICK,0.9121360851706988,1,3,2.6626,KICK,0.0
992,Team 03,65,5,PUNT,,,-0.22,-0.22,PUNT,0.0
993,Team 01,70,3,PUNT,,,-0.26,-0.26,GO,1.0425
994,Team 01,38,8,GO,0.3177501098281303,0,-1.96,0.0863,KICK,0.7308
995,Team 15,18,7,KICK,0.8833970308388606,1,3,2.5466,KICK,0.0
996,Team 15,44,14,PUNT,,,-0.052,-0.052,KICK,0.1714
997,Team 11,20,11,KICK,0.8599650843722273,1,3,2.4511,KICK,0.0
998,Team 12,30,11,KICK,0.6824383021930649,1,3,1.7043,KICK,0.0
999,Team 16,48,5,GO,0.5135670971823116,1,4.08,1.0447,GO,0.0
1000,Team 11,19,1,KICK,0.8721384336809187,1,3,2.5008,KICK,0.0
1001,Team 09,69,1,GO,0.7541967228490082,1,3.24,1.8094,GO,0.0
1002,Team 16,33,7,KICK,0.610639233949222,1,3,1.3927,KICK,0.0
1003,Team 07,82,6,GO,0.4936300767509541,0,-2.84,-0.0954,GO,0.0
1004,Team 05,20,2,KICK,0.8599650843722273,1,3,2.4511,KICK,0.0
1005,Team 02,32,1,GO,0.6669163928212177,0,-1.84,2.535,GO,0.0
1006,Team 14,55,11,PUNT,,,-0.14,-0.14,PUNT,0.0
1007,Team 04,57,13,PUNT,,,-0.156,-0.156,PUNT,0.0
1008,Team 14,22,9,KICK,0.8327160444615168,1,3,2.3389,KICK,0.0
1009,Team 03,64,4,PUNT,,,-0.212,-0.212,GO,0.3281
1010,Team 09,82,15,PUNT,,,-0.356,-0.356,PUNT,0.0
1011,Team 16,53,11,KICK,0.1611089495765853,0,-1.448,-0.7314,PUNT,0.6074
1012,Team 16,67,5,GO,0.5135670971823116,0,-2.54,0.4695,GO,0.0
1013,Team 03,47,11,PUNT,,,-0.076,-0.076,PUNT,0.0
1014,Team 15,79,7,PUNT,,,-0.332,-0.332,PUNT,0.0
1015,Team 07,58,9,KICK,0.10201806918913042,0,-1.528,-1.0661,PUNT,0.9021
1016,Team 10,46,5,KICK,0.2859777732226985,0,-1.336,-0.096,GO,0.2095
1017,Team 12,67,3,GO,0.6695497215555487,1,3.32,1.3836,GO,0.0
1018,Team 07,22,10,KICK,0.8327160444615168,1,3,2.3389,KICK,0.0
1019,Team 08,19,1,KICK,0.8721384336809187,1,3,2.5008,GO,0.5759
1020,Team 08,49,1,GO,0.682810727672691,1,4.04,2.0671,GO,0.0
1021,Team 16,71,11,GO,0.21999109178604664,0,-2.62,-1.3485,PUNT,1.0805
1022,Team 12,85,6,GO,0.5115352589374579,0,-2.9,-0.0866,GO,0.0
1023,Team 07,19,10,KICK,0.8721384336809187,1,3,2.5008,KICK,0.0
1024,Team 03,38,7,KICK,0.4812587841214649,1,3,0.8171,KICK,0.0
1025,Team 08,85,11,PUNT,,,-0.38,-0.38,PUNT,0.0
1026,Team 05,79,12,PUNT,,,-0.332,-0.332,PUNT,0.0
1027,Team 04,74,2,GO,0.5733178358600778,1,3.04,0.5994,GO,0.0
1028,Team 10,61,2,GO,0.5164308431129125,1,3.56,0.6683,GO,0.0
1029,Team 11,58,10,PUNT,,,-0.164,-0.164,PUNT,0.0
1030,Team 11,74,15,PUNT,,,-0.292,-0.292,PUNT,0.0
1031,Team 03,48,10,PUNT,,,-0.084,-0.084,PUNT,0.0
1032,Team 16,69,3,GO,0.6211145745754056,1,3.24,1.0349,GO,0.0
1033,Team 04,32,2,GO,0.5733178358600778,0,-1.84,1.921,GO,0.0
1034,Team 04,87,15,PUNT,,,-0.396,-0.396,PUNT,0.0
1035,Team 13,10,13,KICK,0.9460888925720083,1,3,2.7973,KICK,0.0
1036,Team 03,59,2,GO,0.5480655976092276,0,-2.38,0.9194,GO,0.0
1037,Team 08,84,12,PUNT,,,-0.372,-0.372,PUNT,0.0
1038,Team 04,60,6,PUNT,,,-0.18,-0.18,PUNT,0.0
1039,Team 10,69,5,GO,0.35565962521942324,0,-2.58,-0.5101,PUNT,0.2581
1040,Team 01,12,1,GO,0.6847891621792315,1,5.52,3.3261,GO,0.0
1041,Team 14,65,7,PUNT,,,-0.22,-0.22,PUNT,0.0
1042,Team 11,22,12,KICK,0.8327160444615168,1,3,2.3389,KICK,0.0
1043,Team 08,74,10,PUNT,,,-0.292,-0.292,PUNT,0.0
1044,Team 13,58,12,PUNT,,,-0.164,-0.164,PUNT,0.0
1045,Team 15,72,15,PUNT,,,-0.276,-0.276,PUNT,0.0
1046,Team 06,72,3,GO,0.6064038791149935,1,3.12,0.8529,GO,0.0
1047,Team 11,37,9,KICK,0.5074994375506204,1,3,0.9354,KICK,0.0
1048,Team 06,81,6,PUNT,,,-0.348,-0.348,GO,0.0016
1049,Team 05,36,7,KICK,0.533698835432901,0,-1.176,1.0527,KICK,0.0
1050,Team 16,41,2,GO,0.6713465706923882,1,4.36,2.2632,GO,0.0
1051,Team 14,46,9,PUNT,,,-0.068,-0.068,PUNT,0.0
1052,Team 09,15,7,GO,0.45044365998876706,0,-1.5,1.6081,KICK,1.0545
1053,Team 16,66,2,GO,0.6713465706923882,1,3.36,1.4275,GO,0.0
1054,Team 15,36,10,GO,0.2073852577257895,0,-1.92,-0.5761,KICK,1.6289
1055,Team 12,39,4,GO,0.6191988694215159,1,4.44,1.9953,GO,0.0
1056,Team 04,80,7,PUNT,,,-0.34,-0.34,PUNT,0.0
1057,Team 15,53,13,PUNT,,,-0.124,-0.124,PUNT,0.0
1058,Team 08,59,1,GO,0.682810727672691,1,3.64,1.7305,GO,0.0
1059,Team 11,12,5,KICK,0.9343184948673792,1,3,2.7509,KICK,0.0
1060,Team 01,21,4,GO,0.5289349488921719,1,5.16,1.9662,KICK,0.431
1061,Team 15,30,1,GO,0.6545818519692127,0,-1.8,2.5202,GO,0.0
1062,Team 16,17,11,KICK,0.8937850083248244,1,3,2.5887,KICK,0.0
1063,Team 02,76,15,PUNT,,,-0.308,-0.308,PUNT,0.0
1064,Team 13,85,10,PUNT,,,-0.38,-0.38,PUNT,0.0
1065,Team 14,36,11,KICK,0.533698835432901,1,3,1.0527,KICK,0.0
1066,Team 05,30,9,KICK,0.6824383021930649,1,3,1.7043,KICK,0.0
1067,Team 11,33,6,KICK,0.610639233949222,1,3,1.3927,KICK,0.0
1068,Team 07,86,5,PUNT,,,-0.388,-0.388,GO,0.4737
1069,Team 10,15,5,GO,0.35565962521942324,0,-1.5,0.9541,KICK,1.7086
1070,Team 02,90,3,GO,0.563227497954577,0,-3.0,0.0414,GO,0.0
1071,Team 06,54,14,PUNT,,,-0.132,-0.132,PUNT,0.0
1072,Team 07,18,8,KICK,0.8833970308388606,1,3,2.5466,KICK,0.0
1073,Team 09,55,12,GO,0.2143538594376484,0,-2.3,-0.9924,PUNT,0.8524
1074,Team 14,26,10,KICK,0.7658456258197972,1,3,2.0596,KICK,0.0
1075,Team 05,74,8,PUNT,,,-0.292,-0.292,PUNT,0.0
1076,Team 09,67,5,GO,0.5599900585150124,1,3.32,0.7415,GO,0.0
1077,Team 14,84,8,GO,0.2746082927331906,0,-2.88,-1.3642,PUNT,0.9922
1078,Team 04,46,10,KICK,0.2859777732226985,0,-1.336,-0.096,PUNT,0.028
1079,Team 06,55,6,GO,0.4433001665920852,1,3.8,0.4041,GO,0.0
1080,Team 12,55,10,PUNT,,,-0.14,-0.14,PUNT,0.0
1081,Team 13,90,8,PUNT,,,-0.42,-0.42,PUNT,0.0
1082,Team 10,55,9,PUNT,,,-0.14,-0.14,PUNT,0.0
1083,Team 05,89,12,PUNT,,,-0.412,-0.412,PUNT,0.0
1084,Team 14,59,6,GO,0.37019832268003167,1,3.64,-0.1514,GO,0.0
1085,Team 02,63,3,GO,0.563227497954577,1,3.48,0.8856,GO,0.0
1086,Team 08,74,4,GO,0.5266544657992237,0,-2.68,0.3325,GO,0.0
1087,Team 10,25,13,KICK,0.7841471891774855,1,3,2.1366,KICK,0.0
1088,Team 07,61,6,GO,0.4936300767509541,0,-2.42,0.5319,GO,0.0
1089,Team 05,46,2,GO,0.5848647368258585,0,-2.12,1.553,GO,0.0
1090,Team 12,62,9,PUNT,,,-0.196,-0.196,PUNT,0.0
1091,Team 07,78,5,KICK,0.013721159282518925,0,-1.848,-1.7815,GO,2.1149
1092,Team 14,75,9,PUNT,,,-0.3,-0.3,PUNT,0.0
1093,Team 12,17,4,KICK,0.8937850083248244,1,3,2.5887,GO,0.119
1094,Team 09,68,3,GO,0.6639890054498807,0,-2.56,1.3177,GO,0.0
1095,Team 02,51,9,PUNT,,,-0.108,-0.108,PUNT,0.0
1096,Team 05,31,6,KICK,0.6592603884513855,1,3,1.6043,KICK,0.0
1097,Team 01,88,3,PUNT,,,-0.404,-0.404,GO,0.6165
1098,Team 06,47,9,KICK,0.2650274005334813,0,-1.352,-0.1986,PUNT,0.1226
1099,Team 14,58,10,GO,0.1960186755284064,1,3.68,-1.176,PUNT,1.012
1100,Team 09,80,15,PUNT,,,-0.34,-0.34,PUNT,0.0
1101,Team 07,51,1,GO,0.7454553407611428,1,3.96,2.3869,GO,0.0
1102,Team 09,85,10,PUNT,,,-0.38,-0.38,PUNT,0.0
1103,Team 16,87,3,PUNT,,,-0.396,-0.396,GO,0.8473
1104,Team 10,66,8,GO,0.2219648004204538,0,-2.52,-1.2148,PUNT,0.9868
1105,Team 04,50,4,PUNT,,,-0.1,-0.1,GO,0.7763
1106,Team 14,23,1,GO,0.6384478943768523,0,-1.66,2.6431,GO,0.0
1107,Team 16,57,2,GO,0.6713465706923882,1,3.72,1.7284,GO,0.0
1108,Team 11,84,9,GO,0.16976399799278502,0,-2.88,-1.9429,PUNT,1.5709
1109,Team 12,38,9,GO,0.35118128519705183,0,-1.96,0.3016,KICK,0.5155
1110,Team 09,38,6,KICK,0.4812587841214649,0,-1.208,0.8171,GO,0.4769
1111,Team 05,51,3,GO,0.5306555509303387,1,3.96,1.0595,GO,0.0
1112,Team 03,19,5,KICK,0.8721384336809187,1,3,2.5008,KICK,0.0
1113,Team 03,22,2,KICK,0.8327160444615168,1,3,2.3389,KICK,0.0
1114,Team 12,12,15,KICK,0.9343184948673792,1,3,2.7509,KICK,0.0
1115,Team 02,85,4,PUNT,,,-0.38,-0.38,GO,0.2771
1116,Team 06,28,7,KICK,0.7261149812607792,0,-1.048,1.8913,KICK,0.0
1117,Team 13,50,10,GO,0.3222836779454518,0,-2.2,-0.2018,PUNT,0.1018
1118,Team 08,26,2,GO,0.6333740470762804,1,4.96,2.5109,GO,0.0
1119,Team 04,81,13,PUNT,,,-0.348,-0.348,PUNT,0.0
1120,Team 09,18,3,GO,0.6639890054498807,1,5.28,2.9817,GO,0.0
1121,Team 12,51,1,GO,0.7588068543713931,1,3.96,2.4694,GO,0.0
1122,Team 16,90,7,PUNT,,,-0.42,-0.42,PUNT,0.0
1123,Team 14,87,1,GO,0.6384478943768523,1,2.52,0.5459,GO,0.0
1124,Team 01,67,4,GO,0.5289349488921719,1,3.32,0.5596,GO,0.0
1125,Team 06,27,5,KICK,0.7464939833376621,1,3,1.9779,KICK,0.0
1126,Team 14,34,2,GO,0.5862862634331419,1,4.64,1.9426,GO,0.0
1127,Team 08,77,11,PUNT,,,-0.316,-0.316,PUNT,0.0
1128,Team 11,20,13,KICK,0.8599650843722273,1,3,2.4511,KICK,0.0
1129,Team 08,17,8,KICK,0.8937850083248244,1,3,2.5887,KICK,0.0
1130,Team 13,69,11,GO,0.27621863611689645,0,-2.58,-0.9724,PUNT,0.7204
1131,Team 08,52,13,GO,0.13316254353673276,0,-2.24,-1.4197,PUNT,1.3037
1132,Team 13,76,8,PUNT,,,-0.308,-0.308,GO,0.0006
1133,Team 04,17,14,KICK,0.8937850083248244,1,3,2.5887,KICK,0.0
1134,Team 16,46,5,GO,0.5135670971823116,1,4.16,1.1052,GO,0.0
1135,Team 15,27,12,KICK,0.7464939833376621,1,3,1.9779,KICK,0.0
1136,Team 03,17,15,KICK,0.8937850083248244,1,3,2.5887,KICK,0.0
1137,Team 05,19,6,KICK,0.8721384336809187,1,3,2.5008,KICK,0.0
1138,Team 10,41,1,GO,0.570954621992401,0,-2.02,1.6227,GO,0.0
1139,Team 16,78,13,KICK,0.013721159282518925,0,-1.848,-1.7815,PUNT,1.4575
1140,Team 06,36,8,KICK,0.533698835432901,0,-1.176,1.0527,KICK,0.0
1141,Team 11,21,13,KICK,0.8468362842349139,0,-0.936,2.3971,KICK,0.0
1142,Team 15,29,13,PUNT,,,0.068,0.068,KICK,1.7321
1143,Team 02,26,1,KICK,0.7658456258197972,0,-1.016,2.0596,GO,0.6754
1144,Team 02,33,14,KICK,0.610639233949222,1,3,1.3927,KICK,0.0
1145,Team 15,14,14,KICK,0.9201950407592125,1,3,2.6948,KICK,0.0
1146,Team 07,26,1,GO,0.7454553407611428,1,4.96,3.2596,GO,0.0
1147,Team 03,26,4,KICK,0.7658456258197972,1,3,2.0596,KICK,0.0
1148,Team 10,36,12,KICK,0.533698835432901,1,3,1.0527,KICK,0.0
1149,Team 15,77,3,GO,0.5496461081640299,1,2.92,0.371,GO,0.0
1150,Team 06,79,7,PUNT,,,-0.332,-0.332,PUNT,0.0
1151,Team 10,54,9,PUNT,,,-0.132,-0.132,PUNT,0.0
1152,Team 03,82,2,PUNT,,,-0.356,-0.356,GO,0.5632
1153,Team 13,65,14,PUNT,,,-0.22,-0.22,PUNT,0.0
1154,Team 03,72,5,PUNT,,,-0.276,-0.276,PUNT,0.0
1155,Team 02,53,3,GO,0.563227497954577,1,3.88,1.1982,GO,0.0
1156,Team 05,38,1,GO,0.6370946554825867,1,4.48,2.1429,GO,0.0
1157,Team 14,64,14,PUNT,,,-0.212,-0.212,PUNT,0.0
1158,Team 09,73,9,GO,0.34550014746396424,0,-2.66,-0.6768,PUNT,0.3928
1159,Team 08,80,3,GO,0.5809608534948784,0,-2.8,0.4534,GO,0.0
1160,Team 03,28,8,KICK,0.7261149812607792,0,-1.048,1.8913,KICK,0.0
1161,Team 02,24,4,KICK,0.8013892651145572,1,3,2.2087,KICK,0.0
1162,Team 09,48,3,GO,0.6639890054498807,0,-2.16,1.9833,GO,0.0
1163,Team 06,27,6,KICK,0.7464939833376621,1,3,1.9779,KICK,0.0
1164,Team 08,51,7,GO,0.3651035350617658,0,-2.22,0.0363,GO,0.0
1165,Team 13,59,10,PUNT,,,-0.172,-0.172,PUNT,0.0
1166,Team 03,77,14,PUNT,,,-0.316,-0.316,PUNT,0.0
1167,Team 14,87,4,GO,0.4771743507269338,1,2.52,-0.3346,GO,0.0
1168,Team 13,49,3,GO,0.6892688541839076,1,4.04,2.1073,GO,0.0
1169,Team 06,88,13,PUNT,,,-0.404,-0.404,PUNT,0.0
1170,Team 16,10,3,GO,0.6211145745754056,1,5.6,2.9478,GO,0.0
1171,Team 07,81,7,PUNT,,,-0.348,-0.348,PUNT,0.0
1172,Team 02,79,3,GO,0.563227497954577,1,2.84,0.3853,GO,0.0
1173,Team 01,21,12,KICK,0.8468362842349139,1,3,2.3971,KICK,0.0
1174,Team 11,52,15,PUNT,,,-0.116,-0.116,PUNT,0.0
1175,Team 15,77,15,PUNT,,,-0.316,-0.316,PUNT,0.0
1176,Team 02,85,8,GO,0.30032959740928544,0,-2.9,-1.2482,PUNT,0.8682
1177,Team 07,87,3,GO,0.6535134081523024,0,-2.94,0.6282,GO,0.0
1178,Team 11,30,14,KICK,0.6824383021930649,1,3,1.7043,KICK,0.0
1179,Team 05,81,6,PUNT,,,-0.348,-0.348,PUNT,0.0
1180,Team 03,75,4,GO,0.4385270604912484,0,-2.7,-0.2004,GO,0.0
1181,Team 03,81,10,KICK,0.010050813883473765,0,-1.896,-1.8468,PUNT,1.4988
1182,Team 05,32,14,KICK,0.6352948493228072,1,3,1.5003,KICK,0.0
1183,Team 03,55,4,GO,0.4385270604912484,0,-2.3,0.375,GO,0.0
1184,Team 03,78,4,PUNT,,,-0.324,-0.324,GO,0.0373
1185,Team 03,13,5,KICK,0.9275735146384823,1,3,2.7242,KICK,0.0
1186,Team 07,61,14,PUNT,,,-0.188,-0.188,PUNT,0.0
1187,Team 11,71,2,GO,0.48817701060294577,1,3.16,0.2017,GO,0.0
1188,Team 09,63,13,GO,0.1796267562965382,0,-2.46,-1.393,PUNT,1.189
1189,Team 05,16,5,KICK,0.903348789058409,1,3,2.6273,KICK,0.0
1190,Team 03,66,10,PUNT,,,-0.228,-0.228,PUNT,0.0
1191,Team 02,26,11,KICK,0.7658456258197972,1,3,2.0596,KICK,0.0
1192,Team 13,75,9,PUNT,,,-0.3,-0.3,PUNT,0.0
1193,Team 10,80,2,GO,0.5164308431129125,0,-2.8,0.092,GO,0.0
1194,Team 06,40,15,KICK,0.42922838810550845,1,3,0.5799,KICK,0.0
1195,Team 10,22,2,KICK,0.8327160444615168,1,3,2.3389,KICK,0.0
1196,Team 05,43,6,GO,0.36883363288543497,0,-2.06,0.2784,GO,0.0
1197,Team 12,73,9,GO,0.35118128519705183,0,-2.66,-0.6442,PUNT,0.3602
1198,Team 06,71,11,PUNT,,,-0.268,-0.268,PUNT,0.0
1199,Team 03,85,10,PUNT,,,-0.38,-0.38,PUNT,0.0
1200,Team 06,55,11,KICK,0.13470305195202817,0,-1.48,-0.8765,PUNT,0.7365
1201,Team 14,84,11,PUNT,,,-0.372,-0.372,PUNT,0.0
1202,Team 03,61,9,PUNT,,,-0.188,-0.188,PUNT,0.0
1203,Team 02,27,1,KICK,0.7464939833376621,0,-1.032,1.9779,GO,0.7238
1204,Team 06,37,7,KICK,0.5074994375506204,1,3,0.9354,KICK,0.0
1205,Team 13,47,7,KICK,0.2650274005334813,0,-1.352,-0.1986,GO,1.0583
1206,Team 01,76,12,PUNT,,,-0.308,-0.308,PUNT,0.0
1207,Team 07,77,3,GO,0.6535134081523024,0,-2.74,0.9589,GO,0.0
1208,Team 03,76,12,PUNT,,,-0.308,-0.308,PUNT,0.0
1209,Team 01,48,12,PUNT,,,-0.084,-0.084,PUNT,0.0
1210,Team 04,35,10,KICK,0.5597136492671929,0,-1.16,1.1684,KICK,0.0
1211,Team 13,86,1,GO,0.7749896631651041,0,-2.92,1.3269,GO,0.0
1212,Team 06,45,3,GO,0.6064038791149935,0,-2.1,1.7203,GO,0.0
1213,Team 12,72,3,GO,0.6695497215555487,1,3.12,1.2166,GO,0.0
1214,Team 15,40,13,KICK,0.42922838810550845,0,-1.24,0.5799,KICK,0.0
1215,Team 01,45,8,PUNT,,,-0.06,-0.06,KICK,0.0701
1216,Team 06,33,7,KICK,0.610639233949222,0,-1.128,1.3927,KICK,0.0
1217,Team 12,78,7,PUNT,,,-0.324,-0.324,GO,0.1395
1218,Team 15,71,14,PUNT,,,-0.268,-0.268,PUNT,0.0
1219,Team 05,25,6,KICK,0.7841471891774855,1,3,2.1366,KICK,0.0
1220,Team 04,66,8,PUNT,,,-0.228,-0.228,PUNT,0.0
1221,Team 09,44,10,PUNT,,,-0.052,-0.052,KICK,0.1714
1222,Team 11,13,6,KICK,0.9275735146384823,1,3,2.7242,KICK,0.0
1223,Team 08,52,11,KICK,0.175809597088929,0,-1.432,-0.6528,PUNT,0.5368
1224,Team 05,67,3,GO,0.5306555509303387,0,-2.54,0.5696,GO,0.0
1225,Team 09,52,6,GO,0.5052802311918284,1,3.92,0.8725,GO,0.0
1226,Team 13,54,5,GO,0.5882421741646358,1,3.84,1.32,GO,0.0
1227,Team 16,16,12,KICK,0.903348789058409,1,3,2.6273,KICK,0.0
1228,Team 08,26,10,KICK,0.7658456258197972,0,-1.016,2.0596,KICK,0.0
1229,Team 08,12,1,GO,0.682810727672691,1,5.52,3.3124,GO,0.0
1230,Team 01,74,11,GO,0.19401483007764866,0,-2.68,-1.5702,PUNT,1.2782
1231,Team 03,31,5,KICK,0.6592603884513855,1,3,1.6043,KICK,0.0
1232,Team 02,55,9,GO,0.2562161887145722,0,-2.3,-0.7371,PUNT,0.5971
1233,Team 14,46,11,PUNT,,,-0.068,-0.068,PUNT,0.0
1234,Team 01,36,9,KICK,0.533698835432901,1,3,1.0527,KICK,0.0
1235,Team 14,17,7,KICK,0.8937850083248244,1,3,2.5887,KICK,0.0
1236,Team 16,52,14,PUNT,,,-0.116,-0.116,PUNT,0.0
1237,Team 03,67,2,GO,0.5480655976092276,0,-2.54,0.6717,GO,0.0
1238,Team 06,29,15,KICK,0.7047456979980911,0,-1.064,1.8001,KICK,0.0
1239,Team 14,46,2,KICK,0.2859777732226985,0,-1.336,-0.096,GO,1.6579
1240,Team 01,67,1,GO,0.6847891621792315,0,-2.54,1.4729,GO,0.0
1241,Team 14,39,13,KICK,0.45512110762641994,0,-1.224,0.6984,KICK,0.0
1242,Team 12,86,2,GO,0.7162933940110477,1,2.56,1.0053,GO,0.0
1243,Team 13,76,15,PUNT,,,-0.308,-0.308,PUNT,0.0
1244,Team 12,73,1,GO,0.7588068543713931,1,3.08,1.6956,GO,0.0
1245,Team 15,15,12,KICK,0.9121360851706988,0,-0.84,2.6626,KICK,0.0
1246,Team 08,16,13,KICK,0.903348789058409,1,3,2.6273,KICK,0.0
1247,Team 08,49,11,GO,0.19258798623969967,0,-2.18,-0.9821,PUNT,0.8901
1248,Team 01,47,10,PUNT,,,-0.076,-0.076,PUNT,0.0
1249,Team 15,21,5,KICK,0.8468362842349139,0,-0.936,2.3971,KICK,0.0
1250,Team 16,83,8,GO,0.35303653218502695,0,-2.86,-0.9042,PUNT,0.5402
1251,Team 05,54,10,PUNT,,,-0.132,-0.132,PUNT,0.0
1252,Team 05,75,7,PUNT,,,-0.3,-0.3,PUNT,0.0
1253,Team 15,54,11,PUNT,,,-0.132,-0.132,PUNT,0.0
1254,Team 05,31,9,KICK,0.6592603884513855,0,-1.096,1.6043,KICK,0.0
1255,Team 13,22,3,GO,0.6892688541839076,1,5.12,3.0195,GO,0.0
1256,Team 14,72,3,GO,0.532114204592694,1,3.12,0.425,GO,0.0
1257,Team 11,33,1,GO,0.5430678179428203,0,-1.86,1.6917,GO,0.0
1258,Team 03,18,9,KICK,0.8833970308388606,1,3,2.5466,KICK,0.0
1259,Team 15,71,15,PUNT,,,-0.268,-0.268,PUNT,0.0
1260,Team 08,55,15,PUNT,,,-0.14,-0.14,PUNT,0.0
1261,Team 15,71,8,PUNT,,,-0.268,-0.268,PUNT,0.0
1262,Team 15,81,13,PUNT,,,-0.348,-0.348,PUNT,0.0
1263,Team 12,81,11,PUNT,,,-0.348,-0.348,PUNT,0.0
1264,Team 11,85,3,GO,0.4335698705359307,1,2.6,-0.5154,PUNT,0.1354
1265,Team 05,76,6,PUNT,,,-0.308,-0.308,PUNT,0.0
1266,Team 03,35,1,GO,0.6017729612434263,0,-1.9,2.0115,GO,0.0
1267,Team 16,41,11,KICK,0.40371730070321227,1,3,0.4622,KICK,0.0
1268,Team 05,51,1,GO,0.6370946554825867,1,3.96,1.7172,GO,0.0
1269,Team 06,46,13,PUNT,,,-0.068,-0.068,PUNT,0.0
1270,Team 07,15,15,KICK,0.9121360851706988,1,3,2.6626,KICK,0.0
1271,Team 16,61,13,PUNT,,,-0.188,-0.188,PUNT,0.0
1272,Team 12,13,6,GO,0.5115352589374579,0,-1.46,2.0901,KICK,0.6341
1273,Team 07,61,8,PUNT,,,-0.188,-0.188,GO,0.0744
1274,Team 05,25,2,GO,0.5848647368258585,1,5.0,2.2186,GO,0.0
1275,Team 07,77,14,PUNT,,,-0.316,-0.316,PUNT,0.0
1276,Team 02,33,2,GO,0.6163941829217663,1,4.68,2.1712,GO,0.0
1277,Team 09,69,7,GO,0.45044365998876706,0,-2.58,0.0416,GO,0.0
1278,Team 15,75,6,GO,0.386805767152458,0,-2.7,-0.4952,PUNT,0.1952
1279,Team 04,69,8,GO,0.2641325125711688,1,3.24,-1.0427,PUNT,0.7907
1280,Team 05,12,8,KICK,0.9343184948673792,1,3,2.7509,KICK,0.0
1281,Team 09,22,15,KICK,0.8327160444615168,1,3,2.3389,KICK,0.0
1282,Team 01,30,5,GO,0.4739908119572121,0,-1.8,1.3283,KICK,0.376
1283,Team 07,68,12,PUNT,,,-0.244,-0.244,PUNT,0.0
1284,Team 10,18,7,KICK,0.8833970308388606,1,3,2.5466,KICK,0.0
1285,Team 11,83,13,PUNT,,,-0.364,-0.364,PUNT,0.0
1286,Team 02,82,6,PUNT,,,-0.356,-0.356,PUNT,0.0
1287,Team 11,33,5,KICK,0.610639233949222,1,3,1.3927,KICK,0.0
1288,Team 16,54,14,GO,0.12722525887971842,0,-2.28,-1.5014,PUNT,1.3694
1289,Team 12,89,13,PUNT,,,-0.412,-0.412,PUNT,0.0
1290,Team 15,24,6,GO,0.386805767152458,0,-1.68,0.9193,KICK,1.2894
1291,Team 09,56,7,GO,0.45044365998876706,1,3.76,0.4187,GO,0.0
1292,Team 02,35,13,KICK,0.5597136492671929,1,3,1.1684,KICK,0.0
1293,Team 15,31,3,KICK,0.6592603884513855,1,3,1.6043,GO,0.1923
1294,Team 13,36,6,GO,0.5341227138507878,0,-1.92,1.5411,GO,0.0
1295,Team 13,21,6,KICK,0.8468362842349139,1,3,2.3971,KICK,0.0
1296,Team 06,58,5,PUNT,,,-0.164,-0.164,GO,0.8123
1297,Team 12,57,11,PUNT,,,-0.156,-0.156,PUNT,0.0
1298,Team 13,62,9,PUNT,,,-0.196,-0.196,PUNT,0.0
1299,Team 01,39,11,KICK,0.45512110762641994,0,-1.224,0.6984,KICK,0.0
1300,Team 03,36,6,PUNT,,,0.012,0.012,KICK,1.0407
1301,Team 15,67,9,PUNT,,,-0.236,-0.236,PUNT,0.0
1302,Team 06,10,1,GO,0.7052076153533808,0,-1.4,3.5365,GO,0.0
1303,Team 14,58,10,PUNT,,,-0.164,-0.164,PUNT,0.0
1304,Team 08,59,2,GO,0.6333740470762804,0,-2.38,1.4329,GO,0.0
1305,Team 01,21,10,KICK,0.8468362842349139,0,-0.936,2.3971,KICK,0.0
1306,Team 02,27,2,GO,0.6163941829217663,0,-1.74,2.3652,GO,0.0
1307,Team 14,35,10,KICK,0.5597136492671929,0,-1.16,1.1684,KICK,0.0
1308,Team 03,19,1,KICK,0.8721384336809187,1,3,2.5008,GO,0.0233
1309,Team 05,64,7,PUNT,,,-0.212,-0.212,PUNT,0.0
1310,Team 11,56,15,PUNT,,,-0.148,-0.148,PUNT,0.0
1311,Team 06,87,10,PUNT,,,-0.396,-0.396,PUNT,0.0
1312,Team 09,29,11,KICK,0.7047456979980911,1,3,1.8001,KICK,0.0
1313,Team 01,42,12,KICK,0.37871640480893237,0,-1.272,0.3459,KICK,0.0
1314,Team 13,47,7,PUNT,,,-0.076,-0.076,GO,0.9357
1315,Team 06,40,6,GO,0.4433001665920852,0,-2.0,0.8371,GO,0.0
1316,Team 12,50,5,KICK,0.20833350927014557,0,-1.4,-0.4833,GO,1.7934
1317,Team 15,70,11,PUNT,,,-0.26,-0.26,PUNT,0.0
1318,Team 01,12,1,GO,0.6847891621792315,0,-1.44,3.3261,GO,0.0
1319,Team 06,46,15,KICK,0.2859777732226985,0,-1.336,-0.096,PUNT,0.028
1320,Team 09,89,5,PUNT,,,-0.412,-0.412,GO,0.4671
1321,Team 11,48,1,GO,0.5430678179428203,1,4.08,1.2287,GO,0.0
1322,Team 05,46,5,GO,0.42135247739455595,0,-2.12,0.5261,GO,0.0
1323,Team 08,16,12,KICK,0.903348789058409,1,3,2.6273,KICK,0.0
1324,Team 05,84,3,GO,0.5306555509303387,0,-2.88,0.0492,GO,0.0
1325,Team 01,49,9,KICK,0.22618142573054625,0,-1.384,-0.3924,PUNT,0.3004
1326,Team 06,15,14,KICK,0.9121360851706988,1,3,2.6626,KICK,0.0
1327,Team 06,16,14,KICK,0.903348789058409,1,3,2.6273,KICK,0.0
1328,Team 13,15,12,KICK,0.9121360851706988,1,3,2.6626,KICK,0.0
1329,Team 12,57,6,GO,0.5115352589374579,1,3.72,0.7599,GO,0.0
1330,Team 03,53,11,PUNT,,,-0.124,-0.124,PUNT,0.0
1331,Team 05,54,9,PUNT,,,-0.132,-0.132,PUNT,0.0
1332,Team 07,41,4,GO,0.6021709365103962,1,4.36,1.8219,GO,0.0
1333,Team 13,85,5,GO,0.5882421741646358,1,2.6,0.3353,GO,0.0
1334,Team 13,23,13,KICK,0.8175744761936437,1,3,2.2761,KICK,0.0
1335,Team 16,20,15,KICK,0.8599650843722273,1,3,2.4511,KICK,0.0
1336,Team 11,41,13,KICK,0.40371730070321227,0,-1.256,0.4622,KICK,0.0
1337,Team 08,52,9,GO,0.27026451250767497,0,-2.24,-0.5752,PUNT,0.4592
1338,Team 15,24,4,GO,0.4948104192229929,1,5.04,1.6451,KICK,0.5636
1339,Team 04,13,15,KICK,0.9275735146384823,1,3,2.7242,KICK,0.0
1340,Team 03,74,12,PUNT,,,-0.292,-0.292,PUNT,0.0
1341,Team 05,58,2,GO,0.5848647368258585,0,-2.36,1.1726,GO,0.0
1342,Team 03,87,3,PUNT,,,-0.396,-0.396,GO,0.149
1343,Team 08,20,15,KICK,0.8599650843722273,0,-0.92,2.4511,KICK,0.0
1344,Team 07,47,14,PUNT,,,-0.076,-0.076,PUNT,0.0
1345,Team 16,89,14,PUNT,,,-0.412,-0.412,PUNT,0.0
1346,Team 13,36,4,GO,0.6403084946867348,1,4.56,2.2292,GO,0.0
1347,Team 02,60,6,PUNT,,,-0.18,-0.18,GO,0.1796
1348,Team 08,69,2,GO,0.6333740470762804,1,3.24,1.1062,GO,0.0
1349,Team 03,21,11,KICK,0.8468362842349139,1,3,2.3971,KICK,0.0
1350,Team 11,41,3,GO,0.4335698705359307,1,4.36,0.7462,GO,0.0
1351,Team 13,40,11,GO,0.27621863611689645,1,4.4,-0.2322,KICK,0.8121
1352,Team 08,20,1,GO,0.682810727672691,1,5.2,3.0431,GO,0.0
1353,Team 03,64,11,PUNT,,,-0.212,-0.212,PUNT,0.0
1354,Team 03,57,9,PUNT,,,-0.156,-0.156,PUNT,0.0
1355,Team 02,69,12,PUNT,,,-0.252,-0.252,PUNT,0.0
1356,Team 10,79,11,PUNT,,,-0.332,-0.332,PUNT,0.0
1357,Team 12,36,9,KICK,0.533698835432901,0,-1.176,1.0527,KICK,0.0
1358,Team 06,85,15,PUNT,,,-0.38,-0.38,PUNT,0.0
1359,Team 08,14,4,KICK,0.9201950407592125,1,3,2.6948,KICK,0.0
1360,Team 07,31,6,GO,0.4936300767509541,1,4.76,1.4281,KICK,0.1762
1361,Team 07,52,5,GO,0.5484769739869401,1,3.92,1.1386,GO,0.0
1362,Team 14,71,6,PUNT,,,-0.268,-0.268,PUNT,0.0
1363,Team 15,28,7,GO,0.3360919074183416,0,-1.76,0.4717,KICK,1.4197
1364,Team 02,82,15,PUNT,,,-0.356,-0.356,PUNT,0.0
1365,Team 06,12,2,GO,0.6575107676168527,0,-1.44,3.1363,GO,0.0
1366,Team 12,49,8,PUNT,,,-0.092,-0.092,GO,0.4174
1367,Team 15,11,5,KICK,0.9404756340234984,1,3,2.7752,KICK,0.0
1368,Team 08,16,2,KICK,0.903348789058409,1,3,2.6273,GO,0.2103
1369,Team 12,40,8,GO,0.402790649617937,1,4.4,0.5779,KICK,0.0021
1370,Team 01,68,11,PUNT,,,-0.244,-0.244,PUNT,0.0
1371,Team 13,44,14,PUNT,,,-0.052,-0.052,KICK,0.1714
1372,Team 03,68,10,PUNT,,,-0.244,-0.244,PUNT,0.0
1373,Team 11,61,9,PUNT,,,-0.188,-0.188,PUNT,0.0
1374,Team 15,56,1,GO,0.6545818519692127,1,3.76,1.6599,GO,0.0
1375,Team 09,23,4,GO,0.6132802431683475,1,5.08,2.4735,GO,0.0
1376,Team 14,39,1,GO,0.6384478943768523,1,4.44,2.1188,GO,0.0
1377,Team 07,45,12,KICK,0.3078904956982119,1,3,0.0101,KICK,0.0
1378,Team 11,89,8,PUNT,,,-0.412,-0.412,PUNT,0.0
1379,Team 12,15,11,KICK,0.9121360851706988,1,3,2.6626,KICK,0.0
1380,Team 10,68,15,KICK,0.038235691765958195,0,-1.688,-1.5088,PUNT,1.2648
1381,Team 06,73,9,PUNT,,,-0.284,-0.284,PUNT,0.0
1382,Team 06,75,1,GO,0.7052076153533808,1,3.0,1.3197,GO,0.0
1383,Team 04,43,7,KICK,0.35434369377420466,0,-1.288,0.2314,KICK,0.0
1384,Team 12,78,14,PUNT,,,-0.324,-0.324,PUNT,0.0
1385,Team 05,17,15,KICK,0.8937850083248244,1,3,2.5887,KICK,0.0
1386,Team 11,60,6,PUNT,,,-0.18,-0.18,PUNT,0.0
1387,Team 12,84,10,PUNT,,,-0.372,-0.372,PUNT,0.0
1388,Team 09,65,12,PUNT,,,-0.22,-0.22,PUNT,0.0
1389,Team 03,15,10,KICK,0.9121360851706988,1,3,2.6626,KICK,0.0
1390,Team 09,86,12,PUNT,,,-0.388,-0.388,PUNT,0.0
1391,Team 10,57,1,GO,0.570954621992401,1,3.72,1.12,GO,0.0
1392,Team 03,14,11,KICK,0.9201950407592125,1,3,2.6948,KICK,0.0
1393,Team 13,66,13,KICK,0.046752805099547774,0,-1.656,-1.4383,PUNT,1.2103
1394,Team 14,72,14,PUNT,,,-0.276,-0.276,PUNT,0.0
1395,Team 04,82,13,PUNT,,,-0.356,-0.356,PUNT,0.0
1396,Team 07,53,4,GO,0.6021709365103962,1,3.88,1.4373,GO,0.0
1397,Team 12,61,5,GO,0.5661473020656971,1,3.56,0.9656,GO,0.0
1398,Team 07,89,5,GO,0.5484769739869401,0,-2.98,-0.0073,GO,0.0
1399,Team 03,27,4,KICK,0.7464939833376621,0,-1.032,1.9779,KICK,0.0
1400,Team 15,61,7,GO,0.3360919074183416,0,-2.42,-0.4102,PUNT,0.2222
1401,Team 05,14,12,KICK,0.9201950407592125,1,3,2.6948,KICK,0.0
1402,Team 03,43,14,PUNT,,,-0.044,-0.044,KICK,0.2754
1403,Team 07,49,8,KICK,0.22618142573054625,0,-1.384,-0.3924,GO,0.6114
1404,Team 01,71,2,GO,0.6354962284153843,0,-2.62,1.0532,GO,0.0
1405,Team 01,72,6,GO,0.41966938533727444,1,3.12,-0.2227,GO,0.0
1406,Team 15,49,2,GO,0.6033015971633345,1,4.04,1.5725,GO,0.0
1407,Team 05,74,13,PUNT,,,-0.292,-0.292,PUNT,0.0
1408,Team 07,41,13,PUNT,,,-0.028,-0.028,KICK,0.4902
1409,Team 15,76,7,PUNT,,,-0.308,-0.308,PUNT,0.0
1410,Team 06,33,13,KICK,0.610639233949222,0,-1.128,1.3927,KICK,0.0
1411,Team 02,71,14,PUNT,,,-0.268,-0.268,PUNT,0.0
1412,Team 06,84,6,PUNT,,,-0.372,-0.372,PUNT,0.0
1413,Team 08,78,6,GO,0.41744252810344173,0,-2.76,-0.4056,PUNT,0.0816
1414,Team 04,89,15,PUNT,,,-0.412,-0.412,PUNT,0.0
1415,Team 11,83,2,GO,0.48817701060294577,0,-2.86,-0.1555,GO,0.0
1416,Team 06,10,7,KICK,0.9460888925720083,1,3,2.7973,KICK,0.0
1417,Team 13,23,1,GO,0.7749896631651041,1,5.08,3.5634,GO,0.0
1418,Team 10,12,5,KICK,0.9343184948673792,1,3,2.7509,KICK,0.0
1419,Team 11,83,15,PUNT,,,-0.364,-0.364,PUNT,0.0
1420,Team 04,29,2,KICK,0.7047456979980911,1,3,1.8001,GO,0.2153
1421,Team 03,47,12,PUNT,,,-0.076,-0.076,PUNT,0.0
1422,Team 10,20,2,KICK,0.8599650843722273,1,3,2.4511,KICK,0.0
1423,Team 13,33,4,GO,0.6403084946867348,0,-1.86,2.3276,GO,0.0
1424,Team 12,84,6,PUNT,,,-0.372,-0.372,GO,0.3157
1425,Team 15,58,8,PUNT,,,-0.164,-0.164,PUNT,0.0
1426,Team 12,46,10,KICK,0.2859777732226985,0,-1.336,-0.096,PUNT,0.028
1427,Team 06,52,9,KICK,0.175809597088929,0,-1.432,-0.6528,PUNT,0.5368
1428,Team 15,52,1,GO,0.6545818519692127,1,3.92,1.7922,GO,0.0
1429,Team 07,61,11,PUNT,,,-0.188,-0.188,PUNT,0.0
1430,Team 12,46,8,GO,0.402790649617937,1,4.16,0.4095,GO,0.0
1431,Team 13,28,10,KICK,0.7261149812607792,1,3,1.8913,KICK,0.0
1432,Team 15,14,14,KICK,0.9201950407592125,1,3,2.6948,KICK,0.0
1433,Team 15,19,11,KICK,0.8721384336809187,1,3,2.5008,KICK,0.0
1434,Team 08,41,7,KICK,0.40371730070321227,0,-1.256,0.4622,KICK,0.0
1435,Team 12,43,4,GO,0.6191988694215159,1,4.28,1.8657,GO,0.0
1436,Team 16,51,12,PUNT,,,-0.108,-0.108,PUNT,0.0
1437,Team 10,59,7,PUNT,,,-0.172,-0.172,PUNT,0.0
1438,Team 01,47,13,PUNT,,,-0.076,-0.076,PUNT,0.0
1439,Team 08,84,15,PUNT,,,-0.372,-0.372,PUNT,0.0
1440,Team 01,40,12,KICK,0.42922838810550845,0,-1.24,0.5799,KICK,0.0
1441,Team 03,82,14,KICK,0.009058068762720846,0,-1.912,-1.8675,PUNT,1.5115
1442,Team 05,84,10,PUNT,,,-0.372,-0.372,PUNT,0.0
1443,Team 12,63,7,GO,0.4566464446563816,1,3.48,0.2525,GO,0.0
1444,Team 01,79,5,PUNT,,,-0.332,-0.332,GO,0.2158
1445,Team 13,36,4,KICK,0.533698835432901,1,3,1.0527,GO,1.1765
1446,Team 07,84,11,PUNT,,,-0.372,-0.372,PUNT,0.0
1447,Team 02,23,12,KICK,0.8175744761936437,1,3,2.2761,KICK,0.0
1448,Team 03,48,4,GO,0.4385270604912484,0,-2.16,0.5764,GO,0.0
1449,Team 03,42,8,KICK,0.37871640480893237,1,3,0.3459,KICK,0.0
1450,Team 06,41,5,GO,0.4980552402097736,1,4.36,1.1576,GO,0.0
1451,Team 05,63,5,GO,0.42135247739455595,0,-2.46,0.0428,GO,0.0
1452,Team 13,48,15,PUNT,,,-0.084,-0.084,PUNT,0.0
1453,Team 08,68,15,PUNT,,,-0.244,-0.244,PUNT,0.0
1454,Team 13,78,8,PUNT,,,-0.324,-0.324,PUNT,0.0
1455,Team 02,14,10,KICK,0.9201950407592125,1,3,2.6948,KICK,0.0
1456,Team 13,58,2,GO,0.7343299545462806,0,-2.36,2.0754,GO,0.0
1457,Team 01,88,15,PUNT,,,-0.404,-0.404,PUNT,0.0
1458,Team 09,59,2,GO,0.7111799598144781,0,-2.38,1.9013,GO,0.0
1459,Team 07,85,2,GO,0.7015142308273599,1,2.6,0.9583,GO,0.0
1460,Team 15,12,14,KICK,0.9343184948673792,1,3,2.7509,KICK,0.0
1461,Team 11,27,1,GO,0.5430678179428203,1,4.92,1.8768,KICK,0.101
1462,Team 13,46,12,GO,0.23445996738575048,0,-2.12,-0.6476,PUNT,0.5796
1463,Team 01,50,1,GO,0.6847891621792315,1,4.0,2.0457,GO,0.0
1464,Team 05,50,6,GO,0.36883363288543497,0,-2.2,0.0868,GO,0.0
1465,Team 12,89,6,GO,0.5115352589374579,0,-2.98,-0.2075,GO,0.0
1466,Team 11,59,5,PUNT,,,-0.172,-0.172,PUNT,0.0
1467,Team 04,70,6,PUNT,,,-0.26,-0.26,PUNT,0.0
1468,Team 07,18,10,KICK,0.8833970308388606,0,-0.888,2.5466,KICK,0.0
1469,Team 14,89,1,PUNT,,,-0.412,-0.412,GO,0.8924
1470,Team 16,89,6,PUNT,,,-0.412,-0.412,PUNT,0.0
1471,Team 16,32,9,KICK,0.6352948493228072,1,3,1.5003,KICK,0.0
1472,Team 16,90,5,GO,0.5135670971823116,0,-3.0,-0.2267,GO,0.0
1473,Team 16,85,6,GO,0.45866498212655793,1,2.6,-0.3773,GO,0.0
1474,Team 14,21,12,KICK,0.8468362842349139,1,3,2.3971,KICK,0.0
1475,Team 12,67,1,GO,0.7588068543713931,1,3.32,1.9066,GO,0.0
1476,Team 02,25,7,KICK,0.7841471891774855,1,3,2.1366,KICK,0.0
1477,Team 10,21,15,KICK,0.8468362842349139,1,3,2.3971,KICK,0.0
1478,Team 04,71,5,GO,0.4098467016511046,0,-2.62,-0.2511,GO,0.0
1479,Team 04,48,13,PUNT,,,-0.084,-0.084,PUNT,0.0
1480,Team 12,33,7,KICK,0.610639233949222,1,3,1.3927,KICK,0.0
1481,Team 05,50,9,KICK,0.20833350927014557,0,-1.4,-0.4833,PUNT,0.3833
1482,Team 09,10,9,KICK,0.9460888925720083,0,-0.76,2.7973,KICK,0.0
1483,Team 09,80,13,PUNT,,,-0.34,-0.34,PUNT,0.0
1484,Team 02,25,7,KICK,0.7841471891774855,1,3,2.1366,KICK,0.0
1485,Team 03,19,11,KICK,0.8721384336809187,1,3,2.5008,KICK,0.0
1486,Team 16,53,4,GO,0.5681437558388193,1,3.88,1.2284,GO,0.0
1487,Team 13,52,3,GO,0.6892688541839076,1,3.92,2.0059,GO,0.0
1488,Team 11,33,8,PUNT,,,0.036,0.036,KICK,1.3567
1489,Team 06,73,4,PUNT,,,-0.284,-0.284,GO,0.7974
1490,Team 02,69,7,PUNT,,,-0.252,-0.252,PUNT,0.0
1491,Team 05,34,14,PUNT,,,0.028,0.028,KICK,1.2539
1492,Team 11,25,8,KICK,0.7841471891774855,1,3,2.1366,KICK,0.0
1493,Team 08,10,8,KICK,0.9460888925720083,1,3,2.7973,KICK,0.0
1494,Team 08,31,4,GO,0.5266544657992237,1,4.76,1.6454,GO,0.0
1495,Team 04,67,12,KICK,0.042289771842033794,0,-1.672,-1.4744,PUNT,1.2384
1496,Team 04,90,15,PUNT,,,-0.42,-0.42,PUNT,0.0
1497,Team 10,90,11,PUNT,,,-0.42,-0.42,PUNT,0.0
1498,Team 09,50,9,PUNT,,,-0.1,-0.1,GO,0.0421
1499,Team 09,31,11,KICK,0.6592603884513855,0,-1.096,1.6043,KICK,0.0
1500,Team 11,34,13,KICK,0.5854045691294653,0,-1.144,1.2819,KICK,0.0
1501,Team 11,28,15,KICK,0.7261149812607792,1,3,1.8913,KICK,0.0
1502,Team 16,73,1,GO,0.7179431443239072,1,3.08,1.461,GO,0.0
1503,Team 06,85,11,PUNT,,,-0.38,-0.38,PUNT,0.0
1504,Team 08,87,15,PUNT,,,-0.396,-0.396,PUNT,0.0
1505,Team 11,54,12,PUNT,,,-0.132,-0.132,PUNT,0.0
1506,Team 15,54,8,PUNT,,,-0.132,-0.132,PUNT,0.0
1507,Team 14,38,10,KICK,0.4812587841214649,0,-1.208,0.8171,KICK,0.0
1508,Team 08,46,14,KICK,0.2859777732226985,0,-1.336,-0.096,PUNT,0.028
1509,Team 14,80,5,PUNT,,,-0.34,-0.34,PUNT,0.0
1510,Team 01,32,8,KICK,0.6352948493228072,0,-1.112,1.5003,KICK,0.0
1511,Team 09,50,3,GO,0.6639890054498807,1,4.0,1.9167,GO,0.0
1512,Team 01,25,6,KICK,0.7841471891774855,0,-1.0,2.1366,KICK,0.0
1513,Team 06,37,6,GO,0.4433001665920852,0,-1.94,0.9237,KICK,0.0117
1514,Team 01,43,2,GO,0.6354962284153843,0,-2.06,1.969,GO,0.0
1515,Team 10,62,13,PUNT,,,-0.196,-0.196,PUNT,0.0
1516,Team 01,61,15,PUNT,,,-0.188,-0.188,PUNT,0.0
1517,Team 10,86,11,PUNT,,,-0.388,-0.388,PUNT,0.0
1518,Team 05,32,14,KICK,0.6352948493228072,1,3,1.5003,KICK,0.0
1519,Team 06,55,8,PUNT,,,-0.14,-0.14,PUNT,0.0
1520,Team 14,47,6,GO,0.37019832268003167,0,-2.14,0.1774,GO,0.0
1521,Team 08,15,6,KICK,0.9121360851706988,1,3,2.6626,KICK,0.0
1522,Team 11,39,1,KICK,0.45512110762641994,0,-1.224,0.6984,GO,0.8081
1523,Team 04,28,2,GO,0.5733178358600778,1,4.88,2.0468,GO,0.0
1524,Team 14,18,10,KICK,0.8833970308388606,1,3,2.5466,KICK,0.0
1525,Team 06,49,15,PUNT,,,-0.092,-0.092,PUNT,0.0
1526,Team 13,60,6,GO,0.5341227138507878,1,3.6,0.8047,GO,0.0
1527,Team 09,55,1,GO,0.7541967228490082,0,-2.3,2.3006,GO,0.0
1528,Team 05,19,1,GO,0.6370946554825867,0,-1.58,2.765,GO,0.0
1529,Team 09,23,2,KICK,0.8175744761936437,1,3,2.2761,GO,0.8572
1530,Team 12,35,10,KICK,0.5597136492671929,1,3,1.1684,KICK,0.0
1531,Team 06,51,6,KICK,0.19154534856146757,0,-1.416,-0.5701,GO,1.0897
1532,Team 02,64,9,PUNT,,,-0.212,-0.212,PUNT,0.0
1533,Team 05,13,14,KICK,0.9275735146384823,1,3,2.7242,KICK,0.0
1534,Team 08,19,13,KICK,0.8721384336809187,0,-0.904,2.5008,KICK,0.0
1535,Team 04,49,14,PUNT,,,-0.092,-0.092,PUNT,0.0
1536,Team 01,10,14,KICK,0.9460888925720083,1,3,2.7973,KICK,0.0
1537,Team 01,82,12,PUNT,,,-0.356,-0.356,PUNT,0.0
1538,Team 15,19,14,KICK,0.8721384336809187,1,3,2.5008,KICK,0.0
1539,Team 12,83,4,GO,0.6191988694215159,1,2.68,0.5704,GO,0.0
1540,Team 03,45,5,PUNT,,,-0.06,-0.06,GO,0.3873
1541,Team 05,23,2,KICK,0.8175744761936437,1,3,2.2761,GO,0.0059
1542,Team 02,64,2,GO,0.6163941829217663,0,-2.48,1.1691,GO,0.0
1543,Team 04,72,12,PUNT,,,-0.276,-0.276,PUNT,0.0
1544,Team 01,65,8,GO,0.3177501098281303,0,-2.5,-0.6253,PUNT,0.4053
1545,Team 03,67,14,PUNT,,,-0.236,-0.236,PUNT,0.0
1546,Team 13,16,1,GO,0.7749896631651041,1,5.36,3.8119,GO,0.0
1547,Team 01,33,1,GO,0.6847891621792315,1,4.68,2.6185,GO,0.0
1548,Team 09,58,9,PUNT,,,-0.164,-0.164,PUNT,0.0
1549,Team 12,76,8,GO,0.402790649617937,1,2.96,-0.4321,PUNT,0.1241
1550,Team 09,67,1,GO,0.7541967228490082,1,3.32,1.8796,GO,0.0
1551,Team 06,16,14,KICK,0.903348789058409,1,3,2.6273,KICK,0.0
1552,Team 16,60,13,PUNT,,,-0.18,-0.18,PUNT,0.0
1553,Team 15,49,8,GO,0.2888945335324451,0,-2.18,-0.3831,PUNT,0.2911
1554,Team 14,10,5,KICK,0.9460888925720083,1,3,2.7973,KICK,0.0
1555,Team 08,52,4,GO,0.5266544657992237,0,-2.24,1.0042,GO,0.0
1556,Team 06,44,5,KICK,0.33070459722255413,0,-1.304,0.1194,GO,0.9484
1557,Team 05,13,1,KICK,0.9275735146384823,1,3,2.7242,GO,0.2372
1558,Team 03,71,2,GO,0.5480655976092276,0,-2.62,0.5478,GO,0.0
1559,Team 14,20,5,KICK,0.8599650843722273,1,3,2.4511,KICK,0.0
1560,Team 10,82,6,PUNT,,,-0.356,-0.356,PUNT,0.0
1561,Team 06,19,2,GO,0.6575107676168527,1,5.24,2.9042,GO,0.0
1562,Team 01,19,5,KICK,0.8721384336809187,1,3,2.5008,KICK,0.0
1563,Team 07,45,4,GO,0.6021709365103962,0,-2.1,1.6937,GO,0.0
1564,Team 11,49,11,PUNT,,,-0.092,-0.092,PUNT,0.0
1565,Team 09,29,7,KICK,0.7047456979980911,1,3,1.8001,KICK,0.0
1566,Team 09,55,7,GO,0.45044365998876706,0,-2.3,0.4477,GO,0.0
1567,Team 15,61,9,PUNT,,,-0.188,-0.188,PUNT,0.0
1568,Team 03,43,2,GO,0.5480655976092276,1,4.28,1.4147,GO,0.0
1569,Team 02,29,2,KICK,0.7047456979980911,0,-1.064,1.8001,GO,0.5004
1570,Team 06,85,14,PUNT,,,-0.38,-0.38,PUNT,0.0
1571,Team 15,32,10,KICK,0.6352948493228072,1,3,1.5003,KICK,0.0
1572,Team 11,90,13,PUNT,,,-0.42,-0.42,PUNT,0.0
1573,Team 06,12,9,KICK,0.9343184948673792,1,3,2.7509,KICK,0.0
1574,Team 09,42,12,PUNT,,,-0.036,-0.036,KICK,0.3819
1575,Team 11,34,12,KICK,0.5854045691294653,0,-1.144,1.2819,KICK,0.0
1576,Team 13,54,9,KICK,0.14741766105380757,0,-1.464,-0.8059,GO,0.8031
1577,Team 01,11,3,GO,0.583186768451493,0,-1.42,2.6506,KICK,0.1246
1578,Team 11,66,5,KICK,0.046752805099547774,0,-1.656,-1.4383,PUNT,1.2103
1579,Team 08,66,10,PUNT,,,-0.228,-0.228,PUNT,0.0
1580,Team 11,81,11,PUNT,,,-0.348,-0.348,PUNT,0.0
1581,Team 12,21,9,KICK,0.8468362842349139,1,3,2.3971,KICK,0.0
1582,Team 09,42,3,GO,0.6639890054498807,0,-2.04,2.183,GO,0.0
1583,Team 06,87,9,PUNT,,,-0.396,-0.396,PUNT,0.0
1584,Team 13,86,6,PUNT,,,-0.388,-0.388,GO,0.395
1585,Team 04,55,13,PUNT,,,-0.14,-0.14,PUNT,0.0
1586,Team 08,72,1,GO,0.682810727672691,1,3.12,1.293,GO,0.0
1587,Team 03,11,4,KICK,0.9404756340234984,1,3,2.7752,KICK,0.0
1588,Team 12,42,12,KICK,0.37871640480893237,1,3,0.3459,KICK,0.0
1589,Team 08,70,2,GO,0.6333740470762804,1,3.2,1.0736,GO,0.0
1590,Team 16,55,3,GO,0.6211145745754056,0,-2.3,1.4888,GO,0.0
1591,Team 01,76,7,PUNT,,,-0.308,-0.308,PUNT,0.0
1592,Team 08,49,1,GO,0.682810727672691,0,-2.18,2.0671,GO,0.0
1593,Team 04,55,11,PUNT,,,-0.14,-0.14,PUNT,0.0
1594,Team 13,33,4,KICK,0.610639233949222,0,-1.128,1.3927,GO,0.9349
1595,Team 04,89,2,PUNT,,,-0.412,-0.412,GO,0.5394
1596,Team 01,26,10,KICK,0.7658456258197972,1,3,2.0596,KICK,0.0
1597,Team 16,20,9,KICK,0.8599650843722273,1,3,2.4511,KICK,0.0
1598,Team 06,83,13,PUNT,,,-0.364,-0.364,PUNT,0.0
1599,Team 05,62,10,GO,0.19509717295648946,0,-2.44,-1.2772,PUNT,1.0812
1600,Team 01,46,5,KICK,0.2859777732226985,0,-1.336,-0.096,GO,0.9527
1601,Team 02,35,6,KICK,0.5597136492671929,1,3,1.1684,KICK,0.0
1602,Team 01,77,5,PUNT,,,-0.316,-0.316,GO,0.2588
1603,Team 10,34,1,GO,0.570954621992401,0,-1.88,1.8426,GO,0.0
1604,Team 07,20,1,GO,0.7454553407611428,1,5.2,3.4691,GO,0.0
1605,Team 02,72,14,PUNT,,,-0.276,-0.276,PUNT,0.0
1606,Team 11,61,15,PUNT,,,-0.188,-0.188,PUNT,0.0
1607,Team 12,55,2,GO,0.7162933940110477,1,3.8,2.0694,GO,0.0
1608,Team 13,68,7,GO,0.4791878692587739,1,3.28,0.2385,GO,0.0
1609,Team 05,20,7,KICK,0.8599650843722273,1,3,2.4511,KICK,0.0
1610,Team 11,12,10,KICK,0.9343184948673792,1,3,2.7509,KICK,0.0
1611,Team 16,26,11,KICK,0.7658456258197972,1,3,2.0596,KICK,0.0
1612,Team 06,75,11,PUNT,,,-0.3,-0.3,PUNT,0.0
1613,Team 10,27,9,KICK,0.7464939833376621,1,3,1.9779,KICK,0.0
1614,Team 11,77,14,PUNT,,,-0.316,-0.316,PUNT,0.0
1615,Team 11,76,4,KICK,0.016873391437354078,0,-1.816,-1.7347,PUNT,1.4267
1616,Team 09,15,11,KICK,0.9121360851706988,1,3,2.6626,KICK,0.0
1617,Team 11,35,7,KICK,0.5597136492671929,0,-1.16,1.1684,KICK,0.0
1618,Team 05,78,13,PUNT,,,-0.324,-0.324,PUNT,0.0
1619,Team 07,86,3,GO,0.6535134081523024,1,2.56,0.6613,GO,0.0
1620,Team 16,81,14,PUNT,,,-0.348,-0.348,PUNT,0.0
1621,Team 10,11,15,KICK,0.9404756340234984,1,3,2.7752,KICK,0.0
1622,Team 05,79,9,PUNT,,,-0.332,-0.332,PUNT,0.0
1623,Team 16,31,8,KICK,0.6592603884513855,1,3,1.6043,KICK,0.0
1624,Team 02,87,9,GO,0.2562161887145722,0,-2.94,-1.5411,PUNT,1.1451
1625,Team 09,41,7,GO,0.45044365998876706,0,-2.02,0.8538,GO,0.0
1626,Team 04,28,11,KICK,0.7261149812607792,1,3,1.8913,KICK,0.0
1627,Team 08,67,5,GO,0.4717100045295637,1,3.32,0.2242,GO,0.0
1628,Team 13,68,14,PUNT,,,-0.244,-0.244,PUNT,0.0
1629,Team 08,51,13,PUNT,,,-0.108,-0.108,PUNT,0.0
1630,Team 13,49,5,GO,0.5882421741646358,0,-2.18,1.4789,GO,0.0
1631,Team 14,38,5,GO,0.422781323781126,1,4.48,0.7627,KICK,0.0544
1632,Team 04,57,7,GO,0.3090425788856058,0,-2.34,-0.4672,PUNT,0.3112
1633,Team 09,61,1,GO,0.7541967228490082,1,3.56,2.0901,GO,0.0
1634,Team 06,40,7,KICK,0.42922838810550845,0,-1.24,0.5799,KICK,0.0
1635,Team 08,71,7,GO,0.3651035350617658,0,-2.62,-0.5097,PUNT,0.2417
1636,Team 06,62,12,KICK,0.06946090590056407,0,-1.592,-1.273,PUNT,1.077
1637,Team 05,75,11,PUNT,,,-0.3,-0.3,PUNT,0.0
1638,Team 09,15,9,KICK,0.9121360851706988,1,3,2.6626,KICK,0.0
1639,Team 04,16,15,KICK,0.903348789058409,1,3,2.6273,KICK,0.0
1640,Team 10,54,8,PUNT,,,-0.132,-0.132,PUNT,0.0
1641,Team 06,67,10,PUNT,,,-0.236,-0.236,PUNT,0.0
1642,Team 16,25,2,GO,0.6713465706923882,1,5.0,2.798,GO,0.0
1643,Team 10,56,4,PUNT,,,-0.148,-0.148,GO,0.3057
1644,Team 05,24,1,GO,0.6370946554825867,1,5.04,2.6013,GO,0.0
1645,Team 09,82,15,PUNT,,,-0.356,-0.356,PUNT,0.0
1646,Team 11,85,8,PUNT,,,-0.38,-0.38,PUNT,0.0
1647,Team 03,47,10,PUNT,,,-0.076,-0.076,PUNT,0.0
1648,Team 01,28,11,KICK,0.7261149812607792,0,-1.048,1.8913,KICK,0.0
1649,Team 07,83,12,PUNT,,,-0.364,-0.364,PUNT,0.0
1650,Team 13,32,9,KICK,0.6352948493228072,1,3,1.5003,KICK,0.0
1651,Team 12,60,6,GO,0.5115352589374579,0,-2.4,0.6692,GO,0.0
1652,Team 01,32,2,GO,0.6354962284153843,0,-1.84,2.3289,GO,0.0
1653,Team 06,41,8,PUNT,,,-0.028,-0.028,KICK,0.4902
1654,Team 16,19,9,GO,0.30455117633797296,0,-1.58,0.497,KICK,2.0038
1655,Team 11,36,4,PUNT,,,0.012,0.012,KICK,1.0407
1656,Team 07,15,6,KICK,0.9121360851706988,1,3,2.6626,KICK,0.0
1657,Team 04,68,4,GO,0.4639130714247188,1,3.28,0.1493,GO,0.0
1658,Team 16,90,5,GO,0.5135670971823116,0,-3.0,-0.2267,GO,0.0
1659,Team 06,37,10,KICK,0.5074994375506204,1,3,0.9354,KICK,0.0
1660,Team 05,67,10,PUNT,,,-0.236,-0.236,PUNT,0.0
1661,Team 16,86,4,PUNT,,,-0.388,-0.388,GO,0.5814
1662,Team 11,87,10,PUNT,,,-0.396,-0.396,PUNT,0.0
1663,Team 15,82,1,GO,0.6545818519692127,1,2.72,0.7995,GO,0.0
1664,Team 06,53,14,PUNT,,,-0.124,-0.124,PUNT,0.0
1665,Team 09,70,6,PUNT,,,-0.26,-0.26,GO,0.5906
1666,Team 03,21,2,KICK,0.8468362842349139,1,3,2.3971,KICK,0.0
1667,Team 09,86,1,GO,0.7541967228490082,0,-2.92,1.213,GO,0.0
1668,Team 05,14,2,KICK,0.9201950407592125,1,3,2.6948,KICK,0.0
1669,Team 03,41,5,GO,0.38529290273260947,0,-2.02,0.4382,KICK,0.0241
1670,Team 03,13,15,KICK,0.9275735146384823,1,3,2.7242,KICK,0.0
1671,Team 16,57,4,PUNT,,,-0.156,-0.156,GO,1.259
1672,Team 12,52,9,GO,0.35118128519705183,0,-2.24,-0.0767,GO,0.0
1673,Team 01,56,4,GO,0.5289349488921719,1,3.76,0.8959,GO,0.0
1674,Team 11,76,11,PUNT,,,-0.308,-0.308,PUNT,0.0
1675,Team 02,88,2,GO,0.6163941829217663,1,2.48,0.3932,GO,0.0
1676,Team 09,67,2,GO,0.7111799598144781,0,-2.54,1.6275,GO,0.0
1677,Team 05,42,12,PUNT,,,-0.036,-0.036,KICK,0.3819
1678,Team 01,39,13,KICK,0.45512110762641994,1,3,0.6984,KICK,0.0
1679,Team 15,54,11,KICK,0.14741766105380757,1,3,-0.8059,PUNT,0.6739
1680,Team 05,86,5,PUNT,,,-0.388,-0.388,PUNT,0.0
1681,Team 05,15,7,KICK,0.9121360851706988,1,3,2.6626,KICK,0.0
1682,Team 15,74,7,PUNT,,,-0.292,-0.292,PUNT,0.0
1683,Team 07,24,14,KICK,0.8013892651145572,1,3,2.2087,KICK,0.0
1684,Team 07,57,15,PUNT,,,-0.156,-0.156,PUNT,0.0
1685,Team 03,49,9,PUNT,,,-0.092,-0.092,PUNT,0.0
1686,Team 14,12,7,KICK,0.9343184948673792,1,3,2.7509,KICK,0.0
1687,Team 08,16,5,KICK,0.903348789058409,1,3,2.6273,KICK,0.0
1688,Team 15,44,1,GO,0.6545818519692127,0,-2.08,2.057,GO,0.0
1689,Team 16,69,14,PUNT,,,-0.252,-0.252,PUNT,0.0
1690,Team 02,69,10,GO,0.2165766261264595,0,-2.58,-1.3195,PUNT,1.0675
1691,Team 09,52,3,GO,0.6639890054498807,1,3.92,1.8502,GO,0.0
1692,Team 08,35,1,GO,0.682810727672691,1,4.6,2.5383,GO,0.0
1693,Team 11,84,4,PUNT,,,-0.372,-0.372,PUNT,0.0
1694,Team 07,66,13,PUNT,,,-0.228,-0.228,PUNT,0.0
1695,Team 10,27,9,KICK,0.7464939833376621,1,3,1.9779,KICK,0.0
1696,Team 05,20,5,KICK,0.8599650843722273,1,3,2.4511,KICK,0.0
1697,Team 15,21,7,KICK,0.8468362842349139,1,3,2.3971,KICK,0.0
1698,Team 15,58,1,GO,0.6545818519692127,1,3.68,1.5937,GO,0.0
1699,Team 11,62,5,PUNT,,,-0.196,-0.196,PUNT,0.0
1700,Team 13,56,5,GO,0.5882421741646358,1,3.76,1.2565,GO,0.0
1701,Team 12,17,11,KICK,0.8937850083248244,1,3,2.5887,KICK,0.0
1702,Team 15,53,7,GO,0.3360919074183416,1,3.88,-0.1964,PUNT,0.0724
1703,Team 10,46,5,PUNT,,,-0.068,-0.068,GO,0.1815
1704,Team 10,77,12,KICK,0.015217121208656311,0,-1.832,-1.7585,PUNT,1.4425
1705,Team 09,21,4,GO,0.6132802431683475,0,-1.62,2.538,GO,0.0
1706,Team 16,13,12,KICK,0.9275735146384823,1,3,2.7242,KICK,0.0
1707,Team 04,82,1,GO,0.6260717063282923,0,-2.84,0.641,GO,0.0
1708,Team 03,38,6,KICK,0.4812587841214649,0,-1.208,0.8171,KICK,0.0
1709,Team 09,85,5,PUNT,,,-0.38,-0.38,GO,0.5599
1710,Team 16,39,1,GO,0.7179431443239072,1,4.44,2.6292,GO,0.0
1711,Team 01,58,2,GO,0.6354962284153843,1,3.68,1.4784,GO,0.0
1712,Team 08,76,5,GO,0.4717100045295637,1,2.96,-0.0407,GO,0.0
1713,Team 06,64,5,GO,0.4980552402097736,0,-2.48,0.4685,GO,0.0
1714,Team 16,22,4,GO,0.5681437558388193,0,-1.64,2.2007,KICK,0.1382
1715,Team 01,50,14,PUNT,,,-0.1,-0.1,PUNT,0.0
1716,Team 10,13,10,KICK,0.9275735146384823,0,-0.808,2.7242,KICK,0.0
1717,Team 12,24,13,KICK,0.8013892651145572,1,3,2.2087,KICK,0.0
1718,Team 15,28,6,KICK,0.7261149812607792,1,3,1.8913,KICK,0.0
1719,Team 09,46,9,GO,0.34550014746396424,0,-2.12,0.0497,GO,0.0
1720,Team 03,42,8,PUNT,,,-0.036,-0.036,KICK,0.3819
1721,Team 05,66,6,PUNT,,,-0.228,-0.228,PUNT,0.0
1722,Team 12,12,7,KICK,0.9343184948673792,1,3,2.7509,KICK,0.0
1723,Team 16,87,3,GO,0.6211145745754056,1,2.52,0.4513,GO,0.0
1724,Team 06,37,4,GO,0.55285699926031,1,4.52,1.6315,GO,0.0
1725,Team 05,35,5,PUNT,,,0.02,0.02,KICK,1.1484
1726,Team 12,33,9,KICK,0.610639233949222,0,-1.128,1.3927,KICK,0.0
1727,Team 08,51,12,PUNT,,,-0.108,-0.108,PUNT,0.0
1728,Team 08,39,10,KICK,0.45512110762641994,0,-1.224,0.6984,KICK,0.0
1729,Team 16,61,13,PUNT,,,-0.188,-0.188,PUNT,0.0
1730,Team 12,36,4,KICK,0.533698835432901,1,3,1.0527,GO,1.0397
1731,Team 12,29,6,GO,0.5115352589374579,0,-1.78,1.6064,KICK,0.1937
1732,Team 15,15,13,KICK,0.9121360851706988,1,3,2.6626,KICK,0.0
1733,Team 06,59,1,GO,0.7052076153533808,1,3.64,1.8653,GO,0.0
1734,Team 10,52,2,GO,0.5164308431129125,1,3.92,0.9412,GO,0.0
1735,Team 05,84,14,PUNT,,,-0.372,-0.372,PUNT,0.0
1736,Team 05,36,2,KICK,0.533698835432901,0,-1.176,1.0527,GO,0.8172
1737,Team 05,25,10,KICK,0.7841471891774855,1,3,2.1366,KICK,0.0
1738,Team 06,74,5,GO,0.4980552402097736,1,3.04,0.1689,GO,0.0
1739,Team 13,45,3,GO,0.6892688541839076,0,-2.1,2.2424,GO,0.0
1740,Team 08,58,14,PUNT,,,-0.164,-0.164,PUNT,0.0
1741,Team 01,58,12,PUNT,,,-0.164,-0.164,PUNT,0.0
1742,Team 15,23,15,KICK,0.8175744761936437,1,3,2.2761,KICK,0.0
1743,Team 08,88,15,PUNT,,,-0.404,-0.404,PUNT,0.0
1744,Team 10,61,11,GO,0.12850380835175873,0,-2.42,-1.6515,PUNT,1.4635
1745,Team 01,60,12,GO,0.16190377509342493,0,-2.4,-1.4286,PUNT,1.2486
1746,Team 04,78,12,PUNT,,,-0.324,-0.324,PUNT,0.0
1747,Team 07,31,13,KICK,0.6592603884513855,1,3,1.6043,KICK,0.0
1748,Team 01,34,15,KICK,0.5854045691294653,0,-1.144,1.2819,KICK,0.0
1749,Team 08,49,5,GO,0.4717100045295637,1,4.04,0.754,GO,0.0
1750,Team 08,71,4,GO,0.5266544657992237,1,3.16,0.4241,GO,0.0
1751,Team 08,77,7,PUNT,,,-0.316,-0.316,PUNT,0.0
1752,Team 16,26,9,KICK,0.7658456258197972,0,-1.016,2.0596,KICK,0.0
1753,Team 02,72,1,GO,0.6669163928212177,1,3.12,1.2014,GO,0.0
1754,Team 09,86,13,PUNT,,,-0.388,-0.388,PUNT,0.0
1755,Team 13,72,5,GO,0.5882421741646358,0,-2.64,0.7483,GO,0.0
1756,Team 03,37,1,GO,0.6017729612434263,1,4.52,1.9475,GO,0.0
1757,Team 01,14,3,GO,0.583186768451493,1,5.44,2.5557,KICK,0.1392
1758,Team 04,17,5,KICK,0.8937850083248244,1,3,2.5887,KICK,0.0
1759,Team 01,43,12,KICK,0.35434369377420466,1,3,0.2314,KICK,0.0
1760,Team 02,58,5,GO,0.4537008049433731,0,-2.36,0.3804,GO,0.0
1761,Team 02,60,11,PUNT,,,-0.18,-0.18,PUNT,0.0
1762,Team 12,59,11,PUNT,,,-0.172,-0.172,PUNT,0.0
1763,Team 07,55,6,GO,0.4936300767509541,0,-2.3,0.7111,GO,0.0
1764,Team 12,54,2,GO,0.7162933940110477,0,-2.28,2.1037,GO,0.0
1765,Team 05,34,14,KICK,0.5854045691294653,1,3,1.2819,KICK,0.0
1766,Team 08,11,8,KICK,0.9404756340234984,1,3,2.7752,KICK,0.0
1767,Team 02,23,6,KICK,0.8175744761936437,1,3,2.2761,KICK,0.0
1768,Team 06,88,13,PUNT,,,-0.404,-0.404,PUNT,0.0
1769,Team 16,53,9,PUNT,,,-0.124,-0.124,PUNT,0.0
1770,Team 09,38,4,GO,0.6132802431683475,0,-1.96,1.9895,GO,0.0
1771,Team 05,30,2,KICK,0.6824383021930649,0,-1.08,1.7043,GO,0.3558
1772,Team 06,46,13,PUNT,,,-0.068,-0.068,PUNT,0.0
1773,Team 10,10,5,KICK,0.9460888925720083,1,3,2.7973,KICK,0.0
1774,Team 10,30,12,KICK,0.6824383021930649,1,3,1.7043,KICK,0.0
1775,Team 01,79,3,GO,0.583186768451493,1,2.84,0.4975,GO,0.0
1776,Team 14,15,5,KICK,0.9121360851706988,0,-0.84,2.6626,KICK,0.0
1777,Team 09,24,8,GO,0.3967851966138369,1,5.04,0.9864,KICK,1.2223
1778,Team 13,66,12,GO,0.23445996738575048,0,-2.52,-1.1414,PUNT,0.9134
1779,Team 03,58,8,PUNT,,,-0.164,-0.164,PUNT,0.0
1780,Team 02,61,13,KICK,0.0765621973518122,0,-1.576,-1.2257,PUNT,1.0377
1781,Team 15,35,6,GO,0.386805767152458,0,-1.9,0.6142,KICK,0.5542
1782,Team 05,70,3,GO,0.5306555509303387,1,3.2,0.4778,GO,0.0
1783,Team 08,26,14,KICK,0.7658456258197972,1,3,2.0596,KICK,0.0
1784,Team 15,69,15,PUNT,,,-0.252,-0.252,PUNT,0.0
1785,Team 03,31,10,KICK,0.6592603884513855,1,3,1.6043,KICK,0.0
1786,Team 10,30,14,KICK,0.6824383021930649,0,-1.08,1.7043,KICK,0.0
1787,Team 16,42,14,KICK,0.37871640480893237,0,-1.272,0.3459,KICK,0.0
1788,Team 05,13,5,GO,0.42135247739455595,0,-1.46,1.4642,KICK,1.26
1789,Team 01,76,11,PUNT,,,-0.308,-0.308,PUNT,0.0
1790,Team 14,41,12,KICK,0.40371730070321227,1,3,0.4622,KICK,0.0
1791,Team 02,54,10,GO,0.2165766261264595,0,-2.28,-0.9546,PUNT,0.8226
1792,Team 03,22,5,KICK,0.8327160444615168,0,-0.952,2.3389,KICK,0.0
1793,Team 04,58,4,GO,0.4639130714247188,0,-2.36,0.442,GO,0.0
1794,Team 08,77,14,PUNT,,,-0.316,-0.316,PUNT,0.0
1795,Team 14,14,14,KICK,0.9201950407592125,1,3,2.6948,KICK,0.0
1796,Team 13,82,11,PUNT,,,-0.356,-0.356,PUNT,0.0
1797,Team 03,35,8,KICK,0.5597136492671929,0,-1.16,1.1684,KICK,0.0
1798,Team 05,43,3,GO,0.5306555509303387,0,-2.06,1.3044,GO,0.0
1799,Team 02,24,2,KICK,0.8013892651145572,1,3,2.2087,GO,0.2534
1800,Team 05,89,14,PUNT,,,-0.412,-0.412,PUNT,0.0
1801,Team 09,88,10,PUNT,,,-0.404,-0.404,PUNT,0.0
1802,Team 13,14,11,KICK,0.9201950407592125,1,3,2.6948,KICK,0.0
1803,Team 04,26,3,GO,0.5188412894570203,1,4.96,1.7459,KICK,0.3138
1804,Team 10,10,2,GO,0.5164308431129125,1,5.6,2.215,KICK,0.5823
1805,Team 09,40,12,KICK,0.42922838810550845,1,3,0.5799,KICK,0.0
1806,Team 09,76,9,PUNT,,,-0.308,-0.308,PUNT,0.0
1807,Team 03,42,11,KICK,0.37871640480893237,0,-1.272,0.3459,KICK,0.0
1808,Team 13,74,6,GO,0.5341227138507878,1,3.04,0.3752,GO,0.0
1809,Team 05,39,1,GO,0.6370946554825867,0,-1.98,2.1101,GO,0.0
1810,Team 14,83,7,PUNT,,,-0.364,-0.364,PUNT,0.0
1811,Team 02,38,3,KICK,0.4812587841214649,1,3,0.8171,GO,0.85
1812,Team 03,71,5,PUNT,,,-0.268,-0.268,PUNT,0.0
1813,Team 11,35,7,KICK,0.5597136492671929,1,3,1.1684,KICK,0.0
1814,Team 14,90,9,PUNT,,,-0.42,-0.42,PUNT,0.0
1815,Team 05,29,3,KICK,0.7047456979980911,1,3,1.8001,KICK,0.0
1816,Team 15,18,6,KICK,0.8833970308388606,0,-0.888,2.5466,KICK,0.0
1817,Team 12,68,7,PUNT,,,-0.244,-0.244,GO,0.3508
1818,Team 14,32,15,KICK,0.6352948493228072,0,-1.112,1.5003,KICK,0.0
1819,Team 10,67,1,GO,0.570954621992401,1,3.32,0.8058,GO,0.0
1820,Team 01,82,9,PUNT,,,-0.356,-0.356,PUNT,0.0
1821,Team 06,52,6,GO,0.4433001665920852,0,-2.24,0.4907,GO,0.0
1822,Team 01,48,1,GO,0.6847891621792315,1,4.08,2.1131,GO,0.0
1823,Team 01,43,10,KICK,0.35434369377420466,0,-1.288,0.2314,KICK,0.0
1824,Team 14,13,14,KICK,0.9275735146384823,1,3,2.7242,KICK,0.0
1825,Team 02,24,10,KICK,0.8013892651145572,0,-0.984,2.2087,KICK,0.0
1826,Team 13,36,13,PUNT,,,0.012,0.012,KICK,1.0407
1827,Team 03,44,13,KICK,0.33070459722255413,0,-1.304,0.1194,KICK,0.0
1828,Team 01,78,6,PUNT,,,-0.324,-0.324,PUNT,0.0
1829,Team 10,63,8,PUNT,,,-0.204,-0.204,PUNT,0.0
1830,Team 04,13,11,KICK,0.9275735146384823,1,3,2.7242,KICK,0.0
1831,Team 07,15,2,GO,0.7015142308273599,0,-1.5,3.3404,GO,0.0
1832,Team 16,33,2,GO,0.6713465706923882,1,4.68,2.5306,GO,0.0
1833,Team 04,38,6,KICK,0.4812587841214649,1,3,0.8171,KICK,0.0
1834,Team 14,77,6,PUNT,,,-0.316,-0.316,PUNT,0.0
1835,Team 03,76,5,PUNT,,,-0.308,-0.308,PUNT,0.0
1836,Team 10,81,7,PUNT,,,-0.348,-0.348,PUNT,0.0
1837,Team 03,40,10,KICK,0.42922838810550845,0,-1.24,0.5799,KICK,0.0
1838,Team 06,21,15,KICK,0.8468362842349139,1,3,2.3971,KICK,0.0
1839,Team 08,18,5,KICK,0.8833970308388606,1,3,2.5466,KICK,0.0
1840,Team 12,51,3,GO,0.6695497215555487,1,3.96,1.9178,GO,0.0
1841,Team 13,81,8,GO,0.4247517878519248,0,-2.82,-0.4499,PUNT,0.1019
1842,Team 05,41,2,GO,0.5848647368258585,1,4.36,1.7114,GO,0.0
1843,Team 16,66,3,GO,0.6211145745754056,1,3.36,1.1322,GO,0.0
1844,Team 14,15,9,KICK,0.9121360851706988,1,3,2.6626,KICK,0.0
1845,Team 16,21,3,GO,0.6211145745754056,1,5.16,2.5912,GO,0.0
1846,Team 11,56,2,GO,0.48817701060294577,0,-2.32,0.6481,GO,0.0
1847,Team 15,27,2,GO,0.6033015971633345,1,4.92,2.278,GO,0.0
1848,Team 05,82,6,PUNT,,,-0.356,-0.356,PUNT,0.0
1849,Team 03,62,15,KICK,0.06946090590056407,0,-1.592,-1.273,PUNT,1.077
1850,Team 12,10,2,GO,0.7162933940110477,1,5.6,3.6141,GO,0.0
1851,Team 10,34,14,KICK,0.5854045691294653,1,3,1.2819,KICK,0.0
1852,Team 15,64,8,PUNT,,,-0.212,-0.212,PUNT,0.0
1853,Team 07,67,12,PUNT,,,-0.236,-0.236,PUNT,0.0
1854,Team 16,90,11,PUNT,,,-0.42,-0.42,PUNT,0.0
1855,Team 13,75,2,PUNT,,,-0.3,-0.3,GO,1.7857
1856,Team 07,83,8,PUNT,,,-0.364,-0.364,PUNT,0.0
1857,Team 08,66,3,GO,0.5809608534948784,0,-2.52,0.896,GO,0.0
1858,Team 16,12,10,KICK,0.9343184948673792,1,3,2.7509,KICK,0.0
1859,Team 02,62,8,PUNT,,,-0.196,-0.196,PUNT,0.0
1860,Team 13,62,2,GO,0.7343299545462806,1,3.52,1.9366,GO,0.0
1861,Team 08,25,7,KICK,0.7841471891774855,0,-1.0,2.1366,KICK,0.0
1862,Team 04,10,12,KICK,0.9460888925720083,1,3,2.7973,KICK,0.0
1863,Team 04,49,6,PUNT,,,-0.092,-0.092,GO,0.138
1864,Team 13,63,3,GO,0.6892688541839076,0,-2.46,1.6343,GO,0.0
1865,Team 07,83,2,GO,0.7015142308273599,0,-2.86,1.0264,GO,0.0
1866,Team 15,74,15,PUNT,,,-0.292,-0.292,PUNT,0.0
1867,Team 10,15,12,KICK,0.9121360851706988,1,3,2.6626,KICK,0.0
1868,Team 15,49,6,GO,0.386805767152458,1,4.04,0.2259,GO,0.0
1869,Team 09,34,3,GO,0.6639890054498807,0,-1.88,2.4492,GO,0.0
1870,Team 09,89,10,PUNT,,,-0.412,-0.412,PUNT,0.0
1871,Team 12,70,9,PUNT,,,-0.26,-0.26,PUNT,0.0
1872,Team 13,59,15,PUNT,,,-0.172,-0.172,PUNT,0.0
1873,Team 01,81,10,PUNT,,,-0.348,-0.348,PUNT,0.0
1874,Team 09,27,7,GO,0.45044365998876706,1,4.92,1.26,KICK,0.7179
1875,Team 07,24,13,KICK,0.8013892651145572,1,3,2.2087,KICK,0.0
1876,Team 02,20,1,GO,0.6669163928212177,1,5.2,2.935,GO,0.0
1877,Team 05,75,13,PUNT,,,-0.3,-0.3,PUNT,0.0
1878,Team 06,58,6,GO,0.4433001665920852,0,-2.36,0.3175,GO,0.0
1879,Team 01,53,15,KICK,0.1611089495765853,0,-1.448,-0.7314,PUNT,0.6074
1880,Team 07,16,11,KICK,0.903348789058409,1,3,2.6273,KICK,0.0
1881,Team 04,57,11,PUNT,,,-0.156,-0.156,PUNT,0.0
1882,Team 13,35,15,PUNT,,,0.02,0.02,KICK,1.1484
1883,Team 03,65,11,GO,0.14342347301680697,0,-2.5,-1.6538,PUNT,1.4338
1884,Team 06,63,15,PUNT,,,-0.204,-0.204,PUNT,0.0
1885,Team 07,57,4,GO,0.6021709365103962,1,3.72,1.3092,GO,0.0
1886,Team 04,32,12,KICK,0.6352948493228072,1,3,1.5003,KICK,0.0
1887,Team 16,26,11,KICK,0.7658456258197972,0,-1.016,2.0596,KICK,0.0
1888,Team 04,43,13,KICK,0.35434369377420466,0,-1.288,0.2314,KICK,0.0
1889,Team 02,26,6,KICK,0.7658456258197972,0,-1.016,2.0596,KICK,0.0
1890,Team 15,67,9,PUNT,,,-0.236,-0.236,PUNT,0.0
1891,Team 07,63,12,PUNT,,,-0.204,-0.204,PUNT,0.0
1892,Team 07,35,6,GO,0.4936300767509541,0,-1.9,1.3086,GO,0.0
1893,Team 01,14,13,KICK,0.9201950407592125,1,3,2.6948,KICK,0.0
1894,Team 03,31,6,KICK,0.6592603884513855,0,-1.096,1.6043,KICK,0.0
1895,Team 10,81,3,GO,0.4615130443401682,0,-2.82,-0.2448,GO,0.0
1896,Team 04,24,8,KICK,0.8013892651145572,1,3,2.2087,KICK,0.0
1897,Team 02,48,4,GO,0.5085669512394625,1,4.08,1.0135,GO,0.0
1898,Team 08,38,2,GO,0.6333740470762804,1,4.48,2.1189,GO,0.0
1899,Team 04,40,2,GO,0.5733178358600778,1,4.4,1.6692,GO,0.0
1900,Team 02,81,8,PUNT,,,-0.348,-0.348,PUNT,0.0
1901,Team 04,33,5,KICK,0.610639233949222,0,-1.128,1.3927,KICK,0.0
1902,Team 05,21,8,KICK,0.8468362842349139,0,-0.936,2.3971,KICK,0.0
1903,Team 04,31,9,KICK,0.6592603884513855,1,3,1.6043,KICK,0.0
1904,Team 10,35,14,KICK,0.5597136492671929,0,-1.16,1.1684,KICK,0.0
1905,Team 05,51,9,KICK,0.19154534856146757,0,-1.416,-0.5701,PUNT,0.4621
1906,Team 07,68,5,GO,0.5484769739869401,0,-2.56,0.6431,GO,0.0
1907,Team 12,45,8,PUNT,,,-0.06,-0.06,GO,0.4976
1908,Team 02,22,3,KICK,0.8327160444615168,0,-0.952,2.3389,KICK,0.0
1909,Team 04,18,11,KICK,0.8833970308388606,1,3,2.5466,KICK,0.0
1910,Team 08,60,5,PUNT,,,-0.18,-0.18,GO,0.6103
1911,Team 07,60,9,GO,0.3350390841574315,0,-2.4,-0.3898,PUNT,0.2098
1912,Team 02,78,4,PUNT,,,-0.324,-0.324,GO,0.4323
1913,Team 08,47,4,KICK,0.2650274005334813,0,-1.352,-0.1986,GO,1.3555
1914,Team 15,25,1,GO,0.6545818519692127,0,-1.7,2.6857,GO,0.0
1915,Team 11,45,9,KICK,0.3078904956982119,0,-1.32,0.0101,KICK,0.0
1916,Team 09,12,5,KICK,0.9343184948673792,1,3,2.7509,KICK,0.0
1917,Team 10,29,15,KICK,0.7047456979980911,1,3,1.8001,KICK,0.0
1918,Team 16,26,5,KICK,0.7658456258197972,0,-1.016,2.0596,KICK,0.0
1919,Team 15,83,4,GO,0.4948104192229929,1,2.68,-0.1188,GO,0.0
1920,Team 14,50,3,PUNT,,,-0.1,-0.1,GO,1.1991
1921,Team 12,68,8,GO,0.402790649617937,0,-2.56,-0.2077,GO,0.0
1922,Team 06,56,4,GO,0.55285699926031,1,3.76,1.0414,GO,0.0
1923,Team 14,60,12,PUNT,,,-0.18,-0.18,PUNT,0.0
1924,Team 07,79,7,PUNT,,,-0.332,-0.332,GO,0.0188
1925,Team 13,26,6,KICK,0.7658456258197972,0,-1.016,2.0596,KICK,0.0
1926,Team 15,10,1,GO,0.6545818519692127,1,5.6,3.1821,GO,0.0
1927,Team 02,21,1,KICK,0.8468362842349139,1,3,2.3971,GO,0.5045
1928,Team 05,27,12,KICK,0.7464939833376621,0,-1.032,1.9779,KICK,0.0
1929,Team 14,49,6,PUNT,,,-0.092,-0.092,GO,0.2146
1930,Team 09,12,7,GO,0.45044365998876706,0,-1.44,1.6951,KICK,1.0558
1931,Team 13,11,4,GO,0.6403084946867348,0,-1.42,3.0494,GO,0.0
1932,Team 14,33,15,KICK,0.610639233949222,1,3,1.3927,KICK,0.0
1933,Team 10,88,15,PUNT,,,-0.404,-0.404,PUNT,0.0
1934,Team 03,30,5,KICK,0.6824383021930649,1,3,1.7043,KICK,0.0
1935,Team 11,81,15,PUNT,,,-0.348,-0.348,PUNT,0.0
1936,Team 05,46,5,KICK,0.2859777732226985,0,-1.336,-0.096,GO,0.6221
1937,Team 04,26,14,KICK,0.7658456258197972,1,3,2.0596,KICK,0.0
1938,Team 04,53,14,PUNT,,,-0.124,-0.124,PUNT,0.0
1939,Team 12,15,7,KICK,0.9121360851706988,1,3,2.6626,KICK,0.0
1940,Team 13,72,12,PUNT,,,-0.276,-0.276,PUNT,0.0
1941,Team 10,23,4,KICK,0.8175744761936437,0,-0.968,2.2761,KICK,0.0
1942,Team 04,85,4,GO,0.4639130714247188,0,-2.9,-0.3485,GO,0.0
1943,Team 12,12,15,KICK,0.9343184948673792,1,3,2.7509,KICK,0.0
1944,Team 13,27,7,GO,0.4791878692587739,0,-1.74,1.4514,KICK,0.5265
1945,Team 07,65,6,PUNT,,,-0.22,-0.22,GO,0.6324
1946,Team 02,17,3,GO,0.563227497954577,1,5.32,2.3237,KICK,0.265
1947,Team 08,54,13,PUNT,,,-0.132,-0.132,PUNT,0.0
1948,Team 04,27,10,KICK,0.7464939833376621,1,3,1.9779,KICK,0.0
1949,Team 09,68,2,GO,0.7111799598144781,1,3.28,1.5933,GO,0.0
1950,Team 14,30,6,KICK,0.6824383021930649,1,3,1.7043,KICK,0.0
1951,Team 07,51,9,KICK,0.19154534856146757,0,-1.416,-0.5701,PUNT,0.4621
1952,Team 02,57,1,GO,0.6669163928212177,1,3.72,1.7015,GO,0.0
1953,Team 05,51,1,GO,0.6370946554825867,0,-2.22,1.7172,GO,0.0
1954,Team 02,68,4,GO,0.5085669512394625,0,-2.56,0.41,GO,0.0
1955,Team 11,24,9,KICK,0.8013892651145572,0,-0.984,2.2087,KICK,0.0
1956,Team 08,71,11,PUNT,,,-0.268,-0.268,PUNT,0.0
1957,Team 06,44,8,GO,0.33899432053520184,0,-2.08,0.0624,KICK,0.0569
1958,Team 11,76,15,PUNT,,,-0.308,-0.308,PUNT,0.0
1959,Team 01,85,4,GO,0.5289349488921719,0,-2.9,0.0091,GO,0.0
1960,Team 03,40,1,GO,0.6017729612434263,0,-2.0,1.8513,GO,0.0
1961,Team 16,30,7,KICK,0.6824383021930649,1,3,1.7043,KICK,0.0
1962,Team 05,25,11,KICK,0.7841471891774855,1,3,2.1366,KICK,0.0
1963,Team 05,20,8,KICK,0.8599650843722273,1,3,2.4511,KICK,0.0
1964,Team 15,60,2,PUNT,,,-0.18,-0.18,GO,1.3998
1965,Team 07,58,12,PUNT,,,-0.164,-0.164,PUNT,0.0
1966,Team 15,23,13,KICK,0.8175744761936437,1,3,2.2761,KICK,0.0
1967,Team 10,10,5,KICK,0.9460888925720083,1,3,2.7973,KICK,0.0
1968,Team 01,82,9,PUNT,,,-0.356,-0.356,PUNT,0.0
1969,Team 16,47,4,PUNT,,,-0.076,-0.076,GO,1.4926
1970,Team 15,14,13,KICK,0.9201950407592125,1,3,2.6948,KICK,0.0
1971,Team 12,51,11,KICK,0.19154534856146757,0,-1.416,-0.5701,PUNT,0.4621
1972,Team 06,66,15,PUNT,,,-0.228,-0.228,PUNT,0.0
1973,Team 08,24,12,KICK,0.8013892651145572,1,3,2.2087,KICK,0.0
1974,Team 06,19,5,KICK,0.8721384336809187,0,-0.904,2.5008,KICK,0.0
1975,Team 01,77,11,PUNT,,,-0.316,-0.316,PUNT,0.0
1976,Team 16,55,11,GO,0.21999109178604664,0,-2.3,-0.9581,PUNT,0.8181
1977,Team 08,50,1,GO,0.682810727672691,1,4.0,2.0334,GO,0.0
1978,Team 12,81,15,PUNT,,,-0.348,-0.348,PUNT,0.0
1979,Team 06,47,6,KICK,0.2650274005334813,0,-1.352,-0.1986,GO,0.8337
1980,Team 05,45,4,PUNT,,,-0.06,-0.06,GO,0.957
1981,Team 06,37,6,KICK,0.5074994375506204,1,3,0.9354,KICK,0.0
1982,Team 03,14,9,KICK,0.9201950407592125,1,3,2.6948,KICK,0.0
1983,Team 15,74,8,KICK,0.02073457758943501,0,-1.784,-1.6848,PUNT,1.3928
1984,Team 03,10,3,KICK,0.9460888925720083,1,3,2.7973,KICK,0.0
1985,Team 12,78,14,PUNT,,,-0.324,-0.324,PUNT,0.0
1986,Team 04,11,11,KICK,0.9404756340234984,1,3,2.7752,KICK,0.0
1987,Team 02,75,11,PUNT,,,-0.3,-0.3,PUNT,0.0
1988,Team 04,57,6,GO,0.3578750197347471,1,3.72,-0.1713,PUNT,0.0153
1989,Team 05,68,11,PUNT,,,-0.244,-0.244,PUNT,0.0
1990,Team 09,36,14,KICK,0.533698835432901,1,3,1.0527,KICK,0.0
1991,Team 16,73,9,PUNT,,,-0.284,-0.284,PUNT,0.0
1992,Team 03,27,10,KICK,0.7464939833376621,0,-1.032,1.9779,KICK,0.0
1993,Team 13,72,5,GO,0.5882421741646358,1,3.12,0.7483,GO,0.0
1994,Team 16,57,6,GO,0.45866498212655793,1,3.72,0.4395,GO,0.0
1995,Team 10,34,12,KICK,0.5854045691294653,1,3,1.2819,KICK,0.0
1996,Team 06,19,6,KICK,0.8721384336809187,1,3,2.5008,KICK,0.0
1997,Team 16,45,8,KICK,0.3078904956982119,0,-1.32,0.0101,GO,0.114
1998,Team 08,87,12,PUNT,,,-0.396,-0.396,PUNT,0.0
1999,Team 08,28,13,KICK,0.7261149812607792,0,-1.048,1.8913,KICK,0.0
2000,Team 10,83,12,PUNT,,,-0.364,-0.364,PUNT,0.0
2001,Team 12,17,13,KICK,0.8937850083248244,1,3,2.5887,KICK,0.0
2002,Team 15,76,14,PUNT,,,-0.308,-0.308,PUNT,0.0
2003,Team 03,14,12,KICK,0.9201950407592125,1,3,2.6948,KICK,0.0
2004,Team 07,90,14,PUNT,,,-0.42,-0.42,PUNT,0.0
2005,Team 14,62,8,PUNT,,,-0.196,-0.196,PUNT,0.0
2006,Team 04,69,9,PUNT,,,-0.252,-0.252,PUNT,0.0
2007,Team 03,20,9,KICK,0.8599650843722273,1,3,2.4511,KICK,0.0
2008,Team 13,89,1,GO,0.7749896631651041,0,-2.98,1.2204,GO,0.0
2009,Team 15,74,10,PUNT,,,-0.292,-0.292,PUNT,0.0
2010,Team 04,34,6,PUNT,,,0.028,0.028,KICK,1.2539
2011,Team 15,58,3,GO,0.5496461081640299,1,3.68,0.9599,GO,0.0
2012,Team 05,10,15,KICK,0.9460888925720083,1,3,2.7973,KICK,0.0
2013,Team 12,36,4,GO,0.6191988694215159,1,4.56,2.0924,GO,0.0
2014,Team 01,41,7,KICK,0.40371730070321227,1,3,0.4622,KICK,0.0
2015,Team 07,22,4,GO,0.6021709365103962,1,5.12,2.4307,GO,0.0
2016,Team 02,27,10,KICK,0.7464939833376621,1,3,1.9779,KICK,0.0
2017,Team 03,69,2,KICK,0.034556230286276544,0,-1.704,-1.5414,GO,2.1512
2018,Team 04,43,2,GO,0.5733178358600778,1,4.28,1.5748,GO,0.0
2019,Team 06,36,13,KICK,0.533698835432901,1,3,1.0527,KICK,0.0
2020,Team 01,79,1,GO,0.6847891621792315,1,2.84,1.0685,GO,0.0
2021,Team 14,11,15,KICK,0.9404756340234984,0,-0.776,2.7752,KICK,0.0
2022,Team 09,39,7,GO,0.45044365998876706,0,-1.98,0.9118,GO,0.0
2023,Team 14,89,12,PUNT,,,-0.412,-0.412,PUNT,0.0
2024,Team 08,41,15,KICK,0.40371730070321227,0,-1.256,0.4622,KICK,0.0
2025,Team 01,90,9,PUNT,,,-0.42,-0.42,PUNT,0.0
2026,Team 03,29,2,GO,0.5480655976092276,1,4.84,1.8482,GO,0.0
2027,Team 05,68,5,GO,0.42135247739455595,0,-2.56,-0.0993,GO,0.0
2028,Team 06,67,7,PUNT,,,-0.236,-0.236,PUNT,0.0
2029,Team 08,48,12,GO,0.1606660103871182,0,-2.16,-1.1574,PUNT,1.0734
2030,Team 16,81,15,PUNT,,,-0.348,-0.348,PUNT,0.0
2031,Team 15,62,12,PUNT,,,-0.196,-0.196,PUNT,0.0
2032,Team 11,49,13,PUNT,,,-0.092,-0.092,PUNT,0.0
2033,Team 16,59,12,PUNT,,,-0.172,-0.172,PUNT,0.0
2034,Team 07,56,13,PUNT,,,-0.148,-0.148,PUNT,0.0
2035,Team 13,72,7,GO,0.4791878692587739,0,-2.64,0.1201,GO,0.0
2036,Team 01,40,6,KICK,0.42922838810550845,1,3,0.5799,GO,0.106
2037,Team 08,81,1,GO,0.682810727672691,1,2.76,0.9901,GO,0.0
2038,Team 01,45,8,GO,0.3177501098281303,1,4.2,-0.0982,KICK,0.1083
2039,Team 10,18,14,KICK,0.8833970308388606,1,3,2.5466,KICK,0.0
2040,Team 16,52,9,PUNT,,,-0.116,-0.116,PUNT,0.0
2041,Team 05,60,8,GO,0.2734429893849809,1,3.6,-0.7593,PUNT,0.5793
2042,Team 16,90,6,PUNT,,,-0.42,-0.42,PUNT,0.0
2043,Team 07,35,3,GO,0.6535134081523024,1,4.6,2.3478,GO,0.0
2044,Team 12,40,10,KICK,0.42922838810550845,0,-1.24,0.5799,KICK,0.0
2045,Team 10,21,1,GO,0.570954621992401,1,5.16,2.2511,KICK,0.1461
2046,Team 07,58,13,PUNT,,,-0.164,-0.164,PUNT,0.0
2047,Team 06,14,8,KICK,0.9201950407592125,1,3,2.6948,KICK,0.0
2048,Team 11,85,13,PUNT,,,-0.38,-0.38,PUNT,0.0
2049,Team 01,59,1,GO,0.6847891621792315,0,-2.38,1.7424,GO,0.0
2050,Team 10,35,12,KICK,0.5597136492671929,0,-1.16,1.1684,KICK,0.0
2051,Team 14,61,14,PUNT,,,-0.188,-0.188,PUNT,0.0
2052,Team 08,36,3,GO,0.5809608534948784,1,4.56,1.8446,GO,0.0
2053,Team 16,71,9,GO,0.30455117633797296,0,-2.62,-0.8597,PUNT,0.5917
2054,Team 13,82,3,GO,0.6892688541839076,1,2.72,0.9923,GO,0.0
2055,Team 14,81,4,GO,0.4771743507269338,0,-2.82,-0.1574,GO,0.0
2056,Team 04,23,10,KICK,0.8175744761936437,1,3,2.2761,KICK,0.0
2057,Team 14,27,2,GO,0.5862862634331419,1,4.92,2.1647,GO,0.0
2058,Team 14,80,6,GO,0.37019832268003167,0,-2.8,-0.7269,PUNT,0.3869
2059,Team 16,32,3,GO,0.6211145745754056,1,4.72,2.2345,GO,0.0
2060,Team 14,86,5,PUNT,,,-0.388,-0.388,PUNT,0.0
2061,Team 01,67,15,PUNT,,,-0.236,-0.236,PUNT,0.0
2062,Team 04,32,6,GO,0.3578750197347471,0,-1.84,0.5077,KICK,0.9927
2063,Team 05,20,7,KICK,0.8599650843722273,1,3,2.4511,KICK,0.0
2064,Team 03,89,3,PUNT,,,-0.412,-0.412,GO,0.1052
2065,Team 16,58,5,PUNT,,,-0.164,-0.164,GO,0.9059
2066,Team 01,88,4,GO,0.5289349488921719,1,2.48,-0.0826,GO,0.0
2067,Team 16,24,14,KICK,0.8013892651145572,1,3,2.2087,KICK,0.0
2068,Team 05,71,6,GO,0.36883363288543497,0,-2.62,-0.4881,PUNT,0.2201
2069,Team 10,88,7,GO,0.262260411474723,0,-2.96,-1.5333,PUNT,1.1293
2070,Team 08,51,5,PUNT,,,-0.108,-0.108,GO,0.8032
2071,Team 01,18,6,KICK,0.8833970308388606,1,3,2.5466,KICK,0.0
2072,Team 10,45,2,GO,0.5164308431129125,0,-2.1,1.1535,GO,0.0
2073,Team 01,57,13,PUNT,,,-0.156,-0.156,PUNT,0.0
2074,Team 11,64,5,GO,0.3301955444039654,0,-2.48,-0.5252,PUNT,0.3132
2075,Team 03,57,5,PUNT,,,-0.156,-0.156,GO,0.1509
2076,Team 16,55,3,GO,0.6211145745754056,1,3.8,1.4888,GO,0.0
2077,Team 10,56,3,GO,0.4615130443401682,0,-2.32,0.486,GO,0.0
2078,Team 10,64,2,PUNT,,,-0.212,-0.212,GO,0.7893
2079,Team 04,21,6,KICK,0.8468362842349139,0,-0.936,2.3971,KICK,0.0
2080,Team 05,75,13,PUNT,,,-0.3,-0.3,PUNT,0.0
2081,Team 05,66,4,PUNT,,,-0.228,-0.228,GO,0.5052
2082,Team 11,79,15,PUNT,,,-0.332,-0.332,PUNT,0.0
2083,Team 06,26,5,KICK,0.7658456258197972,0,-1.016,2.0596,KICK,0.0
2084,Team 02,68,11,PUNT,,,-0.244,-0.244,PUNT,0.0
2085,Team 07,46,1,GO,0.7454553407611428,1,4.16,2.5615,GO,0.0
2086,Team 07,46,7,KICK,0.2859777732226985,0,-1.336,-0.096,GO,0.7325
2087,Team 12,48,4,GO,0.6191988694215159,0,-2.16,1.7038,GO,0.0
2088,Team 03,32,13,KICK,0.6352948493228072,0,-1.112,1.5003,KICK,0.0
2089,Team 03,33,14,KICK,0.610639233949222,0,-1.128,1.3927,KICK,0.0
2090,Team 12,89,7,PUNT,,,-0.412,-0.412,PUNT,0.0
2091,Team 05,38,3,GO,0.5306555509303387,1,4.48,1.4574,GO,0.0
2092,Team 13,42,11,PUNT,,,-0.036,-0.036,KICK,0.3819
2093,Team 01,49,13,PUNT,,,-0.092,-0.092,PUNT,0.0
2094,Team 12,72,12,PUNT,,,-0.276,-0.276,PUNT,0.0
2095,Team 10,50,4,GO,0.4075137590184509,1,4.0,0.3266,GO,0.0
2096,Team 03,22,6,KICK,0.8327160444615168,0,-0.952,2.3389,KICK,0.0
2097,Team 01,34,10,KICK,0.5854045691294653,1,3,1.2819,KICK,0.0
2098,Team 02,43,4,GO,0.5085669512394625,0,-2.06,1.1643,GO,0.0
2099,Team 13,32,9,KICK,0.6352948493228072,1,3,1.5003,KICK,0.0
2100,Team 06,28,4,GO,0.55285699926031,0,-1.76,1.911,GO,0.0
2101,Team 11,84,13,PUNT,,,-0.372,-0.372,PUNT,0.0
2102,Team 01,11,4,KICK,0.9404756340234984,1,3,2.7752,KICK,0.0
2103,Team 01,60,10,KICK,0.08432369642147458,0,-1.56,-1.1755,PUNT,0.9955
2104,Team 15,22,2,KICK,0.8327160444615168,1,3,2.3389,GO,0.0994
2105,Team 14,83,6,PUNT,,,-0.364,-0.364,PUNT,0.0
2106,Team 12,33,10,GO,0.30283146014450685,1,4.68,0.1205,KICK,1.2722
2107,Team 13,58,7,PUNT,,,-0.164,-0.164,GO,0.6983
2108,Team 05,83,11,PUNT,,,-0.364,-0.364,PUNT,0.0
2109,Team 12,83,7,PUNT,,,-0.364,-0.364,GO,0.0338
2110,Team 01,44,12,PUNT,,,-0.052,-0.052,KICK,0.1714
2111,Team 04,33,7,KICK,0.610639233949222,0,-1.128,1.3927,KICK,0.0
2112,Team 16,69,14,GO,0.12722525887971842,0,-2.58,-1.8395,PUNT,1.5875
2113,Team 10,70,12,PUNT,,,-0.26,-0.26,PUNT,0.0
2114,Team 07,30,14,KICK,0.6824383021930649,0,-1.08,1.7043,KICK,0.0
2115,Team 03,35,12,KICK,0.5597136492671929,1,3,1.1684,KICK,0.0
2116,Team 10,32,8,KICK,0.6352948493228072,1,3,1.5003,KICK,0.0
2117,Team 05,24,1,KICK,0.8013892651145572,1,3,2.2087,GO,0.3925
2118,Team 01,53,8,PUNT,,,-0.124,-0.124,PUNT,0.0
2119,Team 04,77,15,PUNT,,,-0.316,-0.316,PUNT,0.0
2120,Team 10,61,4,GO,0.4075137590184509,1,3.56,0.0169,GO,0.0
2121,Team 02,22,6,KICK,0.8327160444615168,0,-0.952,2.3389,KICK,0.0
2122,Team 09,55,1,GO,0.7541967228490082,1,3.8,2.3006,GO,0.0
2123,Team 10,36,14,PUNT,,,0.012,0.012,KICK,1.0407
2124,Team 14,82,12,PUNT,,,-0.356,-0.356,PUNT,0.0
2125,Team 13,58,8,PUNT,,,-0.164,-0.164,GO,0.3695
2126,Team 01,79,12,PUNT,,,-0.332,-0.332,PUNT,0.0
2127,Team 05,81,14,PUNT,,,-0.348,-0.348,PUNT,0.0
2128,Team 09,54,15,PUNT,,,-0.132,-0.132,PUNT,0.0
2129,Team 10,27,5,GO,0.35565962521942324,1,4.92,0.6287,KICK,1.3492
2130,Team 05,88,15,GO,0.07465951384187332,0,-2.96,-2.5539,PUNT,2.1499
2131,Team 13,89,8,PUNT,,,-0.412,-0.412,PUNT,0.0
2132,Team 10,46,6,PUNT,,,-0.068,-0.068,PUNT,0.0
2133,Team 04,24,10,KICK,0.8013892651145572,1,3,2.2087,KICK,0.0
2134,Team 13,39,12,KICK,0.45512110762641994,0,-1.224,0.6984,KICK,0.0
2135,Team 15,77,10,PUNT,,,-0.316,-0.316,PUNT,0.0
2136,Team 16,61,1,GO,0.7179431443239072,1,3.56,1.8733,GO,0.0
2137,Team 10,88,11,PUNT,,,-0.404,-0.404,PUNT,0.0
2138,Team 06,28,4,GO,0.55285699926031,0,-1.76,1.911,GO,0.0
2139,Team 07,73,12,PUNT,,,-0.284,-0.284,PUNT,0.0
2140,Team 14,74,9,PUNT,,,-0.292,-0.292,PUNT,0.0
2141,Team 13,33,9,KICK,0.610639233949222,1,3,1.3927,KICK,0.0
2142,Team 06,12,15,KICK,0.9343184948673792,1,3,2.7509,KICK,0.0
2143,Team 13,62,1,GO,0.7749896631651041,1,3.52,2.1789,GO,0.0
2144,Team 08,39,11,KICK,0.45512110762641994,1,3,0.6984,KICK,0.0
2145,Team 08,39,14,KICK,0.45512110762641994,1,3,0.6984,KICK,0.0
2146,Team 12,61,13,PUNT,,,-0.188,-0.188,PUNT,0.0
2147,Team 05,16,3,KICK,0.903348789058409,1,3,2.6273,KICK,0.0
2148,Team 14,45,6,PUNT,,,-0.06,-0.06,GO,0.2922
2149,Team 06,54,9,PUNT,,,-0.132,-0.132,PUNT,0.0
2150,Team 02,45,2,GO,0.6163941829217663,1,4.2,1.7833,GO,0.0
2151,Team 06,58,9,PUNT,,,-0.164,-0.164,PUNT,0.0
2152,Team 09,57,11,PUNT,,,-0.156,-0.156,PUNT,0.0
2153,Team 13,45,4,GO,0.6403084946867348,1,4.2,1.9339,GO,0.0
2154,Team 08,14,15,KICK,0.9201950407592125,1,3,2.6948,KICK,0.0
2155,Team 02,80,5,PUNT,,,-0.34,-0.34,GO,0.0807
2156,Team 16,19,7,KICK,0.8721384336809187,1,3,2.5008,KICK,0.0
2157,Team 15,20,15,KICK,0.8599650843722273,1,3,2.4511,KICK,0.0
2158,Team 08,74,10,PUNT,,,-0.292,-0.292,PUNT,0.0
2159,Team 04,39,5,GO,0.4098467016511046,1,4.44,0.6512,KICK,0.0472
2160,Team 05,19,7,KICK,0.8721384336809187,1,3,2.5008,KICK,0.0
2161,Team 16,55,15,PUNT,,,-0.14,-0.14,PUNT,0.0
2162,Team 01,86,9,PUNT,,,-0.388,-0.388,PUNT,0.0
2163,Team 06,54,14,PUNT,,,-0.132,-0.132,PUNT,0.0
2164,Team 06,57,6,GO,0.4433001665920852,0,-2.34,0.3464,GO,0.0
2165,Team 07,10,10,KICK,0.9460888925720083,1,3,2.7973,KICK,0.0
2166,Team 02,47,5,GO,0.4537008049433731,1,4.12,0.7002,GO,0.0
2167,Team 08,90,11,PUNT,,,-0.42,-0.42,PUNT,0.0
2168,Team 05,47,1,GO,0.6370946554825867,0,-2.14,1.8482,GO,0.0
2169,Team 10,53,11,PUNT,,,-0.124,-0.124,PUNT,0.0
2170,Team 01,24,13,KICK,0.8013892651145572,0,-0.984,2.2087,KICK,0.0
2171,Team 12,73,9,PUNT,,,-0.284,-0.284,PUNT,0.0
2172,Team 14,47,4,GO,0.4771743507269338,0,-2.14,0.8471,GO,0.0
2173,Team 04,59,12,KICK,0.09279295311715706,0,-1.544,-1.1223,PUNT,0.9503
2174,Team 01,36,3,GO,0.583186768451493,0,-1.92,1.8591,GO,0.0
2175,Team 05,71,8,PUNT,,,-0.268,-0.268,PUNT,0.0
2176,Team 06,71,14,PUNT,,,-0.268,-0.268,PUNT,0.0
2177,Team 10,40,2,GO,0.5164308431129125,1,4.4,1.3052,GO,0.0
2178,Team 12,32,2,GO,0.7162933940110477,0,-1.84,2.8589,GO,0.0
2179,Team 10,40,14,KICK,0.42922838810550845,0,-1.24,0.5799,KICK,0.0
2180,Team 08,51,10,KICK,0.19154534856146757,0,-1.416,-0.5701,PUNT,0.4621
2181,Team 16,75,5,GO,0.5135670971823116,1,3.0,0.2273,GO,0.0
2182,Team 07,24,6,GO,0.4936300767509541,0,-1.68,1.6372,KICK,0.5715
2183,Team 02,77,13,PUNT,,,-0.316,-0.316,PUNT,0.0
2184,Team 04,44,3,GO,0.5188412894570203,1,4.24,1.1991,GO,0.0
2185,Team 14,44,7,PUNT,,,-0.052,-0.052,KICK,0.1714
2186,Team 04,51,13,PUNT,,,-0.108,-0.108,PUNT,0.0
2187,Team 08,78,12,PUNT,,,-0.324,-0.324,PUNT,0.0
2188,Team 02,72,5,GO,0.4537008049433731,0,-2.64,-0.0267,GO,0.0
2189,Team 03,15,1,GO,0.6017729612434263,0,-1.5,2.6522,KICK,0.0104
2190,Team 11,81,5,GO,0.3301955444039654,1,2.76,-0.9775,PUNT,0.6295
2191,Team 14,25,7,KICK,0.7841471891774855,1,3,2.1366,KICK,0.0
2192,Team 13,47,3,GO,0.6892688541839076,1,4.12,2.1748,GO,0.0
2193,Team 07,83,14,PUNT,,,-0.364,-0.364,PUNT,0.0
2194,Team 10,57,6,KICK,0.11204703855699037,0,-1.512,-1.0064,PUNT,0.8504
2195,Team 14,72,9,PUNT,,,-0.276,-0.276,PUNT,0.0
2196,Team 16,70,9,PUNT,,,-0.26,-0.26,PUNT,0.0
2197,Team 15,31,3,KICK,0.6592603884513855,1,3,1.6043,GO,0.1923
2198,Team 09,86,12,PUNT,,,-0.388,-0.388,PUNT,0.0
2199,Team 01,55,11,PUNT,,,-0.14,-0.14,PUNT,0.0
2200,Team 12,69,3,GO,0.6695497215555487,0,-2.58,1.3168,GO,0.0
2201,Team 08,66,8,GO,0.31576979490360163,1,3.36,-0.6633,PUNT,0.4353
2202,Team 01,87,13,PUNT,,,-0.396,-0.396,PUNT,0.0
2203,Team 16,43,11,PUNT,,,-0.044,-0.044,KICK,0.2754
2204,Team 09,66,5,GO,0.5599900585150124,0,-2.52,0.7727,GO,0.0
2205,Team 04,47,3,PUNT,,,-0.076,-0.076,GO,1.1839
2206,Team 06,73,14,KICK,0.022977369910025632,0,-1.768,-1.6584,PUNT,1.3744
2207,Team 12,34,10,KICK,0.5854045691294653,0,-1.144,1.2819,KICK,0.0
2208,Team 07,49,9,PUNT,,,-0.092,-0.092,PUNT,0.0
2209,Team 12,51,10,KICK,0.19154534856146757,0,-1.416,-0.5701,PUNT,0.4621
2210,Team 07,88,9,PUNT,,,-0.404,-0.404,PUNT,0.0
2211,Team 02,71,12,PUNT,,,-0.268,-0.268,PUNT,0.0
2212,Team 05,58,10,GO,0.19509717295648946,0,-2.36,-1.1816,PUNT,1.0176
2213,Team 13,64,13,GO,0.19729350377214794,0,-2.48,-1.312,PUNT,1.1
2214,Team 06,37,4,KICK,0.5074994375506204,0,-1.192,0.9354,GO,0.696
2215,Team 16,15,5,KICK,0.9121360851706988,1,3,2.6626,KICK,0.0
2216,Team 10,71,10,PUNT,,,-0.268,-0.268,PUNT,0.0
2217,Team 08,35,1,GO,0.682810727672691,1,4.6,2.5383,GO,0.0
2218,Team 07,33,12,KICK,0.610639233949222,1,3,1.3927,KICK,0.0
2219,Team 16,53,10,PUNT,,,-0.124,-0.124,PUNT,0.0
2220,Team 15,81,3,GO,0.5496461081640299,1,2.76,0.247,GO,0.0
2221,Team 08,18,12,KICK,0.8833970308388606,1,3,2.5466,KICK,0.0
2222,Team 07,46,5,GO,0.5484769739869401,1,4.16,1.3244,GO,0.0
2223,Team 06,37,13,KICK,0.5074994375506204,0,-1.192,0.9354,KICK,0.0
2224,Team 12,44,12,KICK,0.33070459722255413,1,3,0.1194,KICK,0.0
2225,Team 06,86,8,PUNT,,,-0.388,-0.388,PUNT,0.0
2226,Team 04,62,9,PUNT,,,-0.196,-0.196,PUNT,0.0
2227,Team 09,16,11,KICK,0.903348789058409,1,3,2.6273,KICK,0.0
2228,Team 11,46,1,GO,0.5430678179428203,1,4.16,1.2905,GO,0.0
2229,Team 09,47,6,GO,0.5052802311918284,0,-2.14,1.0231,GO,0.0
2230,Team 12,38,9,KICK,0.4812587841214649,1,3,0.8171,KICK,0.0
2231,Team 02,45,13,PUNT,,,-0.06,-0.06,KICK,0.0701
2232,Team 12,28,10,KICK,0.7261149812607792,1,3,1.8913,KICK,0.0
2233,Team 14,52,10,GO,0.1960186755284064,0,-2.24,-1.0325,PUNT,0.9165
2234,Team 04,75,2,GO,0.5733178358600778,0,-2.7,0.5679,GO,0.0
2235,Team 10,32,7,KICK,0.6352948493228072,1,3,1.5003,KICK,0.0
2236,Team 09,75,2,GO,0.7111799598144781,0,-2.7,1.3537,GO,0.0
2237,Team 07,81,3,GO,0.6535134081523024,1,2.76,0.8266,GO,0.0
2238,Team 07,29,7,KICK,0.7047456979980911,1,3,1.8001,KICK,0.0
2239,Team 15,32,5,KICK,0.6352948493228072,0,-1.112,1.5003,KICK,0.0
2240,Team 01,45,1,GO,0.6847891621792315,1,4.2,2.2142,GO,0.0
2241,Team 09,38,11,KICK,0.4812587841214649,0,-1.208,0.8171,KICK,0.0
2242,Team 04,44,1,GO,0.6260717063282923,1,4.24,1.8768,GO,0.0
2243,Team 08,35,10,KICK,0.5597136492671929,1,3,1.1684,KICK,0.0
2244,Team 15,90,3,PUNT,,,-0.42,-0.42,GO,0.3881
2245,Team 06,82,11,PUNT,,,-0.356,-0.356,PUNT,0.0
2246,Team 05,20,15,KICK,0.8599650843722273,1,3,2.4511,KICK,0.0
2247,Team 14,32,13,KICK,0.6352948493228072,1,3,1.5003,KICK,0.0
2248,Team 10,76,14,PUNT,,,-0.308,-0.308,PUNT,0.0
2249,Team 04,47,11,KICK,0.2650274005334813,1,3,-0.1986,PUNT,0.1226
2250,Team 05,46,3,GO,0.5306555509303387,0,-2.12,1.2125,GO,0.0
2251,Team 14,34,8,KICK,0.5854045691294653,1,3,1.2819,KICK,0.0
2252,Team 14,24,6,KICK,0.8013892651145572,0,-0.984,2.2087,KICK,0.0
2253,Team 10,60,4,GO,0.4075137590184509,0,-2.4,0.0451,GO,0.0
2254,Team 02,81,8,GO,0.30032959740928544,0,-2.82,-1.1442,PUNT,0.7962
2255,Team 07,14,11,KICK,0.9201950407592125,1,3,2.6948,KICK,0.0
2256,Team 15,65,7,PUNT,,,-0.22,-0.22,PUNT,0.0
2257,Team 14,39,10,KICK,0.45512110762641994,0,-1.224,0.6984,KICK,0.0
2258,Team 07,90,4,GO,0.6021709365103962,0,-3.0,0.2517,GO,0.0
2259,Team 04,57,15,KICK,0.11204703855699037,0,-1.512,-1.0064,PUNT,0.8504
2260,Team 08,24,6,GO,0.41744252810344173,1,5.04,1.1252,KICK,1.0835
2261,Team 15,78,4,PUNT,,,-0.324,-0.324,GO,0.3547
2262,Team 01,31,3,KICK,0.6592603884513855,0,-1.096,1.6043,GO,0.413
2263,Team 03,38,7,KICK,0.4812587841214649,0,-1.208,0.8171,KICK,0.0
2264,Team 14,28,11,KICK,0.7261149812607792,0,-1.048,1.8913,KICK,0.0
2265,Team 12,24,4,GO,0.6191988694215159,0,-1.68,2.481,GO,0.0
2266,Team 13,46,10,GO,0.3222836779454518,0,-2.12,-0.0961,PUNT,0.0281
2267,Team 08,47,13,KICK,0.2650274005334813,1,3,-0.1986,PUNT,0.1226
2268,Team 02,55,9,KICK,0.13470305195202817,0,-1.48,-0.8765,PUNT,0.7365
2269,Team 06,85,12,PUNT,,,-0.38,-0.38,PUNT,0.0
2270,Team 02,53,3,GO,0.563227497954577,0,-2.26,1.1982,GO,0.0
2271,Team 02,49,2,GO,0.6163941829217663,0,-2.18,1.654,GO,0.0
2272,Team 11,56,7,PUNT,,,-0.148,-0.148,PUNT,0.0
2273,Team 07,55,2,GO,0.7015142308273599,1,3.8,1.9792,GO,0.0
2274,Team 13,14,10,KICK,0.9201950407592125,1,3,2.6948,KICK,0.0
2275,Team 09,36,12,KICK,0.533698835432901,1,3,1.0527,KICK,0.0
2276,Team 16,67,11,PUNT,,,-0.236,-0.236,PUNT,0.0
2277,Team 02,36,12,KICK,0.533698835432901,1,3,1.0527,KICK,0.0
2278,Team 03,74,14,PUNT,,,-0.292,-0.292,PUNT,0.0
2279,Team 15,30,7,PUNT,,,0.06,0.06,KICK,1.6443
2280,Team 12,40,14,PUNT,,,-0.02,-0.02,KICK,0.5999
2281,Team 02,46,3,GO,0.563227497954577,0,-2.12,1.4171,GO,0.0
2282,Team 08,67,8,PUNT,,,-0.236,-0.236,PUNT,0.0
2283,Team 12,31,3,GO,0.6695497215555487,1,4.76,2.5856,GO,0.0
2284,Team 06,21,2,KICK,0.8468362842349139,1,3,2.3971,GO,0.4408
2285,Team 07,27,7,KICK,0.7464939833376621,1,3,1.9779,KICK,0.0
2286,Team 10,79,1,GO,0.570954621992401,1,2.84,0.4288,GO,0.0
2287,Team 13,32,8,GO,0.4247517878519248,1,4.72,0.9464,KICK,0.554
2288,Team 09,48,9,KICK,0.24508501313237172,1,3,-0.2975,GO,0.2934
2289,Team 11,80,13,PUNT,,,-0.34,-0.34,PUNT,0.0
2290,Team 13,86,7,PUNT,,,-0.388,-0.388,GO,0.0939
2291,Team 13,46,12,KICK,0.2859777732226985,1,3,-0.096,PUNT,0.028
2292,Team 08,73,10,PUNT,,,-0.284,-0.284,PUNT,0.0
2293,Team 08,21,13,KICK,0.8468362842349139,1,3,2.3971,KICK,0.0
2294,Team 06,79,9,GO,0.29156836022871013,1,2.84,-1.1414,PUNT,0.8094
2295,Team 10,72,3,PUNT,,,-0.276,-0.276,GO,0.2943
2296,Team 05,46,4,GO,0.47571317758111337,1,4.16,0.8675,GO,0.0
2297,Team 14,18,1,KICK,0.8833970308388606,1,3,2.5466,GO,0.2603
2298,Team 08,28,11,KICK,0.7261149812607792,1,3,1.8913,KICK,0.0
2299,Team 05,27,13,KICK,0.7464939833376621,0,-1.032,1.9779,KICK,0.0
2300,Team 08,19,8,KICK,0.8721384336809187,1,3,2.5008,KICK,0.0
2301,Team 07,81,1,GO,0.7454553407611428,1,2.76,1.3396,GO,0.0
2302,Team 09,75,13,PUNT,,,-0.3,-0.3,PUNT,0.0
2303,Team 13,36,4,GO,0.6403084946867348,1,4.56,2.2292,GO,0.0
2304,Team 10,73,14,KICK,0.022977369910025632,0,-1.768,-1.6584,PUNT,1.3744
2305,Team 07,64,4,GO,0.6021709365103962,0,-2.48,1.0849,GO,0.0
2306,Team 08,84,10,GO,0.22912103651254975,0,-2.88,-1.6153,PUNT,1.2433
2307,Team 07,87,6,PUNT,,,-0.396,-0.396,GO,0.1512
2308,Team 02,64,14,KICK,0.05705458259892049,0,-1.624,-1.3602,PUNT,1.1482
2309,Team 03,72,15,PUNT,,,-0.276,-0.276,PUNT,0.0
2310,Team 11,57,4,PUNT,,,-0.156,-0.156,GO,0.122
2311,Team 13,75,5,GO,0.5882421741646358,0,-2.7,0.653,GO,0.0
2312,Team 02,77,4,GO,0.5085669512394625,1,2.92,0.1385,GO,0.0
2313,Team 07,70,2,GO,0.7015142308273599,1,3.2,1.4688,GO,0.0
2314,Team 13,32,4,GO,0.6403084946867348,1,4.72,2.3604,GO,0.0
2315,Team 08,54,2,GO,0.6333740470762804,1,3.84,1.5962,GO,0.0
2316,Team 10,69,8,PUNT,,,-0.252,-0.252,PUNT,0.0
2317,Team 03,23,13,PUNT,,,0.116,0.116,KICK,2.1601
2318,Team 07,18,3,GO,0.6535134081523024,1,5.28,2.91,GO,0.0
2319,Team 08,12,1,KICK,0.9343184948673792,1,3,2.7509,GO,0.5614
2320,Team 07,51,11,GO,0.2449960169720538,0,-2.22,-0.7059,PUNT,0.5979
2321,Team 12,76,1,GO,0.7588068543713931,1,2.96,1.59,GO,0.0
2322,Team 02,90,15,PUNT,,,-0.42,-0.42,PUNT,0.0
2323,Team 16,19,4,KICK,0.8721384336809187,1,3,2.5008,KICK,0.0
2324,Team 03,37,15,KICK,0.5074994375506204,0,-1.192,0.9354,KICK,0.0
2325,Team 16,65,2,GO,0.6713465706923882,1,3.4,1.4609,GO,0.0
2326,Team 03,20,10,KICK,0.8599650843722273,1,3,2.4511,KICK,0.0
2327,Team 09,80,14,PUNT,,,-0.34,-0.34,PUNT,0.0
2328,Team 15,71,4,GO,0.4948104192229929,0,-2.62,0.24,GO,0.0
2329,Team 05,48,14,PUNT,,,-0.084,-0.084,PUNT,0.0
2330,Team 11,35,4,GO,0.38052964198407724,0,-1.9,0.5734,KICK,0.595
2331,Team 06,79,13,PUNT,,,-0.332,-0.332,PUNT,0.0
2332,Team 10,65,4,PUNT,,,-0.22,-0.22,GO,0.1243
2333,Team 03,40,5,KICK,0.42922838810550845,0,-1.24,0.5799,KICK,0.0
2334,Team 13,82,12,KICK,0.009058068762720846,0,-1.912,-1.8675,PUNT,1.5115
2335,Team 01,35,5,GO,0.4739908119572121,1,4.6,1.1809,GO,0.0
2336,Team 14,43,1,GO,0.6384478943768523,0,-2.06,1.9878,GO,0.0
2337,Team 11,62,1,GO,0.5430678179428203,0,-2.44,0.7967,GO,0.0
2338,Team 01,71,15,KICK,0.02819528797014257,0,-1.736,-1.6025,PUNT,1.3345
2339,Team 07,18,10,KICK,0.8833970308388606,1,3,2.5466,KICK,0.0
2340,Team 07,16,12,KICK,0.903348789058409,1,3,2.6273,KICK,0.0
2341,Team 06,29,10,KICK,0.7047456979980911,1,3,1.8001,KICK,0.0
2342,Team 08,69,15,PUNT,,,-0.252,-0.252,PUNT,0.0
2343,Team 12,24,4,GO,0.6191988694215159,1,5.04,2.481,GO,0.0
2344,Team 01,70,2,GO,0.6354962284153843,1,3.2,1.0859,GO,0.0
2345,Team 04,40,2,GO,0.5733178358600778,1,4.4,1.6692,GO,0.0
2346,Team 03,34,11,KICK,0.5854045691294653,1,3,1.2819,KICK,0.0
2347,Team 13,31,5,KICK,0.6592603884513855,1,3,1.6043,GO,0.4463
2348,Team 11,56,9,KICK,0.12292695083285751,0,-1.496,-0.9433,PUNT,0.7953
2349,Team 04,24,8,KICK,0.8013892651145572,0,-0.984,2.2087,KICK,0.0
2350,Team 05,61,3,GO,0.5306555509303387,1,3.56,0.7533,GO,0.0
2351,Team 10,60,5,PUNT,,,-0.18,-0.18,PUNT,0.0
2352,Team 01,61,14,PUNT,,,-0.188,-0.188,PUNT,0.0
2353,Team 06,29,12,KICK,0.7047456979980911,1,3,1.8001,KICK,0.0
2354,Team 06,25,9,KICK,0.7841471891774855,1,3,2.1366,KICK,0.0
2355,Team 12,30,11,KICK,0.6824383021930649,1,3,1.7043,KICK,0.0
2356,Team 03,24,4,KICK,0.8013892651145572,1,3,2.2087,KICK,0.0
2357,Team 08,64,12,PUNT,,,-0.212,-0.212,PUNT,0.0
2358,Team 04,15,14,KICK,0.9121360851706988,1,3,2.6626,KICK,0.0
2359,Team 15,21,2,GO,0.6033015971633345,1,5.16,2.4704,GO,0.0
2360,Team 07,52,14,PUNT,,,-0.116,-0.116,PUNT,0.0
2361,Team 02,68,2,GO,0.6163941829217663,1,3.28,1.0397,GO,0.0
2362,Team 12,43,9,KICK,0.35434369377420466,0,-1.288,0.2314,KICK,0.0
2363,Team 10,80,6,GO,0.3069849581582148,0,-2.8,-1.0809,PUNT,0.7409
2364,Team 11,30,3,KICK,0.6824383021930649,1,3,1.7043,KICK,0.0
2365,Team 12,29,14,KICK,0.7047456979980911,0,-1.064,1.8001,KICK,0.0
2366,Team 02,58,13,PUNT,,,-0.164,-0.164,PUNT,0.0
2367,Team 03,11,3,GO,0.4932149019395633,0,-1.42,2.0226,KICK,0.7526
2368,Team 11,32,7,KICK,0.6352948493228072,1,3,1.5003,KICK,0.0
2369,Team 07,80,7,PUNT,,,-0.34,-0.34,PUNT,0.0
2370,Team 09,82,15,PUNT,,,-0.356,-0.356,PUNT,0.0
2371,Team 08,34,2,KICK,0.5854045691294653,0,-1.144,1.2819,GO,0.9677
2372,Team 04,25,13,KICK,0.7841471891774855,1,3,2.1366,KICK,0.0
2373,Team 14,85,12,PUNT,,,-0.38,-0.38,PUNT,0.0
2374,Team 02,60,14,PUNT,,,-0.18,-0.18,PUNT,0.0
2375,Team 12,19,6,KICK,0.8721384336809187,1,3,2.5008,KICK,0.0
2376,Team 05,12,9,KICK,0.9343184948673792,1,3,2.7509,KICK,0.0
2377,Team 09,58,4,GO,0.6132802431683475,0,-2.36,1.3442,GO,0.0
2378,Team 14,70,13,PUNT,,,-0.26,-0.26,PUNT,0.0
2379,Team 07,12,6,GO,0.4936300767509541,0,-1.44,1.9957,KICK,0.7553
2380,Team 03,50,10,KICK,0.20833350927014557,0,-1.4,-0.4833,PUNT,0.3833
2381,Team 02,47,12,PUNT,,,-0.076,-0.076,PUNT,0.0
2382,Team 13,41,8,GO,0.4247517878519248,0,-2.02,0.6899,GO,0.0
2383,Team 11,80,1,GO,0.5430678179428203,0,-2.8,0.2412,GO,0.0
2384,Team 08,67,6,GO,0.41744252810344173,0,-2.54,-0.0938,GO,0.0
2385,Team 08,47,9,PUNT,,,-0.076,-0.076,PUNT,0.0
2386,Team 11,46,11,KICK,0.2859777732226985,0,-1.336,-0.096,PUNT,0.028
2387,Team 07,35,9,KICK,0.5597136492671929,0,-1.16,1.1684,KICK,0.0
2388,Team 02,13,9,KICK,0.9275735146384823,0,-0.808,2.7242,KICK,0.0
2389,Team 12,76,7,PUNT,,,-0.308,-0.308,GO,0.1818
2390,Team 09,49,12,GO,0.2143538594376484,1,4.04,-0.8467,PUNT,0.7547
2391,Team 09,34,8,KICK,0.5854045691294653,1,3,1.2819,KICK,0.0
2392,Team 14,43,2,PUNT,,,-0.044,-0.044,GO,1.7011
2393,Team 11,78,11,PUNT,,,-0.324,-0.324,PUNT,0.0
2394,Team 12,51,12,PUNT,,,-0.108,-0.108,PUNT,0.0
2395,Team 16,14,3,GO,0.6211145745754056,1,5.44,2.8181,GO,0.0
2396,Team 12,43,6,KICK,0.35434369377420466,0,-1.288,0.2314,GO,0.9517
2397,Team 15,49,14,KICK,0.22618142573054625,0,-1.384,-0.3924,PUNT,0.3004
2398,Team 06,33,8,KICK,0.610639233949222,1,3,1.3927,KICK,0.0
2399,Team 07,36,13,KICK,0.533698835432901,1,3,1.0527,KICK,0.0
2400,Team 08,69,10,PUNT,,,-0.252,-0.252,PUNT,0.0
2401,Team 02,19,1,KICK,0.8721384336809187,1,3,2.5008,GO,0.4675
2402,Team 12,17,11,KICK,0.8937850083248244,1,3,2.5887,KICK,0.0
2403,Team 01,15,10,KICK,0.9121360851706988,1,3,2.6626,KICK,0.0
2404,Team 04,29,10,KICK,0.7047456979980911,1,3,1.8001,KICK,0.0
2405,Team 03,79,5,PUNT,,,-0.332,-0.332,PUNT,0.0
2406,Team 10,51,14,PUNT,,,-0.108,-0.108,PUNT,0.0
2407,Team 04,58,8,GO,0.2641325125711688,0,-2.36,-0.7646,PUNT,0.6006
2408,Team 13,25,13,KICK,0.7841471891774855,0,-1.0,2.1366,KICK,0.0
2409,Team 06,47,12,KICK,0.2650274005334813,1,3,-0.1986,PUNT,0.1226
2410,Team 01,18,1,GO,0.6847891621792315,1,5.28,3.124,GO,0.0
2411,Team 03,83,1,PUNT,,,-0.364,-0.364,GO,0.8378
2412,Team 04,15,2,KICK,0.9121360851706988,1,3,2.6626,KICK,0.0
2413,Team 03,53,3,PUNT,,,-0.124,-0.124,GO,0.8923
2414,Team 05,77,15,PUNT,,,-0.316,-0.316,PUNT,0.0
2415,Team 11,16,2,KICK,0.903348789058409,1,3,2.6273,KICK,0.0
2416,Team 05,57,6,GO,0.36883363288543497,0,-2.34,-0.1049,GO,0.0
2417,Team 04,17,5,KICK,0.8937850083248244,1,3,2.5887,KICK,0.0
2418,Team 08,45,3,GO,0.5809608534948784,1,4.2,1.5601,GO,0.0
2419,Team 13,25,6,KICK,0.7841471891774855,1,3,2.1366,KICK,0.0
2420,Team 08,49,5,GO,0.4717100045295637,1,4.04,0.754,GO,0.0
2421,Team 05,77,2,GO,0.5848647368258585,1,2.92,0.5703,GO,0.0
2422,Team 08,22,12,KICK,0.8327160444615168,1,3,2.3389,KICK,0.0
2423,Team 13,42,13,KICK,0.37871640480893237,0,-1.272,0.3459,KICK,0.0
2424,Team 05,30,9,GO,0.2319694549799276,1,4.8,-0.269,KICK,1.9733
2425,Team 14,83,15,PUNT,,,-0.364,-0.364,PUNT,0.0
2426,Team 14,32,15,KICK,0.6352948493228072,1,3,1.5003,KICK,0.0
2427,Team 03,88,7,KICK,0.004844764997639799,0,-2.008,-1.9837,PUNT,1.5797
2428,Team 16,53,10,PUNT,,,-0.124,-0.124,PUNT,0.0
2429,Team 10,44,14,PUNT,,,-0.052,-0.052,KICK,0.1714
2430,Team 10,67,10,PUNT,,,-0.236,-0.236,PUNT,0.0
2431,Team 15,70,13,KICK,0.031219353750143126,0,-1.72,-1.5726,PUNT,1.3126
2432,Team 05,59,5,PUNT,,,-0.172,-0.172,GO,0.3285
2433,Team 06,18,8,KICK,0.8833970308388606,0,-0.888,2.5466,KICK,0.0
2434,Team 02,18,14,KICK,0.8833970308388606,1,3,2.5466,KICK,0.0
2435,Team 06,34,13,KICK,0.5854045691294653,1,3,1.2819,KICK,0.0
2436,Team 03,45,7,PUNT,,,-0.06,-0.06,KICK,0.0701
2437,Team 10,13,2,KICK,0.9275735146384823,0,-0.808,2.7242,KICK,0.0
2438,Team 01,88,15,PUNT,,,-0.404,-0.404,PUNT,0.0
2439,Team 10,83,11,PUNT,,,-0.364,-0.364,PUNT,0.0
2440,Team 14,31,8,KICK,0.6592603884513855,0,-1.096,1.6043,KICK,0.0
2441,Team 09,60,8,GO,0.3967851966138369,1,3.6,-0.0193,GO,0.0
2442,Team 05,66,9,PUNT,,,-0.228,-0.228,PUNT,0.0
2443,Team 02,21,1,GO,0.6669163928212177,1,5.16,2.9017,GO,0.0
2444,Team 01,66,5,GO,0.4739908119572121,0,-2.52,0.2671,GO,0.0
2445,Team 09,78,8,PUNT,,,-0.324,-0.324,PUNT,0.0
2446,Team 07,85,13,GO,0.1728615552408277,1,2.6,-1.9493,PUNT,1.5693
2447,Team 07,59,7,GO,0.4389360721152808,0,-2.38,0.2624,GO,0.0
2448,Team 08,64,5,GO,0.4717100045295637,1,3.44,0.3125,GO,0.0
2449,Team 14,57,6,GO,0.37019832268003167,0,-2.34,-0.0966,GO,0.0
2450,Team 11,58,9,PUNT,,,-0.164,-0.164,PUNT,0.0
2451,Team 09,21,6,GO,0.5052802311918284,1,5.16,1.8058,KICK,0.5913
2452,Team 03,28,3,KICK,0.7261149812607792,0,-1.048,1.8913,KICK,0.0
2453,Team 08,50,9,PUNT,,,-0.1,-0.1,PUNT,0.0
2454,Team 04,42,8,PUNT,,,-0.036,-0.036,KICK,0.3819
2455,Team 14,27,11,KICK,0.7464939833376621,1,3,1.9779,KICK,0.0
2456,Team 02,79,13,PUNT,,,-0.332,-0.332,PUNT,0.0
2457,Team 07,48,9,KICK,0.24508501313237172,0,-1.368,-0.2975,GO,0.2281
2458,Team 06,79,7,PUNT,,,-0.332,-0.332,PUNT,0.0
2459,Team 09,22,1,GO,0.7541967228490082,0,-1.64,3.4584,GO,0.0
2460,Team 10,77,5,PUNT,,,-0.316,-0.316,PUNT,0.0
2461,Team 02,65,8,GO,0.30032959740928544,0,-2.5,-0.7281,PUNT,0.5081
2462,Team 13,63,7,PUNT,,,-0.204,-0.204,GO,0.5904
2463,Team 11,59,5,GO,0.3301955444039654,0,-2.38,-0.3922,PUNT,0.2202
2464,Team 03,38,9,KICK,0.4812587841214649,1,3,0.8171,KICK,0.0
2465,Team 16,28,12,KICK,0.7261149812607792,1,3,1.8913,KICK,0.0
2466,Team 15,48,2,GO,0.6033015971633345,1,4.08,1.6046,GO,0.0
2467,Team 15,89,6,GO,0.386805767152458,0,-2.98,-0.8835,PUNT,0.4715
2468,Team 08,88,14,GO,0.10975159289447892,0,-2.96,-2.363,PUNT,1.959
2469,Team 15,17,7,KICK,0.8937850083248244,1,3,2.5887,KICK,0.0
2470,Team 12,41,10,KICK,0.40371730070321227,0,-1.256,0.4622,KICK,0.0
2471,Team 06,66,14,KICK,0.046752805099547774,0,-1.656,-1.4383,PUNT,1.2103
2472,Team 08,62,13,PUNT,,,-0.196,-0.196,PUNT,0.0
2473,Team 06,79,4,GO,0.55285699926031,1,2.84,0.3271,GO,0.0
2474,Team 15,71,13,PUNT,,,-0.268,-0.268,PUNT,0.0
2475,Team 15,40,8,KICK,0.42922838810550845,0,-1.24,0.5799,KICK,0.0
2476,Team 05,87,2,PUNT,,,-0.396,-0.396,GO,0.6494
2477,Team 12,31,6,GO,0.5115352589374579,0,-1.82,1.5459,KICK,0.0584
2478,Team 13,86,14,PUNT,,,-0.388,-0.388,PUNT,0.0
2479,Team 05,41,7,PUNT,,,-0.028,-0.028,KICK,0.4902
2480,Team 06,71,4,GO,0.55285699926031,1,3.16,0.5755,GO,0.0
2481,Team 09,45,1,GO,0.7541967228490082,1,4.2,2.6514,GO,0.0
2482,Team 11,40,4,KICK,0.42922838810550845,1,3,0.5799,KICK,0.0
2483,Team 01,12,3,GO,0.583186768451493,0,-1.44,2.619,KICK,0.132
2484,Team 06,57,11,PUNT,,,-0.156,-0.156,PUNT,0.0
2485,Team 12,51,4,GO,0.6191988694215159,1,3.96,1.6066,GO,0.0
2486,Team 05,31,13,KICK,0.6592603884513855,0,-1.096,1.6043,KICK,0.0
2487,Team 09,30,5,GO,0.5599900585150124,0,-1.8,1.8959,GO,0.0
2488,Team 05,48,13,KICK,0.24508501313237172,1,3,-0.2975,PUNT,0.2135
2489,Team 09,45,12,KICK,0.3078904956982119,1,3,0.0101,KICK,0.0
2490,Team 08,17,10,KICK,0.8937850083248244,1,3,2.5887,KICK,0.0
2491,Team 08,37,5,KICK,0.5074994375506204,0,-1.192,0.9354,GO,0.1718
2492,Team 08,45,3,GO,0.5809608534948784,0,-2.1,1.5601,GO,0.0
2493,Team 05,77,3,PUNT,,,-0.316,-0.316,GO,0.5795
2494,Team 08,89,5,KICK,0.004363968112352547,0,-2.024,-2.0021,PUNT,1.5901
2495,Team 11,77,6,PUNT,,,-0.316,-0.316,PUNT,0.0
2496,Team 03,21,5,KICK,0.8468362842349139,0,-0.936,2.3971,KICK,0.0
2497,Team 01,90,9,KICK,0.003930697284418408,0,-2.04,-2.0202,PUNT,1.6002
2498,Team 06,62,6,GO,0.4433001665920852,0,-2.44,0.2021,GO,0.0
2499,Team 11,84,4,PUNT,,,-0.372,-0.372,PUNT,0.0
2500,Team 04,39,4,GO,0.4639130714247188,1,4.44,0.9983,GO,0.0
2501,Team 07,34,4,KICK,0.5854045691294653,1,3,1.2819,GO,0.7642
2502,Team 10,79,8,PUNT,,,-0.332,-0.332,PUNT,0.0
2503,Team 11,51,8,PUNT,,,-0.108,-0.108,PUNT,0.0
2504,Team 06,34,6,KICK,0.5854045691294653,0,-1.144,1.2819,KICK,0.0
2505,Team 07,42,13,PUNT,,,-0.036,-0.036,KICK,0.3819
2506,Team 09,81,7,PUNT,,,-0.348,-0.348,GO,0.0415
2507,Team 14,69,15,PUNT,,,-0.252,-0.252,PUNT,0.0
2508,Team 13,10,10,KICK,0.9460888925720083,1,3,2.7973,KICK,0.0
2509,Team 03,81,6,PUNT,,,-0.348,-0.348,PUNT,0.0
2510,Team 05,55,13,PUNT,,,-0.14,-0.14,PUNT,0.0
2511,Team 10,35,2,KICK,0.5597136492671929,1,3,1.1684,GO,0.2884
2512,Team 06,19,13,KICK,0.8721384336809187,1,3,2.5008,KICK,0.0
2513,Team 12,36,11,KICK,0.533698835432901,0,-1.176,1.0527,KICK,0.0
2514,Team 10,15,1,KICK,0.9121360851706988,0,-0.84,2.6626,KICK,0.0
2515,Team 14,83,12,KICK,0.008162571153159897,0,-1.928,-1.8878,PUNT,1.5238
2516,Team 14,10,13,KICK,0.9460888925720083,1,3,2.7973,KICK,0.0
2517,Team 10,38,12,GO,0.10581192006446227,0,-1.96,-1.2786,KICK,2.0957
2518,Team 02,43,2,GO,0.6163941829217663,1,4.28,1.8479,GO,0.0
2519,Team 06,64,12,PUNT,,,-0.212,-0.212,PUNT,0.0
2520,Team 15,73,5,PUNT,,,-0.284,-0.284,GO,0.1502
2521,Team 10,56,9,PUNT,,,-0.148,-0.148,PUNT,0.0
2522,Team 02,41,11,KICK,0.40371730070321227,0,-1.256,0.4622,KICK,0.0
2523,Team 12,41,6,GO,0.5115352589374579,0,-2.02,1.2436,GO,0.0
2524,Team 03,82,3,PUNT,,,-0.356,-0.356,GO,0.2583
2525,Team 12,43,15,PUNT,,,-0.044,-0.044,KICK,0.2754
2526,Team 06,78,2,GO,0.6575107676168527,0,-2.76,0.9484,GO,0.0
2527,Team 10,44,7,GO,0.262260411474723,0,-2.08,-0.4225,KICK,0.5419
2528,Team 14,56,11,KICK,0.12292695083285751,0,-1.496,-0.9433,PUNT,0.7953
2529,Team 09,46,1,GO,0.7541967228490082,1,4.16,2.6164,GO,0.0
2530,Team 05,16,4,KICK,0.903348789058409,1,3,2.6273,KICK,0.0
2531,Team 12,86,15,PUNT,,,-0.388,-0.388,PUNT,0.0
2532,Team 09,48,15,KICK,0.24508501313237172,0,-1.368,-0.2975,PUNT,0.2135
2533,Team 11,56,1,GO,0.5430678179428203,0,-2.32,0.9819,GO,0.0
2534,Team 04,17,5,KICK,0.8937850083248244,1,3,2.5887,KICK,0.0
2535,Team 11,89,2,GO,0.48817701060294577,0,-2.98,-0.3341,GO,0.0
2536,Team 01,41,1,GO,0.6847891621792315,1,4.36,2.349,GO,0.0
2537,Team 11,12,15,KICK,0.9343184948673792,1,3,2.7509,KICK,0.0
2538,Team 04,46,5,GO,0.4098467016511046,1,4.16,0.4538,GO,0.0
2539,Team 11,44,10,PUNT,,,-0.052,-0.052,KICK,0.1714
2540,Team 15,64,7,PUNT,,,-0.212,-0.212,PUNT,0.0
2541,Team 06,54,4,PUNT,,,-0.132,-0.132,GO,1.2355
2542,Team 11,86,14,PUNT,,,-0.388,-0.388,PUNT,0.0
2543,Team 05,33,9,KICK,0.610639233949222,0,-1.128,1.3927,KICK,0.0
2544,Team 10,15,10,KICK,0.9121360851706988,1,3,2.6626,KICK,0.0
2545,Team 05,79,5,GO,0.42135247739455595,0,-2.78,-0.412,PUNT,0.08
2546,Team 06,86,4,GO,0.55285699926031,0,-2.92,0.1097,GO,0.0
2547,Team 14,81,9,PUNT,,,-0.348,-0.348,PUNT,0.0
2548,Team 13,76,9,PUNT,,,-0.308,-0.308,PUNT,0.0
2549,Team 08,67,2,GO,0.6333740470762804,1,3.32,1.1716,GO,0.0
2550,Team 09,67,11,GO,0.25371834854844727,1,3.32,-1.0532,PUNT,0.8172
2551,Team 07,81,3,GO,0.6535134081523024,0,-2.82,0.8266,GO,0.0
2552,Team 01,59,2,GO,0.6354962284153843,1,3.64,1.4457,GO,0.0
2553,Team 02,61,7,GO,0.34847963982711555,0,-2.42,-0.3361,PUNT,0.1481
2554,Team 09,73,15,PUNT,,,-0.284,-0.284,PUNT,0.0
2555,Team 01,33,11,KICK,0.610639233949222,0,-1.128,1.3927,KICK,0.0
2556,Team 16,14,7,KICK,0.9201950407592125,1,3,2.6948,KICK,0.0
2557,Team 11,77,3,GO,0.4335698705359307,1,2.92,-0.286,GO,0.0
2558,Team 15,90,5,PUNT,,,-0.42,-0.42,PUNT,0.0
2559,Team 15,23,11,KICK,0.8175744761936437,1,3,2.2761,KICK,0.0
2560,Team 05,88,6,PUNT,,,-0.404,-0.404,PUNT,0.0
2561,Team 02,63,2,PUNT,,,-0.204,-0.204,GO,1.4054
2562,Team 06,80,13,PUNT,,,-0.34,-0.34,PUNT,0.0
2563,Team 07,89,10,GO,0.2879254391158803,0,-2.98,-1.4194,PUNT,1.0074
2564,Team 11,14,2,KICK,0.9201950407592125,1,3,2.6948,KICK,0.0
2565,Team 05,88,6,GO,0.36883363288543497,0,-2.96,-0.9535,PUNT,0.5495
2566,Team 04,31,3,KICK,0.6592603884513855,1,3,1.6043,KICK,0.0
2567,Team 11,82,4,GO,0.38052964198407724,0,-2.84,-0.7243,PUNT,0.3683
2568,Team 16,84,6,PUNT,,,-0.372,-0.372,GO,0.0238
2569,Team 02,53,5,GO,0.4537008049433731,1,3.88,0.5257,GO,0.0
2570,Team 09,14,6,GO,0.5052802311918284,1,5.44,2.0165,KICK,0.6783
2571,Team 06,80,2,GO,0.6575107676168527,1,2.8,0.8821,GO,0.0
2572,Team 09,79,14,PUNT,,,-0.332,-0.332,PUNT,0.0
2573,Team 16,40,10,PUNT,,,-0.02,-0.02,KICK,0.5999
2574,Team 06,27,6,KICK,0.7464939833376621,0,-1.032,1.9779,KICK,0.0
2575,Team 16,43,15,KICK,0.35434369377420466,1,3,0.2314,KICK,0.0
2576,Team 12,71,6,PUNT,,,-0.268,-0.268,GO,0.6047
2577,Team 02,15,1,KICK,0.9121360851706988,1,3,2.6626,GO,0.4391
2578,Team 11,81,15,PUNT,,,-0.348,-0.348,PUNT,0.0
2579,Team 04,73,6,PUNT,,,-0.284,-0.284,PUNT,0.0
2580,Team 01,44,9,GO,0.2720729233363795,0,-2.08,-0.3605,KICK,0.4799
2581,Team 13,56,3,GO,0.6892688541839076,0,-2.32,1.8708,GO,0.0
2582,Team 16,43,9,PUNT,,,-0.044,-0.044,KICK,0.2754
2583,Team 08,81,9,PUNT,,,-0.348,-0.348,PUNT,0.0
2584,Team 15,60,7,PUNT,,,-0.18,-0.18,PUNT,0.0
2585,Team 13,41,11,KICK,0.40371730070321227,1,3,0.4622,KICK,0.0
2586,Team 03,73,6,GO,0.3346691378560442,1,3.08,-0.739,PUNT,0.455
2587,Team 05,73,14,PUNT,,,-0.284,-0.284,PUNT,0.0
2588,Team 09,66,13,PUNT,,,-0.228,-0.228,PUNT,0.0
2589,Team 10,80,10,PUNT,,,-0.34,-0.34,PUNT,0.0
2590,Team 13,81,1,GO,0.7749896631651041,1,2.76,1.5044,GO,0.0
2591,Team 14,78,7,PUNT,,,-0.324,-0.324,PUNT,0.0
2592,Team 16,51,11,PUNT,,,-0.108,-0.108,PUNT,0.0
2593,Team 13,67,9,GO,0.3720816900525986,1,3.32,-0.3596,PUNT,0.1236
2594,Team 01,89,6,PUNT,,,-0.412,-0.412,PUNT,0.0
2595,Team 04,84,1,GO,0.6260717063282923,0,-2.88,0.5759,GO,0.0
2596,Team 08,53,15,PUNT,,,-0.124,-0.124,PUNT,0.0
2597,Team 16,29,1,GO,0.7179431443239072,0,-1.78,2.9728,GO,0.0
2598,Team 11,77,14,PUNT,,,-0.316,-0.316,PUNT,0.0
2599,Team 11,42,5,PUNT,,,-0.036,-0.036,KICK,0.3819
2600,Team 04,27,15,KICK,0.7464939833376621,1,3,1.9779,KICK,0.0
2601,Team 10,87,1,GO,0.570954621992401,0,-2.94,0.1774,GO,0.0
2602,Team 02,90,13,PUNT,,,-0.42,-0.42,PUNT,0.0
2603,Team 16,24,1,GO,0.7179431443239072,0,-1.68,3.1446,GO,0.0
2604,Team 05,45,15,KICK,0.3078904956982119,0,-1.32,0.0101,KICK,0.0
2605,Team 09,61,13,PUNT,,,-0.188,-0.188,PUNT,0.0
2606,Team 10,16,13,KICK,0.903348789058409,1,3,2.6273,KICK,0.0
2607,Team 15,15,15,KICK,0.9121360851706988,1,3,2.6626,KICK,0.0
2608,Team 10,29,6,KICK,0.7047456979980911,1,3,1.8001,KICK,0.0
2609,Team 06,54,2,GO,0.6575107676168527,1,3.84,1.744,GO,0.0
2610,Team 07,48,7,GO,0.4389360721152808,1,4.08,0.579,GO,0.0
2611,Team 15,85,13,PUNT,,,-0.38,-0.38,PUNT,0.0
2612,Team 13,33,5,GO,0.5882421741646358,0,-1.86,1.9871,GO,0.0
2613,Team 15,85,5,GO,0.4400992987044506,0,-2.9,-0.4795,PUNT,0.0995
2614,Team 14,57,2,GO,0.5862862634331419,0,-2.34,1.2129,GO,0.0
2615,Team 04,19,13,KICK,0.8721384336809187,1,3,2.5008,KICK,0.0
2616,Team 07,78,14,PUNT,,,-0.324,-0.324,PUNT,0.0
2617,Team 05,41,3,GO,0.5306555509303387,0,-2.02,1.3656,GO,0.0
2618,Team 01,79,4,PUNT,,,-0.332,-0.332,GO,0.5246
2619,Team 06,39,12,KICK,0.45512110762641994,1,3,0.6984,KICK,0.0
2620,Team 16,29,5,KICK,0.7047456979980911,1,3,1.8001,KICK,0.0
2621,Team 09,47,1,GO,0.7541967228490082,1,4.12,2.5813,GO,0.0
2622,Team 15,73,5,GO,0.4400992987044506,1,3.08,-0.1338,GO,0.0
2623,Team 12,69,6,GO,0.5115352589374579,1,3.24,0.3971,GO,0.0
2624,Team 05,74,10,PUNT,,,-0.292,-0.292,PUNT,0.0
2625,Team 07,64,13,PUNT,,,-0.212,-0.212,PUNT,0.0
2626,Team 11,80,7,PUNT,,,-0.34,-0.34,PUNT,0.0
2627,Team 04,19,7,KICK,0.8721384336809187,1,3,2.5008,KICK,0.0
2628,Team 12,66,6,GO,0.5115352589374579,1,3.36,0.4878,GO,0.0
2629,Team 12,55,9,PUNT,,,-0.14,-0.14,PUNT,0.0
2630,Team 11,71,6,GO,0.2834726495239797,0,-2.62,-0.9815,PUNT,0.7135
2631,Team 08,82,3,GO,0.5809608534948784,1,2.72,0.3901,GO,0.0
2632,Team 05,58,4,GO,0.47571317758111337,1,3.68,0.5133,GO,0.0
2633,Team 16,27,4,KICK,0.7464939833376621,1,3,1.9779,GO,0.066
2634,Team 05,70,15,PUNT,,,-0.26,-0.26,PUNT,0.0
2635,Team 04,83,10,PUNT,,,-0.364,-0.364,PUNT,0.0
2636,Team 11,50,8,KICK,0.20833350927014557,0,-1.4,-0.4833,PUNT,0.3833
2637,Team 05,33,7,PUNT,,,0.036,0.036,KICK,1.3567
2638,Team 08,79,9,PUNT,,,-0.332,-0.332,PUNT,0.0
2639,Team 10,32,4,KICK,0.6352948493228072,1,3,1.5003,KICK,0.0
2640,Team 04,56,14,PUNT,,,-0.148,-0.148,PUNT,0.0
2641,Team 11,57,15,KICK,0.11204703855699037,0,-1.512,-1.0064,PUNT,0.8504
2642,Team 09,15,3,GO,0.6639890054498807,0,-1.5,3.0815,GO,0.0
2643,Team 03,57,2,GO,0.5480655976092276,0,-2.34,0.9813,GO,0.0
2644,Team 03,85,14,PUNT,,,-0.38,-0.38,PUNT,0.0
2645,Team 03,12,9,KICK,0.9343184948673792,1,3,2.7509,KICK,0.0
2646,Team 13,53,5,GO,0.5882421741646358,0,-2.26,1.3518,GO,0.0
2647,Team 14,73,7,PUNT,,,-0.284,-0.284,PUNT,0.0
2648,Team 06,90,7,PUNT,,,-0.42,-0.42,PUNT,0.0
2649,Team 04,20,2,KICK,0.8599650843722273,1,3,2.4511,KICK,0.0
2650,Team 14,65,8,PUNT,,,-0.22,-0.22,PUNT,0.0
2651,Team 14,77,3,GO,0.532114204592694,1,2.92,0.2718,GO,0.0
2652,Team 16,10,7,KICK,0.9460888925720083,1,3,2.7973,KICK,0.0
2653,Team 16,18,3,GO,0.6211145745754056,0,-1.56,2.6884,GO,0.0
2654,Team 13,84,3,GO,0.6892688541839076,1,2.64,0.9248,GO,0.0
2655,Team 13,48,11,KICK,0.24508501313237172,0,-1.368,-0.2975,PUNT,0.2135
2656,Team 13,47,6,GO,0.5341227138507878,1,4.12,1.2036,GO,0.0
2657,Team 02,60,7,GO,0.34847963982711555,1,3.6,-0.3091,PUNT,0.1291
2658,Team 01,66,14,PUNT,,,-0.228,-0.228,PUNT,0.0
2659,Team 12,82,9,PUNT,,,-0.356,-0.356,PUNT,0.0
2660,Team 07,36,6,GO,0.4936300767509541,1,4.56,1.2787,GO,0.0
2661,Team 01,39,9,KICK,0.45512110762641994,0,-1.224,0.6984,KICK,0.0
2662,Team 12,66,7,GO,0.4566464446563816,0,-2.52,0.1651,GO,0.0
2663,Team 06,26,7,KICK,0.7658456258197972,0,-1.016,2.0596,KICK,0.0
2664,Team 03,56,7,PUNT,,,-0.148,-0.148,PUNT,0.0
2665,Team 14,62,1,GO,0.6384478943768523,1,3.52,1.3651,GO,0.0
2666,Team 14,40,8,KICK,0.42922838810550845,0,-1.24,0.5799,KICK,0.0
2667,Team 16,28,13,KICK,0.7261149812607792,1,3,1.8913,KICK,0.0
2668,Team 02,38,10,PUNT,,,-0.004,-0.004,KICK,0.8211
2669,Team 13,26,7,KICK,0.7658456258197972,1,3,2.0596,KICK,0.0
2670,Team 04,90,2,PUNT,,,-0.42,-0.42,GO,0.5159
2671,Team 10,79,2,GO,0.5164308431129125,1,2.84,0.1223,GO,0.0
2672,Team 03,66,11,PUNT,,,-0.228,-0.228,PUNT,0.0
2673,Team 12,35,10,KICK,0.5597136492671929,1,3,1.1684,KICK,0.0
2674,Team 13,80,3,GO,0.6892688541839076,1,2.8,1.0599,GO,0.0
2675,Team 09,88,8,PUNT,,,-0.404,-0.404,PUNT,0.0
2676,Team 08,54,1,GO,0.682810727672691,0,-2.28,1.8988,GO,0.0
2677,Team 12,81,15,GO,0.1263249697938015,1,2.76,-2.1151,PUNT,1.7671
2678,Team 06,31,14,KICK,0.6592603884513855,1,3,1.6043,KICK,0.0
2679,Team 11,73,11,PUNT,,,-0.284,-0.284,PUNT,0.0
2680,Team 06,90,6,GO,0.4433001665920852,1,2.4,-0.6062,PUNT,0.1862
2681,Team 11,69,9,PUNT,,,-0.252,-0.252,PUNT,0.0
2682,Team 15,59,14,PUNT,,,-0.172,-0.172,PUNT,0.0
2683,Team 06,41,5,GO,0.4980552402097736,1,4.36,1.1576,GO,0.0
2684,Team 02,86,3,PUNT,,,-0.388,-0.388,GO,0.5545
2685,Team 13,44,13,GO,0.19729350377214794,1,4.24,-0.8331,KICK,0.9525
2686,Team 05,83,4,GO,0.47571317758111337,1,2.68,-0.2245,GO,0.0
2687,Team 15,39,11,KICK,0.45512110762641994,0,-1.224,0.6984,KICK,0.0
2688,Team 16,20,8,KICK,0.8599650843722273,1,3,2.4511,KICK,0.0
2689,Team 04,60,15,GO,0.07145180365825529,1,3.6,-1.9713,PUNT,1.7913
2690,Team 03,41,11,KICK,0.40371730070321227,1,3,0.4622,KICK,0.0
2691,Team 04,44,15,KICK,0.33070459722255413,0,-1.304,0.1194,KICK,0.0
2692,Team 01,37,14,KICK,0.5074994375506204,1,3,0.9354,KICK,0.0
2693,Team 16,82,8,GO,0.35303653218502695,1,2.72,-0.8771,PUNT,0.5211
2694,Team 08,30,5,KICK,0.6824383021930649,1,3,1.7043,KICK,0.0
2695,Team 13,28,15,KICK,0.7261149812607792,1,3,1.8913,KICK,0.0
2696,Team 16,39,15,KICK,0.45512110762641994,1,3,0.6984,KICK,0.0
2697,Team 07,77,12,PUNT,,,-0.316,-0.316,PUNT,0.0
2698,Team 08,42,14,KICK,0.37871640480893237,0,-1.272,0.3459,KICK,0.0
2699,Team 04,68,2,GO,0.5733178358600778,0,-2.56,0.7882,GO,0.0
2700,Team 09,12,2,GO,0.7111799598144781,0,-1.44,3.5098,GO,0.0
2701,Team 15,36,9,KICK,0.533698835432901,1,3,1.0527,KICK,0.0
2702,Team 03,41,2,GO,0.5480655976092276,1,4.36,1.4767,GO,0.0
2703,Team 04,13,5,KICK,0.9275735146384823,1,3,2.7242,KICK,0.0
2704,Team 15,42,9,PUNT,,,-0.036,-0.036,KICK,0.3819
2705,Team 06,65,14,PUNT,,,-0.22,-0.22,PUNT,0.0
2706,Team 14,82,11,PUNT,,,-0.356,-0.356,PUNT,0.0
2707,Team 05,24,5,KICK,0.8013892651145572,1,3,2.2087,KICK,0.0
2708,Team 04,72,8,PUNT,,,-0.276,-0.276,PUNT,0.0
2709,Team 12,29,12,KICK,0.7047456979980911,1,3,1.8001,KICK,0.0
2710,Team 06,46,2,GO,0.6575107676168527,1,4.16,2.0092,GO,0.0
2711,Team 14,28,11,KICK,0.7261149812607792,1,3,1.8913,KICK,0.0
2712,Team 15,59,14,PUNT,,,-0.172,-0.172,PUNT,0.0
2713,Team 02,69,11,PUNT,,,-0.252,-0.252,PUNT,0.0
2714,Team 14,69,13,PUNT,,,-0.252,-0.252,PUNT,0.0
2715,Team 14,47,15,KICK,0.2650274005334813,0,-1.352,-0.1986,PUNT,0.1226
2716,Team 01,42,3,GO,0.583186768451493,1,4.32,1.6691,GO,0.0
2717,Team 11,72,13,PUNT,,,-0.276,-0.276,PUNT,0.0
2718,Team 10,68,10,PUNT,,,-0.244,-0.244,PUNT,0.0
2719,Team 16,51,12,PUNT,,,-0.108,-0.108,PUNT,0.0
2720,Team 09,50,13,PUNT,,,-0.1,-0.1,PUNT,0.0
2721,Team 05,27,8,KICK,0.7464939833376621,1,3,1.9779,KICK,0.0
2722,Team 12,24,12,KICK,0.8013892651145572,1,3,2.2087,KICK,0.0
2723,Team 09,34,10,KICK,0.5854045691294653,1,3,1.2819,KICK,0.0
2724,Team 08,51,4,GO,0.5266544657992237,1,3.96,1.0347,GO,0.0
2725,Team 08,67,14,PUNT,,,-0.236,-0.236,PUNT,0.0
2726,Team 04,26,15,KICK,0.7658456258197972,1,3,2.0596,KICK,0.0
2727,Team 16,34,6,GO,0.45866498212655793,0,-1.88,1.1105,KICK,0.1714
2728,Team 05,13,10,KICK,0.9275735146384823,1,3,2.7242,KICK,0.0
2729,Team 03,72,4,GO,0.4385270604912484,0,-2.64,-0.1141,GO,0.0
2730,Team 03,23,10,KICK,0.8175744761936437,1,3,2.2761,KICK,0.0
2731,Team 16,58,12,PUNT,,,-0.164,-0.164,PUNT,0.0
2732,Team 06,48,4,KICK,0.24508501313237172,1,3,-0.2975,GO,1.5873
2733,Team 02,31,7,PUNT,,,0.052,0.052,KICK,1.5523
2734,Team 14,41,15,PUNT,,,-0.028,-0.028,KICK,0.4902
2735,Team 03,30,3,GO,0.4932149019395633,1,4.8,1.4552,KICK,0.2491
2736,Team 15,28,15,KICK,0.7261149812607792,1,3,1.8913,KICK,0.0
2737,Team 13,89,3,GO,0.6892688541839076,1,2.44,0.7558,GO,0.0
2738,Team 06,11,15,KICK,0.9404756340234984,1,3,2.7752,KICK,0.0
2739,Team 15,13,14,KICK,0.9275735146384823,1,3,2.7242,KICK,0.0
2740,Team 08,10,4,KICK,0.9460888925720083,1,3,2.7973,KICK,0.0
2741,Team 14,82,6,PUNT,,,-0.356,-0.356,PUNT,0.0
2742,Team 10,89,7,PUNT,,,-0.412,-0.412,PUNT,0.0
2743,Team 15,79,14,PUNT,,,-0.332,-0.332,PUNT,0.0
2744,Team 08,60,7,GO,0.3651035350617658,0,-2.4,-0.2094,PUNT,0.0294
2745,Team 10,48,1,GO,0.570954621992401,0,-2.16,1.4028,GO,0.0
2746,Team 05,79,11,PUNT,,,-0.332,-0.332,PUNT,0.0
2747,Team 15,70,1,GO,0.6545818519692127,1,3.2,1.1966,GO,0.0
2748,Team 12,15,8,KICK,0.9121360851706988,1,3,2.6626,KICK,0.0
2749,Team 11,59,12,KICK,0.09279295311715706,1,3,-1.1223,PUNT,0.9503
2750,Team 09,40,8,GO,0.3967851966138369,1,4.4,0.5394,KICK,0.0405
2751,Team 15,57,10,PUNT,,,-0.156,-0.156,PUNT,0.0
2752,Team 14,37,4,KICK,0.5074994375506204,1,3,0.9354,GO,0.2071
2753,Team 04,11,13,KICK,0.9404756340234984,1,3,2.7752,KICK,0.0
2754,Team 09,48,15,PUNT,,,-0.084,-0.084,PUNT,0.0
2755,Team 09,73,15,PUNT,,,-0.284,-0.284,PUNT,0.0
2756,Team 09,47,11,PUNT,,,-0.076,-0.076,PUNT,0.0
2757,Team 07,31,8,GO,0.3856863695078365,0,-1.82,0.7178,KICK,0.8865
2758,Team 14,83,7,PUNT,,,-0.364,-0.364,PUNT,0.0
2759,Team 01,41,13,KICK,0.40371730070321227,0,-1.256,0.4622,KICK,0.0
2760,Team 07,17,6,KICK,0.8937850083248244,1,3,2.5887,KICK,0.0
2761,Team 09,74,12,PUNT,,,-0.292,-0.292,PUNT,0.0
2762,Team 06,17,11,KICK,0.8937850083248244,1,3,2.5887,KICK,0.0
2763,Team 10,25,5,KICK,0.7841471891774855,0,-1.0,2.1366,KICK,0.0
2764,Team 09,82,1,GO,0.7541967228490082,1,2.72,1.3533,GO,0.0
2765,Team 12,72,12,PUNT,,,-0.276,-0.276,PUNT,0.0
2766,Team 02,75,9,PUNT,,,-0.3,-0.3,PUNT,0.0
2767,Team 04,43,1,GO,0.6260717063282923,0,-2.06,1.9093,GO,0.0
2768,Team 12,26,5,KICK,0.7658456258197972,1,3,2.0596,GO,0.0022
2769,Team 07,14,7,KICK,0.9201950407592125,1,3,2.6948,KICK,0.0
2770,Team 07,52,11,PUNT,,,-0.116,-0.116,PUNT,0.0
2771,Team 09,27,9,KICK,0.7464939833376621,0,-1.032,1.9779,KICK,0.0
2772,Team 08,71,13,PUNT,,,-0.268,-0.268,PUNT,0.0
2773,Team 16,32,6,GO,0.45866498212655793,1,4.72,1.1688,KICK,0.3315
2774,Team 08,16,15,KICK,0.903348789058409,1,3,2.6273,KICK,0.0
2775,Team 15,69,14,PUNT,,,-0.252,-0.252,PUNT,0.0
2776,Team 01,74,14,PUNT,,,-0.292,-0.292,PUNT,0.0
2777,Team 15,26,11,KICK,0.7658456258197972,1,3,2.0596,KICK,0.0
2778,Team 05,24,15,KICK,0.8013892651145572,1,3,2.2087,KICK,0.0
2779,Team 07,74,4,GO,0.6021709365103962,1,3.04,0.7644,GO,0.0
2780,Team 04,42,10,KICK,0.37871640480893237,1,3,0.3459,KICK,0.0
2781,Team 06,49,4,GO,0.55285699926031,1,4.04,1.2588,GO,0.0
2782,Team 16,21,3,KICK,0.8468362842349139,1,3,2.3971,GO,0.194
2783,Team 02,14,4,KICK,0.9201950407592125,1,3,2.6948,KICK,0.0
2784,Team 13,67,10,KICK,0.042289771842033794,0,-1.672,-1.4744,PUNT,1.2384
2785,Team 04,86,15,PUNT,,,-0.388,-0.388,PUNT,0.0
2786,Team 12,17,11,KICK,0.8937850083248244,1,3,2.5887,KICK,0.0
2787,Team 03,20,15,KICK,0.8599650843722273,1,3,2.4511,KICK,0.0
2788,Team 10,16,10,KICK,0.903348789058409,1,3,2.6273,KICK,0.0
2789,Team 05,56,13,KICK,0.12292695083285751,0,-1.496,-0.9433,PUNT,0.7953
2790,Team 16,18,5,KICK,0.8833970308388606,0,-0.888,2.5466,KICK,0.0
2791,Team 15,45,2,GO,0.6033015971633345,1,4.2,1.7008,GO,0.0
2792,Team 15,39,5,KICK,0.45512110762641994,1,3,0.6984,GO,0.147
2793,Team 06,69,4,GO,0.55285699926031,0,-2.58,0.6376,GO,0.0
2794,Team 11,51,4,KICK,0.19154534856146757,0,-1.416,-0.5701,GO,0.7018
2795,Team 16,62,4,GO,0.5681437558388193,0,-2.44,0.9461,GO,0.0
2796,Team 12,38,1,GO,0.7588068543713931,1,4.48,2.9267,GO,0.0
2797,Team 11,32,8,KICK,0.6352948493228072,1,3,1.5003,KICK,0.0
2798,Team 09,71,11,PUNT,,,-0.268,-0.268,PUNT,0.0
2799,Team 13,85,12,PUNT,,,-0.38,-0.38,PUNT,0.0
2800,Team 08,62,14,PUNT,,,-0.196,-0.196,PUNT,0.0
2801,Team 02,57,2,GO,0.6163941829217663,1,3.72,1.3953,GO,0.0
2802,Team 09,85,5,GO,0.5599900585150124,1,2.6,0.1799,GO,0.0
2803,Team 07,14,13,KICK,0.9201950407592125,1,3,2.6948,KICK,0.0
2804,Team 09,10,14,KICK,0.9460888925720083,1,3,2.7973,KICK,0.0
2805,Team 12,37,7,KICK,0.5074994375506204,0,-1.192,0.9354,GO,0.0745
2806,Team 16,13,10,KICK,0.9275735146384823,1,3,2.7242,KICK,0.0
2807,Team 05,69,6,PUNT,,,-0.252,-0.252,PUNT,0.0
2808,Team 13,40,15,PUNT,,,-0.02,-0.02,KICK,0.5999
2809,Team 10,85,11,PUNT,,,-0.38,-0.38,PUNT,0.0
2810,Team 04,13,10,KICK,0.9275735146384823,1,3,2.7242,KICK,0.0
2811,Team 07,51,12,KICK,0.19154534856146757,0,-1.416,-0.5701,PUNT,0.4621
2812,Team 13,18,10,KICK,0.8833970308388606,1,3,2.5466,KICK,0.0
2813,Team 11,53,15,PUNT,,,-0.124,-0.124,PUNT,0.0
2814,Team 05,65,14,KICK,0.051661435466084885,1,3,-1.4003,PUNT,1.1803
2815,Team 07,14,8,KICK,0.9201950407592125,1,3,2.6948,KICK,0.0
2816,Team 13,60,10,GO,0.3222836779454518,1,3.6,-0.4663,PUNT,0.2863
2817,Team 15,79,15,PUNT,,,-0.332,-0.332,PUNT,0.0
2818,Team 08,70,2,PUNT,,,-0.26,-0.26,GO,1.3336
2819,Team 07,41,6,GO,0.4936300767509541,1,4.36,1.1294,GO,0.0
2820,Team 10,10,12,KICK,0.9460888925720083,1,3,2.7973,KICK,0.0
2821,Team 13,14,13,KICK,0.9201950407592125,1,3,2.6948,KICK,0.0
2822,Team 12,79,6,PUNT,,,-0.332,-0.332,GO,0.4268
2823,Team 06,16,6,KICK,0.903348789058409,1,3,2.6273,KICK,0.0
2824,Team 07,44,15,PUNT,,,-0.052,-0.052,KICK,0.1714
2825,Team 16,45,1,GO,0.7179431443239072,1,4.2,2.423,GO,0.0
2826,Team 08,14,3,KICK,0.9201950407592125,1,3,2.6948,KICK,0.0
2827,Team 03,82,12,PUNT,,,-0.356,-0.356,PUNT,0.0
2828,Team 08,83,5,PUNT,,,-0.364,-0.364,GO,0.1173
2829,Team 06,90,9,PUNT,,,-0.42,-0.42,PUNT,0.0
2830,Team 10,12,3,GO,0.4615130443401682,0,-1.44,1.7721,KICK,0.9788
2831,Team 14,77,9,PUNT,,,-0.316,-0.316,PUNT,0.0
2832,Team 12,39,11,KICK,0.45512110762641994,0,-1.224,0.6984,KICK,0.0
2833,Team 03,67,7,PUNT,,,-0.236,-0.236,PUNT,0.0
2834,Team 12,27,3,GO,0.6695497215555487,0,-1.74,2.7192,GO,0.0
2835,Team 05,50,5,PUNT,,,-0.1,-0.1,GO,0.5124
2836,Team 14,68,4,GO,0.4771743507269338,1,3.28,0.2267,GO,0.0
2837,Team 05,32,8,KICK,0.6352948493228072,1,3,1.5003,KICK,0.0
2838,Team 11,81,8,PUNT,,,-0.348,-0.348,PUNT,0.0
2839,Team 12,68,10,PUNT,,,-0.244,-0.244,PUNT,0.0
2840,Team 08,55,2,GO,0.6333740470762804,1,3.8,1.5636,GO,0.0
2841,Team 01,28,5,GO,0.4739908119572121,1,4.88,1.3873,KICK,0.504
2842,Team 12,58,11,GO,0.2584863321099704,0,-2.36,-0.7987,PUNT,0.6347
2843,Team 14,69,11,PUNT,,,-0.252,-0.252,PUNT,0.0
2844,Team 10,55,1,PUNT,,,-0.14,-0.14,GO,1.3228
2845,Team 14,31,15,KICK,0.6592603884513855,0,-1.096,1.6043,KICK,0.0
2846,Team 16,23,4,KICK,0.8175744761936437,1,3,2.2761,KICK,0.0
2847,Team 08,66,2,GO,0.6333740470762804,1,3.36,1.2042,GO,0.0
2848,Team 05,26,7,KICK,0.7658456258197972,1,3,2.0596,KICK,0.0
2849,Team 03,32,13,KICK,0.6352948493228072,1,3,1.5003,KICK,0.0
2850,Team 03,18,5,KICK,0.8833970308388606,1,3,2.5466,KICK,0.0
2851,Team 08,17,15,KICK,0.8937850083248244,1,3,2.5887,KICK,0.0
2852,Team 06,66,14,PUNT,,,-0.228,-0.228,PUNT,0.0
2853,Team 15,78,4,GO,0.4948104192229929,1,2.88,0.0307,GO,0.0
2854,Team 12,80,12,PUNT,,,-0.34,-0.34,PUNT,0.0
2855,Team 10,78,2,GO,0.5164308431129125,0,-2.76,0.1527,GO,0.0
2856,Team 04,83,10,PUNT,,,-0.364,-0.364,PUNT,0.0
2857,Team 01,52,8,KICK,0.175809597088929,1,3,-0.6528,PUNT,0.5368
2858,Team 04,74,11,PUNT,,,-0.292,-0.292,PUNT,0.0
2859,Team 01,74,14,PUNT,,,-0.292,-0.292,PUNT,0.0
2860,Team 13,38,11,KICK,0.4812587841214649,0,-1.208,0.8171,KICK,0.0
2861,Team 09,32,8,KICK,0.6352948493228072,0,-1.112,1.5003,KICK,0.0
2862,Team 13,82,7,GO,0.4791878692587739,1,2.72,-0.1757,GO,0.0
2863,Team 11,84,2,KICK,0.007354947021580431,0,-1.944,-1.9076,GO,1.7224
2864,Team 10,28,4,KICK,0.7261149812607792,1,3,1.8913,KICK,0.0
2865,Team 14,10,7,KICK,0.9460888925720083,1,3,2.7973,KICK,0.0
2866,Team 03,10,7,KICK,0.9460888925720083,1,3,2.7973,KICK,0.0
2867,Team 02,51,15,PUNT,,,-0.108,-0.108,PUNT,0.0
2868,Team 09,44,15,PUNT,,,-0.052,-0.052,KICK,0.1714
2869,Team 06,22,9,KICK,0.8327160444615168,1,3,2.3389,KICK,0.0
2870,Team 12,11,2,GO,0.7162933940110477,0,-1.42,3.5797,GO,0.0
2871,Team 14,19,11,KICK,0.8721384336809187,1,3,2.5008,KICK,0.0
2872,Team 16,39,2,GO,0.6713465706923882,1,4.44,2.33,GO,0.0
2873,Team 02,37,6,KICK,0.5074994375506204,0,-1.192,0.9354,KICK,0.0
2874,Team 05,69,3,GO,0.5306555509303387,1,3.24,0.5084,GO,0.0
2875,Team 09,71,9,GO,0.34550014746396424,0,-2.62,-0.623,PUNT,0.355
2876,Team 14,32,10,KICK,0.6352948493228072,1,3,1.5003,KICK,0.0
2877,Team 10,36,2,GO,0.5164308431129125,0,-1.92,1.4265,GO,0.0
2878,Team 08,71,11,PUNT,,,-0.268,-0.268,PUNT,0.0
2879,Team 15,37,2,GO,0.6033015971633345,1,4.52,1.9573,GO,0.0
2880,Team 16,61,5,GO,0.5135670971823116,1,3.56,0.6511,GO,0.0
2881,Team 10,66,2,GO,0.5164308431129125,0,-2.52,0.5166,GO,0.0
2882,Team 10,51,4,GO,0.4075137590184509,0,-2.22,0.2984,GO,0.0
2883,Team 12,46,12,PUNT,,,-0.068,-0.068,PUNT,0.0
2884,Team 06,49,5,GO,0.4980552402097736,0,-2.18,0.9179,GO,0.0
2885,Team 02,28,7,KICK,0.7261149812607792,0,-1.048,1.8913,KICK,0.0
2886,Team 08,53,1,GO,0.682810727672691,1,3.88,1.9325,GO,0.0
2887,Team 14,32,4,GO,0.4771743507269338,0,-1.84,1.2903,KICK,0.2101
2888,Team 02,42,8,KICK,0.37871640480893237,1,3,0.3459,KICK,0.0
2889,Team 14,33,4,KICK,0.610639233949222,1,3,1.3927,KICK,0.0
2890,Team 06,36,1,GO,0.7052076153533808,0,-1.92,2.6497,GO,0.0
2891,Team 14,18,8,KICK,0.8833970308388606,1,3,2.5466,KICK,0.0
2892,Team 16,81,13,PUNT,,,-0.348,-0.348,PUNT,0.0
2893,Team 06,66,10,GO,0.24828516880960202,1,3.36,-1.0601,PUNT,0.8321
2894,Team 05,23,12,KICK,0.8175744761936437,0,-0.968,2.2761,KICK,0.0
2895,Team 03,56,15,PUNT,,,-0.148,-0.148,PUNT,0.0
2896,Team 01,24,1,GO,0.6847891621792315,1,5.04,2.9218,GO,0.0
2897,Team 14,81,1,GO,0.6384478943768523,1,2.76,0.7425,GO,0.0
2898,Team 04,30,1,GO,0.6260717063282923,0,-1.8,2.3321,GO,0.0
2899,Team 12,86,10,GO,0.30283146014450685,0,-2.92,-1.2605,PUNT,0.8725
2900,Team 09,67,12,PUNT,,,-0.236,-0.236,PUNT,0.0
2901,Team 09,22,10,GO,0.29757375628027694,0,-1.64,0.3716,KICK,1.9673
2902,Team 06,44,6,PUNT,,,-0.052,-0.052,GO,0.7737
2903,Team 07,48,4,GO,0.6021709365103962,0,-2.16,1.5975,GO,0.0
2904,Team 06,86,13,PUNT,,,-0.388,-0.388,PUNT,0.0
2905,Team 14,34,1,GO,0.6384478943768523,1,4.64,2.2827,GO,0.0
2906,Team 05,78,6,GO,0.36883363288543497,1,2.88,-0.6798,PUNT,0.3558
2907,Team 01,25,10,KICK,0.7841471891774855,1,3,2.1366,KICK,0.0
2908,Team 06,43,14,KICK,0.35434369377420466,0,-1.288,0.2314,KICK,0.0
2909,Team 02,41,9,PUNT,,,-0.028,-0.028,KICK,0.4902
2910,Team 08,14,6,KICK,0.9201950407592125,1,3,2.6948,KICK,0.0
2911,Team 04,57,6,PUNT,,,-0.156,-0.156,PUNT,0.0
2912,Team 10,50,5,PUNT,,,-0.1,-0.1,GO,0.1051
2913,Team 12,46,13,PUNT,,,-0.068,-0.068,PUNT,0.0
2914,Team 03,48,6,PUNT,,,-0.084,-0.084,GO,0.0123
2915,Team 04,64,2,GO,0.5733178358600778,0,-2.48,0.914,GO,0.0
2916,Team 08,71,5,GO,0.4717100045295637,0,-2.62,0.1065,GO,0.0
2917,Team 01,85,12,PUNT,,,-0.38,-0.38,PUNT,0.0
2918,Team 02,32,8,KICK,0.6352948493228072,1,3,1.5003,KICK,0.0
2919,Team 04,25,1,GO,0.6260717063282923,1,5.0,2.4947,GO,0.0
2920,Team 03,11,15,KICK,0.9404756340234984,1,3,2.7752,KICK,0.0
2921,Team 01,30,8,KICK,0.6824383021930649,1,3,1.7043,KICK,0.0
2922,Team 02,83,4,GO,0.5085669512394625,0,-2.86,-0.0425,GO,0.0
2923,Team 05,80,1,GO,0.6370946554825867,0,-2.8,0.7677,GO,0.0
2924,Team 08,33,10,KICK,0.610639233949222,1,3,1.3927,KICK,0.0
2925,Team 06,51,8,PUNT,,,-0.108,-0.108,PUNT,0.0
2926,Team 16,89,9,KICK,0.004363968112352547,0,-2.024,-2.0021,PUNT,1.5901
2927,Team 07,76,8,PUNT,,,-0.308,-0.308,PUNT,0.0
2928,Team 02,81,14,PUNT,,,-0.348,-0.348,PUNT,0.0
2929,Team 06,69,4,GO,0.55285699926031,1,3.24,0.6376,GO,0.0
2930,Team 06,34,3,GO,0.6064038791149935,1,4.64,2.0738,GO,0.0
2931,Team 02,58,1,GO,0.6669163928212177,0,-2.36,1.6682,GO,0.0
2932,Team 01,39,1,GO,0.6847891621792315,1,4.44,2.4163,GO,0.0
2933,Team 13,77,6,PUNT,,,-0.316,-0.316,GO,0.5991
2934,Team 06,56,15,PUNT,,,-0.148,-0.148,PUNT,0.0
2935,Team 13,35,13,KICK,0.5597136492671929,1,3,1.1684,KICK,0.0
2936,Team 02,70,8,PUNT,,,-0.26,-0.26,PUNT,0.0
2937,Team 02,18,4,KICK,0.8833970308388606,1,3,2.5466,KICK,0.0
2938,Team 12,70,15,PUNT,,,-0.26,-0.26,PUNT,0.0
2939,Team 15,60,4,GO,0.4948104192229929,1,3.6,0.5689,GO,0.0
2940,Team 11,58,14,KICK,0.10201806918913042,0,-1.528,-1.0661,PUNT,0.9021
2941,Team 15,33,2,GO,0.6033015971633345,1,4.68,2.0856,GO,0.0
2942,Team 02,34,3,GO,0.563227497954577,0,-1.88,1.7922,GO,0.0
2943,Team 02,71,12,PUNT,,,-0.268,-0.268,PUNT,0.0
2944,Team 01,42,13,KICK,0.37871640480893237,0,-1.272,0.3459,KICK,0.0
2945,Team 02,49,6,PUNT,,,-0.092,-0.092,GO,0.3996
2946,Team 09,20,13,KICK,0.8599650843722273,1,3,2.4511,KICK,0.0
2947,Team 01,44,7,GO,0.3672271904706913,1,4.24,0.2409,GO,0.0
2948,Team 12,37,7,GO,0.4566464446563816,0,-1.94,1.0099,GO,0.0
2949,Team 06,77,5,PUNT,,,-0.316,-0.316,GO,0.395
2950,Team 14,77,13,PUNT,,,-0.316,-0.316,PUNT,0.0
2951,Team 11,40,12,KICK,0.42922838810550845,0,-1.24,0.5799,KICK,0.0
2952,Team 01,43,6,KICK,0.35434369377420466,0,-1.288,0.2314,GO,0.3693
2953,Team 07,47,2,GO,0.7015142308273599,0,-2.14,2.2515,GO,0.0
2954,Team 07,36,15,KICK,0.533698835432901,1,3,1.0527,KICK,0.0
2955,Team 11,41,9,PUNT,,,-0.028,-0.028,KICK,0.4902
2956,Team 11,59,14,PUNT,,,-0.172,-0.172,PUNT,0.0
2957,Team 04,75,11,GO,0.15648742700510007,0,-2.7,-1.808,PUNT,1.508
2958,Team 07,64,1,GO,0.7454553407611428,1,3.44,1.9331,GO,0.0
2959,Team 03,49,8,KICK,0.22618142573054625,0,-1.384,-0.3924,PUNT,0.3004
2960,Team 09,67,12,GO,0.2143538594376484,1,3.32,-1.2839,PUNT,1.0479
2961,Team 13,58,15,KICK,0.10201806918913042,0,-1.528,-1.0661,PUNT,0.9021
2962,Team 12,17,2,GO,0.7162933940110477,0,-1.54,3.3738,GO,0.0
2963,Team 06,66,12,PUNT,,,-0.228,-0.228,PUNT,0.0
2964,Team 02,87,1,GO,0.6669163928212177,0,-2.94,0.7014,GO,0.0
2965,Team 06,65,10,PUNT,,,-0.22,-0.22,PUNT,0.0
2966,Team 10,57,7,PUNT,,,-0.156,-0.156,PUNT,0.0
2967,Team 09,41,5,KICK,0.40371730070321227,0,-1.256,0.4622,GO,1.0905
2968,Team 06,14,15,KICK,0.9201950407592125,1,3,2.6948,KICK,0.0
2969,Team 15,81,11,PUNT,,,-0.348,-0.348,PUNT,0.0
2970,Team 02,39,3,GO,0.563227497954577,1,4.44,1.6359,GO,0.0
2971,Team 02,83,11,PUNT,,,-0.364,-0.364,PUNT,0.0
2972,Team 03,11,5,KICK,0.9404756340234984,1,3,2.7752,KICK,0.0
2973,Team 15,63,8,GO,0.2888945335324451,0,-2.46,-0.744,PUNT,0.54
2974,Team 09,43,12,PUNT,,,-0.044,-0.044,KICK,0.2754
2975,Team 02,60,12,GO,0.1511347235054223,0,-2.4,-1.4932,PUNT,1.3132
2976,Team 10,33,14,KICK,0.610639233949222,0,-1.128,1.3927,KICK,0.0
2977,Team 04,11,10,KICK,0.9404756340234984,1,3,2.7752,KICK,0.0
2978,Team 05,21,14,KICK,0.8468362842349139,1,3,2.3971,KICK,0.0
2979,Team 05,75,4,PUNT,,,-0.3,-0.3,GO,0.3116
2980,Team 07,50,4,GO,0.6021709365103962,1,4.0,1.5335,GO,0.0
2981,Team 05,34,2,GO,0.5848647368258585,1,4.64,1.9333,GO,0.0
2982,Team 15,65,5,GO,0.4400992987044506,1,3.4,0.0966,GO,0.0
2983,Team 06,18,14,KICK,0.8833970308388606,1,3,2.5466,KICK,0.0
2984,Team 09,10,7,KICK,0.9460888925720083,1,3,2.7973,KICK,0.0
2985,Team 07,17,3,GO,0.6535134081523024,1,5.32,2.9431,GO,0.0
2986,Team 15,84,12,PUNT,,,-0.372,-0.372,PUNT,0.0
2987,Team 02,73,4,PUNT,,,-0.284,-0.284,GO,0.5432
2988,Team 11,42,7,KICK,0.37871640480893237,0,-1.272,0.3459,KICK,0.0
2989,Team 12,14,1,GO,0.7588068543713931,0,-1.48,3.7709,GO,0.0
2990,Team 15,55,7,GO,0.3360919074183416,0,-2.3,-0.2498,PUNT,0.1098
2991,Team 05,71,8,GO,0.2734429893849809,1,3.16,-1.0395,PUNT,0.7715
2992,Team 02,42,13,KICK,0.37871640480893237,0,-1.272,0.3459,KICK,0.0
2993,Team 06,31,5,GO,0.4980552402097736,1,4.76,1.4572,KICK,0.1471
2994,Team 01,75,6,GO,0.41966938533727444,0,-2.7,-0.3079,PUNT,0.0079
2995,Team 03,46,12,PUNT,,,-0.068,-0.068,PUNT,0.0
2996,Team 01,46,5,KICK,0.2859777732226985,1,3,-0.096,GO,0.9527
2997,Team 15,85,8,GO,0.2888945335324451,0,-2.9,-1.3111,PUNT,0.9311
2998,Team 14,34,11,KICK,0.5854045691294653,1,3,1.2819,KICK,0.0
2999,Team 11,37,9,PUNT,,,0.004,0.004,KICK,0.9314
3000,Team 06,90,5,PUNT,,,-0.42,-0.42,GO,0.1095
3001,Team 05,36,10,PUNT,,,0.012,0.012,KICK,1.0407
3002,Team 02,87,5,GO,0.4537008049433731,0,-2.94,-0.4628,PUNT,0.0668
3003,Team 10,16,8,KICK,0.903348789058409,1,3,2.6273,KICK,0.0
3004,Team 08,15,11,KICK,0.9121360851706988,1,3,2.6626,KICK,0.0
3005,Team 02,27,11,KICK,0.7464939833376621,1,3,1.9779,KICK,0.0
3006,Team 16,68,12,KICK,0.038235691765958195,0,-1.688,-1.5088,PUNT,1.2648
3007,Team 08,48,6,KICK,0.24508501313237172,0,-1.368,-0.2975,GO,0.7423
3008,Team 04,30,14,KICK,0.6824383021930649,0,-1.08,1.7043,KICK,0.0
3009,Team 01,65,5,PUNT,,,-0.22,-0.22,GO,0.5165
3010,Team 01,89,5,PUNT,,,-0.412,-0.412,GO,0.001
3011,Team 14,72,1,GO,0.6384478943768523,1,3.12,1.0375,GO,0.0
3012,Team 04,52,7,PUNT,,,-0.116,-0.116,PUNT,0.0
3013,Team 02,18,15,KICK,0.8833970308388606,1,3,2.5466,KICK,0.0
3014,Team 07,85,4,GO,0.6021709365103962,1,2.6,0.4119,GO,0.0
3015,Team 07,79,10,PUNT,,,-0.332,-0.332,PUNT,0.0
3016,Team 16,38,5,KICK,0.4812587841214649,1,3,0.8171,GO,0.5302
3017,Team 07,49,4,GO,0.6021709365103962,0,-2.18,1.5655,GO,0.0
3018,Team 03,84,5,PUNT,,,-0.372,-0.372,PUNT,0.0
3019,Team 13,84,12,PUNT,,,-0.372,-0.372,PUNT,0.0
3020,Team 06,19,5,GO,0.4980552402097736,0,-1.58,1.8167,KICK,0.6841
3021,Team 15,66,11,PUNT,,,-0.228,-0.228,PUNT,0.0
3022,Team 10,58,13,PUNT,,,-0.164,-0.164,PUNT,0.0
3023,Team 07,50,2,GO,0.7015142308273599,1,4.0,2.1494,GO,0.0
3024,Team 09,20,1,GO,0.7541967228490082,1,5.2,3.5285,GO,0.0
3025,Team 03,68,10,PUNT,,,-0.244,-0.244,PUNT,0.0
3026,Team 09,29,1,GO,0.7541967228490082,0,-1.78,3.2128,GO,0.0
3027,Team 12,25,5,KICK,0.7841471891774855,0,-1.0,2.1366,KICK,0.0
3028,Team 01,46,1,GO,0.6847891621792315,1,4.16,2.1805,GO,0.0
3029,Team 10,66,1,GO,0.570954621992401,1,3.36,0.8372,GO,0.0
3030,Team 14,63,9,PUNT,,,-0.204,-0.204,PUNT,0.0
3031,Team 10,73,5,PUNT,,,-0.284,-0.284,PUNT,0.0
3032,Team 05,71,4,GO,0.47571317758111337,1,3.16,0.1296,GO,0.0
3033,Team 01,15,15,KICK,0.9121360851706988,1,3,2.6626,KICK,0.0
3034,Team 06,23,7,PUNT,,,0.116,0.116,KICK,2.1601
3035,Team 05,37,13,KICK,0.5074994375506204,1,3,0.9354,KICK,0.0
3036,Team 04,86,15,PUNT,,,-0.388,-0.388,PUNT,0.0
3037,Team 08,71,14,PUNT,,,-0.268,-0.268,PUNT,0.0
3038,Team 09,80,8,PUNT,,,-0.34,-0.34,PUNT,0.0
3039,Team 13,73,9,GO,0.3720816900525986,0,-2.66,-0.5243,PUNT,0.2403
3040,Team 01,76,4,GO,0.5289349488921719,1,2.96,0.2844,GO,0.0
3041,Team 15,30,8,KICK,0.6824383021930649,1,3,1.7043,KICK,0.0
3042,Team 14,72,6,GO,0.37019832268003167,1,3.12,-0.5077,PUNT,0.2317
3043,Team 07,56,7,PUNT,,,-0.148,-0.148,GO,0.4967
3044,Team 01,61,7,PUNT,,,-0.188,-0.188,PUNT,0.0
3045,Team 14,12,5,GO,0.422781323781126,1,5.52,1.5026,KICK,1.2484
3046,Team 08,20,11,KICK,0.8599650843722273,1,3,2.4511,KICK,0.0
3047,Team 09,30,14,KICK,0.6824383021930649,1,3,1.7043,KICK,0.0
3048,Team 15,19,1,KICK,0.8721384336809187,0,-0.904,2.5008,GO,0.3834
3049,Team 08,66,10,PUNT,,,-0.228,-0.228,PUNT,0.0
3050,Team 09,74,12,GO,0.2143538594376484,0,-2.68,-1.4539,PUNT,1.1619
3051,Team 06,51,11,GO,0.2095269689848933,0,-2.22,-0.9251,PUNT,0.8171
3052,Team 07,63,3,GO,0.6535134081523024,0,-2.46,1.4219,GO,0.0
3053,Team 11,22,5,KICK,0.8327160444615168,1,3,2.3389,KICK,0.0
3054,Team 01,25,5,KICK,0.7841471891774855,1,3,2.1366,KICK,0.0
3055,Team 08,89,10,PUNT,,,-0.412,-0.412,PUNT,0.0
3056,Team 12,55,11,PUNT,,,-0.14,-0.14,PUNT,0.0
3057,Team 03,60,7,PUNT,,,-0.18,-0.18,PUNT,0.0
3058,Team 04,18,9,KICK,0.8833970308388606,1,3,2.5466,KICK,0.0
3059,Team 11,90,14,PUNT,,,-0.42,-0.42,PUNT,0.0
3060,Team 14,74,15,PUNT,,,-0.292,-0.292,PUNT,0.0
3061,Team 03,17,8,KICK,0.8937850083248244,1,3,2.5887,KICK,0.0
3062,Team 05,24,10,KICK,0.8013892651145572,1,3,2.2087,KICK,0.0
3063,Team 02,51,8,GO,0.30032959740928544,1,3.96,-0.364,PUNT,0.256
3064,Team 12,60,4,GO,0.6191988694215159,0,-2.4,1.3152,GO,0.0
3065,Team 14,10,2,GO,0.5862862634331419,0,-1.4,2.704,KICK,0.0933
3066,Team 06,31,5,GO,0.4980552402097736,1,4.76,1.4572,KICK,0.1471
3067,Team 10,10,4,GO,0.4075137590184509,1,5.6,1.4526,KICK,1.3447
3068,Team 09,71,13,PUNT,,,-0.268,-0.268,PUNT,0.0
3069,Team 06,20,10,GO,0.24828516880960202,0,-1.6,0.0883,KICK,2.3627
3070,Team 15,70,9,PUNT,,,-0.26,-0.26,PUNT,0.0
3071,Team 04,61,1,GO,0.6260717063282923,1,3.56,1.3239,GO,0.0
3072,Team 02,73,15,PUNT,,,-0.284,-0.284,PUNT,0.0
3073,Team 06,35,5,GO,0.4980552402097736,1,4.6,1.3374,GO,0.0
3074,Team 05,73,13,PUNT,,,-0.284,-0.284,PUNT,0.0
3075,Team 06,16,5,KICK,0.903348789058409,1,3,2.6273,KICK,0.0
3076,Team 01,25,5,KICK,0.7841471891774855,0,-1.0,2.1366,KICK,0.0
3077,Team 06,10,14,KICK,0.9460888925720083,1,3,2.7973,KICK,0.0
3078,Team 13,60,7,GO,0.4791878692587739,1,3.6,0.4751,GO,0.0
3079,Team 07,68,4,PUNT,,,-0.244,-0.244,GO,1.2007
3080,Team 11,64,9,PUNT,,,-0.212,-0.212,PUNT,0.0
3081,Team 12,27,3,KICK,0.7464939833376621,0,-1.032,1.9779,GO,0.7413
3082,Team 14,16,7,KICK,0.903348789058409,1,3,2.6273,KICK,0.0
3083,Team 06,49,1,GO,0.7052076153533808,1,4.04,2.2064,GO,0.0
3084,Team 15,35,7,KICK,0.5597136492671929,1,3,1.1684,KICK,0.0
3085,Team 02,10,4,KICK,0.9460888925720083,1,3,2.7973,KICK,0.0
3086,Team 16,64,14,PUNT,,,-0.212,-0.212,PUNT,0.0
3087,Team 05,85,8,GO,0.2734429893849809,1,2.6,-1.3961,PUNT,1.0161
3088,Team 05,41,4,GO,0.47571317758111337,0,-2.02,1.0151,GO,0.0
3089,Team 15,36,4,GO,0.4948104192229929,0,-1.92,1.2864,GO,0.0
3090,Team 12,39,10,KICK,0.45512110762641994,1,3,0.6984,KICK,0.0
3091,Team 08,85,14,PUNT,,,-0.38,-0.38,PUNT,0.0
3092,Team 04,63,8,PUNT,,,-0.204,-0.204,PUNT,0.0
3093,Team 16,21,15,KICK,0.8468362842349139,1,3,2.3971,KICK,0.0
3094,Team 13,43,9,GO,0.3720816900525986,0,-2.06,0.299,GO,0.0
3095,Team 07,81,15,PUNT,,,-0.348,-0.348,PUNT,0.0
3096,Team 01,20,1,GO,0.6847891621792315,1,5.2,3.0566,GO,0.0
3097,Team 07,22,6,KICK,0.8327160444615168,0,-0.952,2.3389,KICK,0.0
3098,Team 10,42,1,GO,0.570954621992401,1,4.32,1.5913,GO,0.0
3099,Team 10,28,1,KICK,0.7261149812607792,1,3,1.8913,GO,0.1398
3100,Team 12,15,13,KICK,0.9121360851706988,1,3,2.6626,KICK,0.0
3101,Team 13,61,14,PUNT,,,-0.188,-0.188,PUNT,0.0
3102,Team 15,33,4,GO,0.4948104192229929,0,-1.86,1.3761,KICK,0.0167
3103,Team 08,85,10,PUNT,,,-0.38,-0.38,PUNT,0.0
3104,Team 03,79,7,PUNT,,,-0.332,-0.332,PUNT,0.0
3105,Team 03,26,8,KICK,0.7658456258197972,1,3,2.0596,KICK,0.0
3106,Team 11,46,9,PUNT,,,-0.068,-0.068,PUNT,0.0
3107,Team 15,35,14,PUNT,,,0.02,0.02,KICK,1.1484
3108,Team 05,50,10,PUNT,,,-0.1,-0.1,PUNT,0.0
3109,Team 14,45,11,PUNT,,,-0.06,-0.06,KICK,0.0701
3110,Team 08,61,15,PUNT,,,-0.188,-0.188,PUNT,0.0
3111,Team 13,25,8,KICK,0.7841471891774855,1,3,2.1366,KICK,0.0
3112,Team 08,50,4,GO,0.5266544657992237,0,-2.2,1.0653,GO,0.0
3113,Team 05,37,7,KICK,0.5074994375506204,1,3,0.9354,KICK,0.0
3114,Team 04,89,7,PUNT,,,-0.412,-0.412,PUNT,0.0
3115,Team 05,77,1,GO,0.6370946554825867,1,2.92,0.866,GO,0.0
3116,Team 16,60,13,KICK,0.08432369642147458,0,-1.56,-1.1755,PUNT,0.9955
3117,Team 11,12,1,KICK,0.9343184948673792,1,3,2.7509,KICK,0.0
3118,Team 01,64,15,PUNT,,,-0.212,-0.212,PUNT,0.0
3119,Team 08,67,9,PUNT,,,-0.236,-0.236,PUNT,0.0
3120,Team 11,83,10,PUNT,,,-0.364,-0.364,PUNT,0.0
3121,Team 09,85,7,PUNT,,,-0.38,-0.38,PUNT,0.0
3122,Team 14,68,7,KICK,0.038235691765958195,0,-1.688,-1.5088,PUNT,1.2648
3123,Team 13,56,9,PUNT,,,-0.148,-0.148,GO,0.0903
3124,Team 10,27,3,GO,0.4615130443401682,0,-1.74,1.3337,KICK,0.6442
3125,Team 06,13,10,KICK,0.9275735146384823,1,3,2.7242,KICK,0.0
3126,Team 03,78,3,GO,0.4932149019395633,1,2.88,0.0217,GO,0.0
3127,Team 11,54,4,GO,0.38052964198407724,0,-2.28,0.0488,GO,0.0
3128,Team 08,16,3,GO,0.5809608534948784,1,5.36,2.477,KICK,0.1503
3129,Team 12,70,11,PUNT,,,-0.26,-0.26,PUNT,0.0
3130,Team 11,18,8,KICK,0.8833970308388606,0,-0.888,2.5466,KICK,0.0
3131,Team 14,54,15,PUNT,,,-0.132,-0.132,PUNT,0.0
3132,Team 16,68,8,GO,0.35303653218502695,1,3.28,-0.4983,PUNT,0.2543
3133,Team 13,61,15,PUNT,,,-0.188,-0.188,PUNT,0.0
3134,Team 16,90,15,GO,0.10473201141190168,0,-3.0,-2.4344,PUNT,2.0144
3135,Team 03,83,13,PUNT,,,-0.364,-0.364,PUNT,0.0
3136,Team 06,11,8,KICK,0.9404756340234984,1,3,2.7752,KICK,0.0
3137,Team 02,89,5,PUNT,,,-0.412,-0.412,PUNT,0.0
3138,Team 06,34,15,KICK,0.5854045691294653,1,3,1.2819,KICK,0.0
3139,Team 14,79,6,GO,0.37019832268003167,0,-2.78,-0.6995,PUNT,0.3675
3140,Team 08,16,7,KICK,0.903348789058409,1,3,2.6273,KICK,0.0
3141,Team 03,87,5,PUNT,,,-0.396,-0.396,PUNT,0.0
3142,Team 08,35,2,GO,0.6333740470762804,0,-1.9,2.2169,GO,0.0
3143,Team 02,51,7,PUNT,,,-0.108,-0.108,GO,0.0416
3144,Team 10,54,10,PUNT,,,-0.132,-0.132,PUNT,0.0
3145,Team 15,87,8,PUNT,,,-0.396,-0.396,PUNT,0.0
3146,Team 02,62,13,PUNT,,,-0.196,-0.196,PUNT,0.0
3147,Team 12,49,15,PUNT,,,-0.092,-0.092,PUNT,0.0
3148,Team 06,88,8,PUNT,,,-0.404,-0.404,PUNT,0.0
3149,Team 05,82,5,PUNT,,,-0.356,-0.356,PUNT,0.0
3150,Team 14,11,10,KICK,0.9404756340234984,1,3,2.7752,KICK,0.0
3151,Team 09,28,6,GO,0.5052802311918284,1,4.88,1.5951,KICK,0.2963
3152,Team 16,87,10,GO,0.26004815453768654,1,2.52,-1.5201,PUNT,1.1241
3153,Team 06,77,10,PUNT,,,-0.316,-0.316,PUNT,0.0
3154,Team 08,83,15,PUNT,,,-0.364,-0.364,PUNT,0.0
3155,Team 02,83,6,GO,0.39993670574892176,1,2.68,-0.6444,PUNT,0.2804
3156,Team 12,16,8,KICK,0.903348789058409,1,3,2.6273,KICK,0.0
3157,Team 16,23,8,KICK,0.8175744761936437,1,3,2.2761,KICK,0.0
3158,Team 14,46,3,GO,0.532114204592694,1,4.16,1.2217,GO,0.0
3159,Team 14,80,3,PUNT,,,-0.34,-0.34,GO,0.5198
3160,Team 14,58,11,GO,0.1636433047915109,1,3.68,-1.3716,PUNT,1.2076
3161,Team 09,73,11,GO,0.25371834854844727,1,3.08,-1.2037,PUNT,0.9197
3162,Team 07,80,8,GO,0.3856863695078365,0,-2.8,-0.6402,PUNT,0.3002
3163,Team 04,88,10,PUNT,,,-0.404,-0.404,PUNT,0.0
3164,Team 13,87,3,GO,0.6892688541839076,1,2.52,0.8234,GO,0.0
3165,Team 09,57,4,GO,0.6132802431683475,1,3.72,1.3765,GO,0.0
3166,Team 07,28,11,KICK,0.7261149812607792,1,3,1.8913,KICK,0.0
3167,Team 09,60,1,GO,0.7541967228490082,1,3.6,2.1252,GO,0.0
3168,Team 14,46,2,GO,0.5862862634331419,1,4.16,1.5619,GO,0.0
3169,Team 05,86,10,PUNT,,,-0.388,-0.388,PUNT,0.0
3170,Team 12,55,5,GO,0.5661473020656971,1,3.8,1.1535,GO,0.0
3171,Team 06,21,7,KICK,0.8468362842349139,1,3,2.3971,KICK,0.0
3172,Team 11,28,6,KICK,0.7261149812607792,1,3,1.8913,KICK,0.0
3173,Team 07,56,3,GO,0.6535134081523024,1,3.76,1.6534,GO,0.0
3174,Team 10,58,8,PUNT,,,-0.164,-0.164,PUNT,0.0
3175,Team 09,73,5,GO,0.5599900585150124,0,-2.66,0.5543,GO,0.0
3176,Team 11,31,13,KICK,0.6592603884513855,0,-1.096,1.6043,KICK,0.0
3177,Team 08,32,14,KICK,0.6352948493228072,1,3,1.5003,KICK,0.0
3178,Team 12,77,4,GO,0.6191988694215159,1,2.92,0.7647,GO,0.0
3179,Team 15,39,14,KICK,0.45512110762641994,0,-1.224,0.6984,KICK,0.0
3180,Team 10,65,3,PUNT,,,-0.22,-0.22,GO,0.4429
3181,Team 08,27,5,GO,0.4717100045295637,1,4.92,1.4016,KICK,0.5763
3182,Team 15,62,15,PUNT,,,-0.196,-0.196,PUNT,0.0
3183,Team 04,19,7,KICK,0.8721384336809187,0,-0.904,2.5008,KICK,0.0
3184,Team 10,53,2,GO,0.5164308431129125,1,3.88,0.9109,GO,0.0
3185,Team 12,16,1,GO,0.7588068543713931,1,5.36,3.7006,GO,0.0
3186,Team 11,12,8,KICK,0.9343184948673792,1,3,2.7509,KICK,0.0
3187,Team 11,34,2,KICK,0.5854045691294653,0,-1.144,1.2819,GO,0.021
3188,Team 15,87,1,PUNT,,,-0.396,-0.396,GO,1.03
3189,Team 15,32,8,KICK,0.6352948493228072,1,3,1.5003,KICK,0.0
3190,Team 07,47,8,PUNT,,,-0.076,-0.076,GO,0.3504
3191,Team 12,48,3,GO,0.6695497215555487,0,-2.16,2.018,GO,0.0
3192,Team 12,66,5,GO,0.5661473020656971,0,-2.52,0.8089,GO,0.0
3193,Team 08,69,4,PUNT,,,-0.252,-0.252,GO,0.7371
3194,Team 11,64,5,PUNT,,,-0.212,-0.212,PUNT,0.0
3195,Team 02,10,11,KICK,0.9460888925720083,1,3,2.7973,KICK,0.0
3196,Team 01,67,4,GO,0.5289349488921719,1,3.32,0.5596,GO,0.0
3197,Team 15,62,9,PUNT,,,-0.196,-0.196,PUNT,0.0
3198,Team 02,73,11,PUNT,,,-0.284,-0.284,PUNT,0.0
3199,Team 11,28,4,KICK,0.7261149812607792,1,3,1.8913,KICK,0.0
3200,Team 03,20,13,KICK,0.8599650843722273,1,3,2.4511,KICK,0.0
3201,Team 09,36,10,KICK,0.533698835432901,1,3,1.0527,KICK,0.0
3202,Team 06,61,12,KICK,0.0765621973518122,0,-1.576,-1.2257,PUNT,1.0377
3203,Team 04,81,9,KICK,0.010050813883473765,0,-1.896,-1.8468,PUNT,1.4988
3204,Team 12,49,7,GO,0.4566464446563816,1,4.04,0.6603,GO,0.0
3205,Team 12,71,9,PUNT,,,-0.268,-0.268,PUNT,0.0
3206,Team 10,52,6,KICK,0.175809597088929,1,3,-0.6528,PUNT,0.5368
3207,Team 06,40,3,KICK,0.42922838810550845,1,3,0.5799,GO,1.3011
3208,Team 10,90,10,PUNT,,,-0.42,-0.42,PUNT,0.0
3209,Team 03,60,1,GO,0.6017729612434263,1,3.6,1.2106,GO,0.0
3210,Team 07,35,4,GO,0.6021709365103962,1,4.6,2.0141,GO,0.0
3211,Team 02,35,9,KICK,0.5597136492671929,1,3,1.1684,KICK,0.0
3212,Team 08,49,2,GO,0.6333740470762804,1,4.04,1.7596,GO,0.0
3213,Team 02,58,3,GO,0.563227497954577,0,-2.36,1.0419,GO,0.0
3214,Team 01,70,9,PUNT,,,-0.26,-0.26,PUNT,0.0
3215,Team 06,71,13,PUNT,,,-0.268,-0.268,PUNT,0.0
3216,Team 06,27,14,KICK,0.7464939833376621,0,-1.032,1.9779,KICK,0.0
3217,Team 02,65,7,PUNT,,,-0.22,-0.22,PUNT,0.0
3218,Team 15,11,8,KICK,0.9404756340234984,1,3,2.7752,KICK,0.0
3219,Team 03,75,6,GO,0.3346691378560442,0,-2.7,-0.7924,PUNT,0.4924
3220,Team 03,65,12,PUNT,,,-0.22,-0.22,PUNT,0.0
3221,Team 08,27,6,KICK,0.7464939833376621,1,3,1.9779,KICK,0.0
3222,Team 13,14,5,KICK,0.9201950407592125,1,3,2.6948,KICK,0.0
3223,Team 08,48,1,GO,0.682810727672691,1,4.08,2.1007,GO,0.0
3224,Team 03,49,3,PUNT,,,-0.092,-0.092,GO,0.9798
3225,Team 14,43,13,PUNT,,,-0.044,-0.044,KICK,0.2754
3226,Team 01,40,2,GO,0.6354962284153843,1,4.4,2.0672,GO,0.0
3227,Team 07,86,7,GO,0.4389360721152808,0,-2.92,-0.5146,PUNT,0.1266
3228,Team 05,84,15,PUNT,,,-0.372,-0.372,PUNT,0.0
3229,Team 01,62,8,KICK,0.06946090590056407,1,3,-1.273,PUNT,1.077
3230,Team 12,28,14,KICK,0.7261149812607792,1,3,1.8913,KICK,0.0
3231,Team 16,23,13,KICK,0.8175744761936437,1,3,2.2761,KICK,0.0
3232,Team 01,41,7,GO,0.3672271904706913,0,-2.02,0.3229,KICK,0.1393
3233,Team 05,57,11,PUNT,,,-0.156,-0.156,PUNT,0.0
3234,Team 05,31,2,KICK,0.6592603884513855,1,3,1.6043,GO,0.4241
3235,Team 06,24,7,KICK,0.8013892651145572,0,-0.984,2.2087,KICK,0.0
3236,Team 02,34,5,PUNT,,,0.028,0.028,KICK,1.2539
3237,Team 01,17,6,KICK,0.8937850083248244,1,3,2.5887,KICK,0.0
3238,Team 10,24,5,KICK,0.8013892651145572,1,3,2.2087,KICK,0.0
3239,Team 13,90,7,PUNT,,,-0.42,-0.42,GO,0.0076
3240,Team 03,30,15,KICK,0.6824383021930649,1,3,1.7043,KICK,0.0
3241,Team 15,84,14,PUNT,,,-0.372,-0.372,PUNT,0.0
3242,Team 06,20,15,KICK,0.8599650843722273,1,3,2.4511,KICK,0.0
3243,Team 09,37,3,GO,0.6639890054498807,1,4.52,2.3494,GO,0.0
3244,Team 16,87,6,PUNT,,,-0.396,-0.396,PUNT,0.0
3245,Team 12,19,14,KICK,0.8721384336809187,1,3,2.5008,KICK,0.0
3246,Team 13,52,6,PUNT,,,-0.116,-0.116,GO,1.1662
3247,Team 04,66,5,GO,0.4098467016511046,0,-2.52,-0.1101,GO,0.0
3248,Team 08,43,11,KICK,0.35434369377420466,1,3,0.2314,KICK,0.0
3249,Team 05,67,6,PUNT,,,-0.236,-0.236,PUNT,0.0
3250,Team 04,48,12,PUNT,,,-0.084,-0.084,PUNT,0.0
3251,Team 06,59,11,PUNT,,,-0.172,-0.172,PUNT,0.0
3252,Team 06,17,15,KICK,0.8937850083248244,1,3,2.5887,KICK,0.0
3253,Team 13,68,7,GO,0.4791878692587739,0,-2.56,0.2385,GO,0.0
3254,Team 11,44,5,GO,0.3301955444039654,1,4.24,0.0068,KICK,0.1125
3255,Team 01,32,3,KICK,0.6352948493228072,0,-1.112,1.5003,GO,0.4854
3256,Team 16,76,4,PUNT,,,-0.308,-0.308,GO,0.8151
3257,Team 01,66,7,PUNT,,,-0.228,-0.228,PUNT,0.0
3258,Team 08,83,7,PUNT,,,-0.364,-0.364,PUNT,0.0
3259,Team 06,12,6,KICK,0.9343184948673792,1,3,2.7509,KICK,0.0
3260,Team 14,59,10,PUNT,,,-0.172,-0.172,PUNT,0.0
3261,Team 11,72,8,PUNT,,,-0.276,-0.276,PUNT,0.0
3262,Team 02,73,15,GO,0.08426743730609498,0,-2.66,-2.1763,PUNT,1.8923
3263,Team 09,70,4,GO,0.6132802431683475,0,-2.6,0.957,GO,0.0
3264,Team 12,60,3,GO,0.6695497215555487,1,3.6,1.6173,GO,0.0
3265,Team 11,11,10,KICK,0.9404756340234984,1,3,2.7752,KICK,0.0
3266,Team 06,14,6,GO,0.4433001665920852,0,-1.48,1.5876,KICK,1.1072
3267,Team 04,64,2,GO,0.5733178358600778,1,3.44,0.914,GO,0.0
3268,Team 05,89,7,PUNT,,,-0.412,-0.412,PUNT,0.0
3269,Team 12,12,10,KICK,0.9343184948673792,1,3,2.7509,KICK,0.0
3270,Team 10,84,13,PUNT,,,-0.372,-0.372,PUNT,0.0
3271,Team 06,75,5,GO,0.4980552402097736,0,-2.7,0.1389,GO,0.0
3272,Team 10,55,4,KICK,0.13470305195202817,0,-1.48,-0.8765,GO,1.0624
3273,Team 05,90,6,GO,0.36883363288543497,1,2.4,-1.0083,PUNT,0.5883
3274,Team 04,39,11,GO,0.15648742700510007,1,4.44,-0.9754,KICK,1.6738
3275,Team 13,75,5,GO,0.5882421741646358,1,3.0,0.653,GO,0.0
3276,Team 02,89,10,PUNT,,,-0.412,-0.412,PUNT,0.0
3277,Team 07,46,5,GO,0.5484769739869401,1,4.16,1.3244,GO,0.0
3278,Team 05,13,1,GO,0.6370946554825867,0,-1.46,2.9614,GO,0.0
3279,Team 03,87,8,PUNT,,,-0.396,-0.396,PUNT,0.0
3280,Team 05,10,8,KICK,0.9460888925720083,1,3,2.7973,KICK,0.0
3281,Team 14,34,10,KICK,0.5854045691294653,0,-1.144,1.2819,KICK,0.0
3282,Team 03,17,4,KICK,0.8937850083248244,1,3,2.5887,KICK,0.0
3283,Team 13,32,6,KICK,0.6352948493228072,0,-1.112,1.5003,GO,0.1635
3284,Team 06,21,5,KICK,0.8468362842349139,1,3,2.3971,KICK,0.0
3285,Team 16,57,7,KICK,0.11204703855699037,0,-1.512,-1.0064,GO,1.1192
3286,Team 12,26,11,KICK,0.7658456258197972,1,3,2.0596,KICK,0.0
3287,Team 16,69,10,PUNT,,,-0.252,-0.252,PUNT,0.0
3288,Team 02,27,5,KICK,0.7464939833376621,1,3,1.9779,KICK,0.0
3289,Team 15,23,4,KICK,0.8175744761936437,1,3,2.2761,KICK,0.0
3290,Team 10,38,6,KICK,0.4812587841214649,0,-1.208,0.8171,KICK,0.0
3291,Team 12,51,8,GO,0.402790649617937,1,3.96,0.2692,GO,0.0
3292,Team 13,69,6,PUNT,,,-0.252,-0.252,GO,0.7806
3293,Team 16,25,10,KICK,0.7841471891774855,1,3,2.1366,KICK,0.0
3294,Team 15,34,14,KICK,0.5854045691294653,1,3,1.2819,KICK,0.0
3295,Team 11,87,11,PUNT,,,-0.396,-0.396,PUNT,0.0
3296,Team 10,48,15,KICK,0.24508501313237172,0,-1.368,-0.2975,PUNT,0.2135
3297,Team 13,63,1,GO,0.7749896631651041,1,3.48,2.1434,GO,0.0
3298,Team 09,73,5,GO,0.5599900585150124,0,-2.66,0.5543,GO,0.0
3299,Team 02,58,13,PUNT,,,-0.164,-0.164,PUNT,0.0
3300,Team 05,60,13,PUNT,,,-0.18,-0.18,PUNT,0.0
3301,Team 06,19,6,KICK,0.8721384336809187,1,3,2.5008,KICK,0.0
3302,Team 12,25,3,KICK,0.7841471891774855,1,3,2.1366,GO,0.6494
3303,Team 01,90,5,PUNT,,,-0.42,-0.42,PUNT,0.0
3304,Team 14,40,11,PUNT,,,-0.02,-0.02,KICK,0.5999
3305,Team 09,18,8,GO,0.3967851966138369,0,-1.56,1.154,KICK,1.3926
3306,Team 08,43,7,GO,0.3651035350617658,0,-2.06,0.2548,GO,0.0
3307,Team 04,41,13,KICK,0.40371730070321227,0,-1.256,0.4622,KICK,0.0
3308,Team 01,40,6,GO,0.41966938533727444,0,-2.0,0.6859,GO,0.0
3309,Team 06,83,13,PUNT,,,-0.364,-0.364,PUNT,0.0
3310,Team 03,42,9,KICK,0.37871640480893237,0,-1.272,0.3459,KICK,0.0
3311,Team 09,52,11,PUNT,,,-0.116,-0.116,PUNT,0.0
3312,Team 06,43,4,GO,0.55285699926031,1,4.28,1.4451,GO,0.0
3313,Team 06,56,10,GO,0.24828516880960202,1,3.76,-0.8104,PUNT,0.6624
3314,Team 14,15,7,KICK,0.9121360851706988,1,3,2.6626,KICK,0.0
3315,Team 04,48,10,PUNT,,,-0.084,-0.084,PUNT,0.0
3316,Team 15,77,11,PUNT,,,-0.316,-0.316,PUNT,0.0
3317,Team 04,40,11,PUNT,,,-0.02,-0.02,KICK,0.5999
3318,Team 10,90,2,GO,0.5164308431129125,1,2.4,-0.2113,GO,0.0
3319,Team 02,31,13,KICK,0.6592603884513855,1,3,1.6043,KICK,0.0
3320,Team 16,53,15,PUNT,,,-0.124,-0.124,PUNT,0.0
3321,Team 09,57,7,GO,0.45044365998876706,0,-2.34,0.3897,GO,0.0
3322,Team 13,38,15,PUNT,,,-0.004,-0.004,KICK,0.8211
3323,Team 14,80,6,PUNT,,,-0.34,-0.34,PUNT,0.0
3324,Team 10,30,5,KICK,0.6824383021930649,1,3,1.7043,KICK,0.0
3325,Team 03,52,2,GO,0.5480655976092276,1,3.92,1.1361,GO,0.0
3326,Team 01,39,11,KICK,0.45512110762641994,1,3,0.6984,KICK,0.0
3327,Team 16,67,15,PUNT,,,-0.236,-0.236,PUNT,0.0
3328,Team 01,57,9,GO,0.2720729233363795,0,-2.34,-0.6912,PUNT,0.5352
3329,Team 07,19,13,KICK,0.8721384336809187,1,3,2.5008,KICK,0.0
3330,Team 15,62,13,KICK,0.06946090590056407,0,-1.592,-1.273,PUNT,1.077
3331,Team 06,90,4,GO,0.55285699926031,1,2.4,-0.0146,GO,0.0
3332,Team 08,17,8,KICK,0.8937850083248244,1,3,2.5887,KICK,0.0
3333,Team 11,28,4,GO,0.38052964198407724,0,-1.76,0.7667,KICK,1.1246
3334,Team 08,84,8,PUNT,,,-0.372,-0.372,PUNT,0.0
3335,Team 13,77,15,PUNT,,,-0.316,-0.316,PUNT,0.0
3336,Team 10,20,11,KICK,0.8599650843722273,1,3,2.4511,KICK,0.0
3337,Team 10,86,13,PUNT,,,-0.388,-0.388,PUNT,0.0
3338,Team 14,42,9,KICK,0.37871640480893237,0,-1.272,0.3459,KICK,0.0
3339,Team 09,24,7,KICK,0.8013892651145572,0,-0.984,2.2087,KICK,0.0
3340,Team 14,63,4,GO,0.4771743507269338,0,-2.46,0.3744,GO,0.0
3341,Team 11,87,14,KICK,0.005378247173848609,0,-1.992,-1.9652,PUNT,1.5692
3342,Team 05,26,2,KICK,0.7658456258197972,1,3,2.0596,GO,0.1273
3343,Team 01,80,9,PUNT,,,-0.34,-0.34,PUNT,0.0
3344,Team 02,70,1,GO,0.6669163928212177,1,3.2,1.2681,GO,0.0
3345,Team 13,56,13,PUNT,,,-0.148,-0.148,PUNT,0.0
3346,Team 09,48,14,PUNT,,,-0.084,-0.084,PUNT,0.0
3347,Team 11,54,7,PUNT,,,-0.132,-0.132,PUNT,0.0
3348,Team 09,18,13,KICK,0.8833970308388606,1,3,2.5466,KICK,0.0
3349,Team 13,10,4,GO,0.6403084946867348,1,5.6,3.0822,GO,0.0
3350,Team 03,64,15,PUNT,,,-0.212,-0.212,PUNT,0.0
3351,Team 04,43,11,KICK,0.35434369377420466,0,-1.288,0.2314,KICK,0.0
3352,Team 14,72,7,PUNT,,,-0.276,-0.276,PUNT,0.0
3353,Team 06,18,6,KICK,0.8833970308388606,0,-0.888,2.5466,KICK,0.0
3354,Team 10,33,2,KICK,0.610639233949222,1,3,1.3927,GO,0.1247
3355,Team 01,84,15,PUNT,,,-0.372,-0.372,PUNT,0.0
3356,Team 07,86,10,PUNT,,,-0.388,-0.388,PUNT,0.0
3357,Team 05,50,7,PUNT,,,-0.1,-0.1,PUNT,0.0
3358,Team 07,15,14,KICK,0.9121360851706988,1,3,2.6626,KICK,0.0
3359,Team 09,67,10,PUNT,,,-0.236,-0.236,PUNT,0.0
3360,Team 11,81,15,PUNT,,,-0.348,-0.348,PUNT,0.0
3361,Team 15,90,2,GO,0.6033015971633345,0,-3.0,0.2578,GO,0.0
3362,Team 10,60,7,PUNT,,,-0.18,-0.18,PUNT,0.0
3363,Team 02,84,8,PUNT,,,-0.372,-0.372,PUNT,0.0
3364,Team 05,74,9,PUNT,,,-0.292,-0.292,PUNT,0.0
3365,Team 02,54,12,PUNT,,,-0.132,-0.132,PUNT,0.0
3366,Team 02,30,11,KICK,0.6824383021930649,1,3,1.7043,KICK,0.0
3367,Team 08,18,4,GO,0.5266544657992237,0,-1.56,2.0423,KICK,0.5043
3368,Team 15,13,15,KICK,0.9275735146384823,1,3,2.7242,KICK,0.0
3369,Team 06,19,13,KICK,0.8721384336809187,1,3,2.5008,KICK,0.0
3370,Team 08,34,13,KICK,0.5854045691294653,0,-1.144,1.2819,KICK,0.0
3371,Team 07,40,14,KICK,0.42922838810550845,0,-1.24,0.5799,KICK,0.0
3372,Team 14,32,9,KICK,0.6352948493228072,1,3,1.5003,KICK,0.0
3373,Team 04,42,4,KICK,0.37871640480893237,0,-1.272,0.3459,GO,0.5646
3374,Team 04,11,1,GO,0.6260717063282923,0,-1.42,2.95,GO,0.0
3375,Team 12,79,7,GO,0.4566464446563816,0,-2.78,-0.2136,GO,0.0
3376,Team 04,14,5,KICK,0.9201950407592125,1,3,2.6948,KICK,0.0
3377,Team 03,14,2,KICK,0.9201950407592125,1,3,2.6948,KICK,0.0
3378,Team 02,61,8,PUNT,,,-0.188,-0.188,PUNT,0.0
3379,Team 09,12,13,KICK,0.9343184948673792,1,3,2.7509,KICK,0.0
3380,Team 04,81,6,PUNT,,,-0.348,-0.348,PUNT,0.0
3381,Team 11,66,12,PUNT,,,-0.228,-0.228,PUNT,0.0
3382,Team 06,58,6,PUNT,,,-0.164,-0.164,GO,0.4815
3383,Team 07,56,6,GO,0.4936300767509541,1,3.76,0.6813,GO,0.0
3384,Team 11,55,12,PUNT,,,-0.14,-0.14,PUNT,0.0
3385,Team 11,48,2,GO,0.48817701060294577,0,-2.16,0.8862,GO,0.0
3386,Team 03,56,12,PUNT,,,-0.148,-0.148,PUNT,0.0
3387,Team 02,59,5,GO,0.4537008049433731,0,-2.38,0.3513,GO,0.0
3388,Team 05,86,2,GO,0.5848647368258585,1,2.56,0.2851,GO,0.0
3389,Team 15,48,8,PUNT,,,-0.084,-0.084,PUNT,0.0
3390,Team 14,58,2,GO,0.5862862634331419,0,-2.36,1.1812,GO,0.0
3391,Team 06,12,12,KICK,0.9343184948673792,1,3,2.7509,KICK,0.0
3392,Team 08,17,3,KICK,0.8937850083248244,1,3,2.5887,KICK,0.0
3393,Team 15,81,5,GO,0.4400992987044506,1,2.76,-0.3642,PUNT,0.0162
3394,Team 07,76,5,PUNT,,,-0.308,-0.308,GO,0.7033
3395,Team 11,35,14,KICK,0.5597136492671929,1,3,1.1684,KICK,0.0
3396,Team 16,47,11,PUNT,,,-0.076,-0.076,PUNT,0.0
3397,Team 03,32,5,GO,0.38529290273260947,1,4.72,0.6875,KICK,0.8128
3398,Team 13,37,9,GO,0.3720816900525986,0,-1.94,0.4636,KICK,0.4718
3399,Team 06,78,13,PUNT,,,-0.324,-0.324,PUNT,0.0
3400,Team 14,27,4,KICK,0.7464939833376621,1,3,1.9779,KICK,0.0
3401,Team 12,33,12,KICK,0.610639233949222,1,3,1.3927,KICK,0.0
3402,Team 15,15,5,GO,0.4400992987044506,1,5.4,1.5367,KICK,1.1259
3403,Team 08,55,14,KICK,0.13470305195202817,0,-1.48,-0.8765,PUNT,0.7365
3404,Team 02,21,13,KICK,0.8468362842349139,1,3,2.3971,KICK,0.0
3405,Team 09,47,8,KICK,0.2650274005334813,0,-1.352,-0.1986,GO,0.5425
3406,Team 13,65,9,GO,0.3720816900525986,1,3.4,-0.3047,PUNT,0.0847
3407,Team 14,17,2,KICK,0.8937850083248244,1,3,2.5887,KICK,0.0
3408,Team 06,80,14,PUNT,,,-0.34,-0.34,PUNT,0.0
3409,Team 06,42,15,PUNT,,,-0.036,-0.036,KICK,0.3819
3410,Team 10,44,7,KICK,0.33070459722255413,0,-1.304,0.1194,KICK,0.0
3411,Team 09,69,11,PUNT,,,-0.252,-0.252,PUNT,0.0
3412,Team 10,21,10,KICK,0.8468362842349139,1,3,2.3971,KICK,0.0
3413,Team 01,33,12,KICK,0.610639233949222,0,-1.128,1.3927,KICK,0.0
3414,Team 09,58,7,GO,0.45044365998876706,1,3.68,0.3607,GO,0.0
3415,Team 06,63,10,KICK,0.06297335605699649,0,-1.608,-1.3178,PUNT,1.1138
3416,Team 05,20,11,KICK,0.8599650843722273,1,3,2.4511,KICK,0.0
3417,Team 11,34,1,KICK,0.5854045691294653,1,3,1.2819,GO,0.3789
3418,Team 07,17,4,KICK,0.8937850083248244,1,3,2.5887,GO,0.0022
3419,Team 04,59,14,PUNT,,,-0.172,-0.172,PUNT,0.0
3420,Team 12,14,14,KICK,0.9201950407592125,1,3,2.6948,KICK,0.0
3421,Team 04,30,9,KICK,0.6824383021930649,1,3,1.7043,KICK,0.0
3422,Team 01,39,8,KICK,0.45512110762641994,0,-1.224,0.6984,KICK,0.0
3423,Team 09,23,10,KICK,0.8175744761936437,1,3,2.2761,KICK,0.0
3424,Team 05,60,8,PUNT,,,-0.18,-0.18,PUNT,0.0
3425,Team 12,37,10,GO,0.30283146014450685,1,4.52,0.0163,KICK,0.9191
3426,Team 13,36,6,GO,0.5341227138507878,0,-1.92,1.5411,GO,0.0
3427,Team 15,43,7,PUNT,,,-0.044,-0.044,KICK,0.2754
3428,Team 12,30,2,GO,0.7162933940110477,1,4.8,2.9275,GO,0.0
3429,Team 15,45,9,GO,0.24587051127301954,0,-2.1,-0.551,KICK,0.5611
3430,Team 07,72,7,PUNT,,,-0.276,-0.276,GO,0.1643
3431,Team 13,42,6,GO,0.5341227138507878,1,4.32,1.357,GO,0.0
3432,Team 15,60,2,GO,0.6033015971633345,1,3.6,1.2198,GO,0.0
3433,Team 16,39,7,KICK,0.45512110762641994,1,3,0.6984,KICK,0.0
3434,Team 13,27,5,GO,0.5882421741646358,0,-1.74,2.1777,GO,0.0
3435,Team 11,68,13,KICK,0.038235691765958195,0,-1.688,-1.5088,PUNT,1.2648
3436,Team 09,72,1,GO,0.7541967228490082,1,3.12,1.7042,GO,0.0
3437,Team 04,74,4,GO,0.4639130714247188,0,-2.68,-0.0264,GO,0.0
3438,Team 11,52,10,KICK,0.175809597088929,0,-1.432,-0.6528,PUNT,0.5368
3439,Team 06,35,13,KICK,0.5597136492671929,1,3,1.1684,KICK,0.0
3440,Team 03,72,10,GO,0.17262419565250212,0,-2.64,-1.6457,PUNT,1.3697
3441,Team 13,73,1,PUNT,,,-0.284,-0.284,GO,2.0724
3442,Team 11,50,10,PUNT,,,-0.1,-0.1,PUNT,0.0
3443,Team 07,43,15,KICK,0.35434369377420466,1,3,0.2314,KICK,0.0
3444,Team 11,79,6,PUNT,,,-0.332,-0.332,PUNT,0.0
3445,Team 16,48,15,PUNT,,,-0.084,-0.084,PUNT,0.0
3446,Team 15,22,10,KICK,0.8327160444615168,1,3,2.3389,KICK,0.0
3447,Team 15,89,5,PUNT,,,-0.412,-0.412,PUNT,0.0
3448,Team 09,34,14,KICK,0.5854045691294653,1,3,1.2819,KICK,0.0
3449,Team 08,79,2,GO,0.6333740470762804,1,2.84,0.7796,GO,0.0
3450,Team 16,53,6,GO,0.45866498212655793,0,-2.26,0.5562,GO,0.0
3451,Team 01,56,12,PUNT,,,-0.148,-0.148,PUNT,0.0
3452,Team 12,79,14,PUNT,,,-0.332,-0.332,PUNT,0.0
3453,Team 15,62,3,GO,0.5496461081640299,1,3.52,0.8359,GO,0.0
3454,Team 10,50,4,KICK,0.20833350927014557,0,-1.4,-0.4833,GO,0.8099
3455,Team 04,20,11,KICK,0.8599650843722273,1,3,2.4511,KICK,0.0
3456,Team 05,73,13,KICK,0.022977369910025632,0,-1.768,-1.6584,PUNT,1.3744
3457,Team 04,33,1,KICK,0.610639233949222,1,3,1.3927,GO,0.8418
3458,Team 11,43,12,KICK,0.35434369377420466,1,3,0.2314,KICK,0.0
3459,Team 06,14,2,GO,0.6575107676168527,1,5.44,3.07,GO,0.0
3460,Team 01,15,6,KICK,0.9121360851706988,1,3,2.6626,KICK,0.0
3461,Team 03,56,1,GO,0.6017729612434263,0,-2.32,1.3388,GO,0.0
3462,Team 13,87,12,PUNT,,,-0.396,-0.396,PUNT,0.0
3463,Team 10,57,10,PUNT,,,-0.156,-0.156,PUNT,0.0
3464,Team 15,27,6,KICK,0.7464939833376621,0,-1.032,1.9779,KICK,0.0
3465,Team 04,44,5,GO,0.4098467016511046,0,-2.08,0.5102,GO,0.0
3466,Team 12,31,10,KICK,0.6592603884513855,1,3,1.6043,KICK,0.0
3467,Team 12,25,4,KICK,0.7841471891774855,1,3,2.1366,GO,0.312
3468,Team 16,33,12,KICK,0.610639233949222,1,3,1.3927,KICK,0.0
3469,Team 07,29,3,KICK,0.7047456979980911,1,3,1.8001,GO,0.7462
3470,Team 15,12,10,KICK,0.9343184948673792,0,-0.792,2.7509,KICK,0.0
3471,Team 01,67,9,PUNT,,,-0.236,-0.236,PUNT,0.0
3472,Team 09,67,13,GO,0.1796267562965382,0,-2.54,-1.4874,PUNT,1.2514
3473,Team 11,15,6,KICK,0.9121360851706988,1,3,2.6626,KICK,0.0
3474,Team 03,38,10,KICK,0.4812587841214649,1,3,0.8171,KICK,0.0
3475,Team 03,54,7,PUNT,,,-0.132,-0.132,PUNT,0.0
3476,Team 14,60,1,GO,0.6384478943768523,0,-2.4,1.4307,GO,0.0
3477,Team 15,68,14,PUNT,,,-0.244,-0.244,PUNT,0.0
3478,Team 11,43,13,PUNT,,,-0.044,-0.044,KICK,0.2754
3479,Team 09,64,4,GO,0.6132802431683475,0,-2.48,1.1506,GO,0.0
3480,Team 15,82,12,PUNT,,,-0.356,-0.356,PUNT,0.0
3481,Team 08,83,4,PUNT,,,-0.364,-0.364,GO,0.4217
3482,Team 02,34,1,GO,0.6669163928212177,1,4.64,2.4683,GO,0.0
3483,Team 13,65,13,PUNT,,,-0.22,-0.22,PUNT,0.0
3484,Team 03,26,7,KICK,0.7658456258197972,1,3,2.0596,KICK,0.0
3485,Team 01,43,4,GO,0.5289349488921719,0,-2.06,1.2934,GO,0.0
3486,Team 12,40,13,KICK,0.42922838810550845,1,3,0.5799,KICK,0.0
3487,Team 01,44,13,KICK,0.33070459722255413,0,-1.304,0.1194,KICK,0.0
3488,Team 12,74,11,PUNT,,,-0.292,-0.292,PUNT,0.0
3489,Team 08,38,6,KICK,0.4812587841214649,0,-1.208,0.8171,KICK,0.0
3490,Team 16,49,4,GO,0.5681437558388193,0,-2.18,1.3539,GO,0.0
3491,Team 13,72,13,PUNT,,,-0.276,-0.276,PUNT,0.0
3492,Team 03,34,6,GO,0.3346691378560442,0,-1.88,0.302,KICK,0.9799
3493,Team 12,88,11,PUNT,,,-0.404,-0.404,PUNT,0.0
3494,Team 12,12,13,KICK,0.9343184948673792,0,-0.792,2.7509,KICK,0.0
3495,Team 07,44,6,GO,0.4936300767509541,1,4.24,1.0397,GO,0.0
3496,Team 15,63,9,PUNT,,,-0.204,-0.204,PUNT,0.0
3497,Team 08,88,1,GO,0.682810727672691,0,-2.96,0.7545,GO,0.0
3498,Team 14,32,14,KICK,0.6352948493228072,1,3,1.5003,KICK,0.0
3499,Team 05,60,11,GO,0.1628431744996628,0,-2.4,-1.4229,PUNT,1.2429
3500,Team 15,64,10,PUNT,,,-0.212,-0.212,PUNT,0.0
3501,Team 09,82,2,GO,0.7111799598144781,1,2.72,1.1142,GO,0.0
3502,Team 14,51,9,PUNT,,,-0.108,-0.108,PUNT,0.0
3503,Team 07,78,2,GO,0.7015142308273599,1,2.88,1.1965,GO,0.0
3504,Team 05,52,14,PUNT,,,-0.116,-0.116,PUNT,0.0
3505,Team 11,32,15,KICK,0.6352948493228072,0,-1.112,1.5003,KICK,0.0
3506,Team 06,45,1,GO,0.7052076153533808,1,4.2,2.3428,GO,0.0
3507,Team 16,60,7,PUNT,,,-0.18,-0.18,GO,0.2085
3508,Team 14,24,1,GO,0.6384478943768523,1,5.04,2.6104,GO,0.0
3509,Team 12,66,13,PUNT,,,-0.228,-0.228,PUNT,0.0
3510,Team 09,48,4,GO,0.6132802431683475,0,-2.16,1.6669,GO,0.0
3511,Team 03,84,1,GO,0.6017729612434263,1,2.64,0.4418,GO,0.0
3512,Team 03,25,3,KICK,0.7841471891774855,1,3,2.1366,KICK,0.0
3513,Team 12,54,12,PUNT,,,-0.132,-0.132,PUNT,0.0
3514,Team 16,25,9,KICK,0.7841471891774855,1,3,2.1366,KICK,0.0
3515,Team 12,69,15,PUNT,,,-0.252,-0.252,PUNT,0.0
3516,Team 04,22,12,KICK,0.8327160444615168,1,3,2.3389,KICK,0.0
3517,Team 16,26,4,GO,0.5681437558388193,1,4.96,2.0752,GO,0.0
3518,Team 13,46,7,GO,0.4791878692587739,0,-2.12,0.8893,GO,0.0
3519,Team 08,82,15,PUNT,,,-0.356,-0.356,PUNT,0.0
3520,Team 10,74,10,PUNT,,,-0.292,-0.292,PUNT,0.0
3521,Team 16,49,14,KICK,0.22618142573054625,0,-1.384,-0.3924,PUNT,0.3004
3522,Team 07,76,7,GO,0.4389360721152808,1,2.96,-0.2268,GO,0.0
3523,Team 06,36,10,PUNT,,,0.012,0.012,KICK,1.0407
3524,Team 03,75,13,PUNT,,,-0.3,-0.3,PUNT,0.0
3525,Team 11,72,11,PUNT,,,-0.276,-0.276,PUNT,0.0
3526,Team 16,70,13,PUNT,,,-0.26,-0.26,PUNT,0.0
3527,Team 07,58,1,GO,0.7454553407611428,1,3.68,2.1426,GO,0.0
3528,Team 08,49,2,GO,0.6333740470762804,1,4.04,1.7596,GO,0.0
3529,Team 10,81,7,PUNT,,,-0.348,-0.348,PUNT,0.0
3530,Team 02,26,3,GO,0.563227497954577,1,4.96,2.0424,KICK,0.0173
3531,Team 05,51,4,GO,0.47571317758111337,0,-2.22,0.7199,GO,0.0
3532,Team 07,72,3,GO,0.6535134081523024,1,3.12,1.1242,GO,0.0
3533,Team 08,81,4,PUNT,,,-0.348,-0.348,GO,0.4667
3534,Team 07,31,12,KICK,0.6592603884513855,0,-1.096,1.6043,KICK,0.0
3535,Team 11,59,11,PUNT,,,-0.172,-0.172,PUNT,0.0
3536,Team 02,83,10,GO,0.2165766261264595,0,-2.86,-1.6602,PUNT,1.2962
3537,Team 06,32,9,KICK,0.6352948493228072,1,3,1.5003,KICK,0.0
3538,Team 02,22,1,GO,0.6669163928212177,0,-1.64,2.8684,GO,0.0
3539,Team 15,17,3,GO,0.5496461081640299,0,-1.54,2.2306,KICK,0.3582
3540,Team 07,45,5,KICK,0.3078904956982119,0,-1.32,0.0101,GO,1.3453
3541,Team 04,45,7,PUNT,,,-0.06,-0.06,KICK,0.0701
3542,Team 14,72,1,GO,0.6384478943768523,1,3.12,1.0375,GO,0.0
3543,Team 13,37,9,KICK,0.5074994375506204,0,-1.192,0.9354,KICK,0.0
3544,Team 03,82,14,PUNT,,,-0.356,-0.356,PUNT,0.0
3545,Team 02,27,14,KICK,0.7464939833376621,1,3,1.9779,KICK,0.0
3546,Team 10,81,4,PUNT,,,-0.348,-0.348,PUNT,0.0
3547,Team 08,21,6,KICK,0.8468362842349139,1,3,2.3971,KICK,0.0
3548,Team 16,32,15,KICK,0.6352948493228072,1,3,1.5003,KICK,0.0
3549,Team 05,21,5,KICK,0.8468362842349139,1,3,2.3971,KICK,0.0
3550,Team 08,36,12,PUNT,,,0.012,0.012,KICK,1.0407
3551,Team 12,51,8,KICK,0.19154534856146757,0,-1.416,-0.5701,GO,0.8394
3552,Team 13,77,7,GO,0.4791878692587739,0,-2.74,-0.0278,GO,0.0
3553,Team 14,28,4,GO,0.4771743507269338,0,-1.76,1.4084,KICK,0.4829
3554,Team 05,73,7,PUNT,,,-0.284,-0.284,PUNT,0.0
3555,Team 07,12,5,KICK,0.9343184948673792,1,3,2.7509,KICK,0.0
3556,Team 07,51,2,GO,0.7015142308273599,0,-2.22,2.1154,GO,0.0
3557,Team 16,24,3,KICK,0.8013892651145572,1,3,2.2087,GO,0.2852
3558,Team 09,72,15,PUNT,,,-0.276,-0.276,PUNT,0.0
3559,Team 07,90,15,PUNT,,,-0.42,-0.42,PUNT,0.0
3560,Team 13,73,12,PUNT,,,-0.284,-0.284,PUNT,0.0
3561,Team 01,45,6,PUNT,,,-0.06,-0.06,GO,0.6039
3562,Team 09,33,12,KICK,0.610639233949222,0,-1.128,1.3927,KICK,0.0
3563,Team 09,63,11,KICK,0.06297335605699649,1,3,-1.3178,PUNT,1.1138
3564,Team 06,68,5,GO,0.4980552402097736,1,3.28,0.3486,GO,0.0
3565,Team 05,10,3,KICK,0.9460888925720083,1,3,2.7973,KICK,0.0
3566,Team 10,32,9,KICK,0.6352948493228072,0,-1.112,1.5003,KICK,0.0
3567,Team 03,72,7,PUNT,,,-0.276,-0.276,PUNT,0.0
3568,Team 08,20,8,KICK,0.8599650843722273,1,3,2.4511,KICK,0.0
3569,Team 13,70,11,PUNT,,,-0.26,-0.26,PUNT,0.0
3570,Team 04,44,9,PUNT,,,-0.052,-0.052,KICK,0.1714
3571,Team 14,90,13,PUNT,,,-0.42,-0.42,PUNT,0.0
3572,Team 16,86,6,PUNT,,,-0.388,-0.388,PUNT,0.0
3573,Team 13,73,14,KICK,0.022977369910025632,0,-1.768,-1.6584,PUNT,1.3744
3574,Team 07,13,6,GO,0.4936300767509541,1,5.48,1.9658,KICK,0.7584
3575,Team 12,55,5,GO,0.5661473020656971,0,-2.3,1.1535,GO,0.0
3576,Team 16,36,6,GO,0.45866498212655793,0,-1.92,1.0521,KICK,0.0006
3577,Team 06,86,4,GO,0.55285699926031,0,-2.92,0.1097,GO,0.0
3578,Team 12,59,14,PUNT,,,-0.172,-0.172,PUNT,0.0
3579,Team 08,87,15,PUNT,,,-0.396,-0.396,PUNT,0.0
3580,Team 05,56,1,GO,0.6370946554825867,1,3.76,1.5535,GO,0.0
3581,Team 03,76,5,GO,0.38529290273260947,0,-2.72,-0.5315,PUNT,0.2235
3582,Team 11,38,10,KICK,0.4812587841214649,1,3,0.8171,KICK,0.0
3583,Team 10,77,4,PUNT,,,-0.316,-0.316,PUNT,0.0
3584,Team 02,72,11,PUNT,,,-0.276,-0.276,PUNT,0.0
3585,Team 11,23,3,GO,0.4335698705359307,1,5.08,1.2623,KICK,1.0139
3586,Team 13,26,1,GO,0.7749896631651041,1,4.96,3.4569,GO,0.0
3587,Team 13,76,12,PUNT,,,-0.308,-0.308,PUNT,0.0
3588,Team 15,35,14,KICK,0.5597136492671929,1,3,1.1684,KICK,0.0
3589,Team 14,12,11,KICK,0.9343184948673792,1,3,2.7509,KICK,0.0
3590,Team 02,61,4,GO,0.5085669512394625,1,3.56,0.6212,GO,0.0
3591,Team 16,23,8,KICK,0.8175744761936437,1,3,2.2761,KICK,0.0
3592,Team 07,20,15,KICK,0.8599650843722273,1,3,2.4511,KICK,0.0
3593,Team 08,64,11,GO,0.19258798623969967,0,-2.48,-1.3399,PUNT,1.1279
3594,Team 10,42,1,GO,0.570954621992401,1,4.32,1.5913,GO,0.0
3595,Team 13,11,6,GO,0.5341227138507878,0,-1.42,2.3082,KICK,0.4671
3596,Team 10,62,10,PUNT,,,-0.196,-0.196,PUNT,0.0
3597,Team 10,67,15,PUNT,,,-0.236,-0.236,PUNT,0.0
3598,Team 13,12,7,KICK,0.9343184948673792,1,3,2.7509,KICK,0.0
3599,Team 02,87,9,PUNT,,,-0.396,-0.396,PUNT,0.0
3600,Team 11,50,6,GO,0.2834726495239797,0,-2.2,-0.4425,PUNT,0.3425
3601,Team 14,28,7,KICK,0.7261149812607792,1,3,1.8913,KICK,0.0
3602,Team 01,42,10,KICK,0.37871640480893237,0,-1.272,0.3459,KICK,0.0
3603,Team 03,10,8,KICK,0.9460888925720083,1,3,2.7973,KICK,0.0
3604,Team 03,29,5,KICK,0.7047456979980911,1,3,1.8001,KICK,0.0
3605,Team 15,40,13,KICK,0.42922838810550845,1,3,0.5799,KICK,0.0
3606,Team 08,79,1,GO,0.682810727672691,0,-2.78,1.0574,GO,0.0
3607,Team 09,45,5,GO,0.5599900585150124,1,4.2,1.4279,GO,0.0
3608,Team 13,77,7,PUNT,,,-0.316,-0.316,GO,0.2882
3609,Team 14,88,3,PUNT,,,-0.404,-0.404,GO,0.3387
3610,Team 12,26,10,KICK,0.7658456258197972,1,3,2.0596,KICK,0.0
3611,Team 10,78,13,PUNT,,,-0.324,-0.324,PUNT,0.0
3612,Team 11,10,6,KICK,0.9460888925720083,1,3,2.7973,KICK,0.0
3613,Team 04,23,14,KICK,0.8175744761936437,1,3,2.2761,KICK,0.0
3614,Team 16,59,4,GO,0.5681437558388193,1,3.64,1.0402,GO,0.0
3615,Team 13,22,13,KICK,0.8327160444615168,1,3,2.3389,KICK,0.0
3616,Team 16,56,11,GO,0.21999109178604664,0,-2.32,-0.9825,PUNT,0.8345
3617,Team 15,52,10,GO,0.2073852577257895,1,3.92,-0.9625,PUNT,0.8465
3618,Team 14,74,15,PUNT,,,-0.292,-0.292,PUNT,0.0
3619,Team 10,66,5,GO,0.35565962521942324,1,3.36,-0.4287,PUNT,0.2007
3620,Team 06,38,4,GO,0.55285699926031,1,4.48,1.6004,GO,0.0
3621,Team 08,44,9,PUNT,,,-0.052,-0.052,KICK,0.1714
3622,Team 02,38,15,KICK,0.4812587841214649,0,-1.208,0.8171,KICK,0.0
3623,Team 06,77,2,GO,0.6575107676168527,0,-2.74,0.9815,GO,0.0
3624,Team 09,42,6,GO,0.5052802311918284,0,-2.04,1.1736,GO,0.0
3625,Team 09,76,10,PUNT,,,-0.308,-0.308,PUNT,0.0
3626,Team 05,80,12,PUNT,,,-0.34,-0.34,PUNT,0.0
3627,Team 14,76,1,GO,0.6384478943768523,1,2.96,0.9064,GO,0.0
3628,Team 16,56,10,PUNT,,,-0.148,-0.148,PUNT,0.0
3629,Team 10,78,1,GO,0.570954621992401,0,-2.76,0.4602,GO,0.0
3630,Team 08,54,8,PUNT,,,-0.132,-0.132,PUNT,0.0
3631,Team 15,44,13,PUNT,,,-0.052,-0.052,KICK,0.1714
3632,Team 11,64,15,PUNT,,,-0.212,-0.212,PUNT,0.0
3633,Team 13,62,14,PUNT,,,-0.196,-0.196,PUNT,0.0
3634,Team 07,63,14,PUNT,,,-0.204,-0.204,PUNT,0.0
3635,Team 13,56,1,GO,0.7749896631651041,0,-2.32,2.3919,GO,0.0
3636,Team 07,48,5,GO,0.5484769739869401,0,-2.16,1.2625,GO,0.0
3637,Team 05,58,13,PUNT,,,-0.164,-0.164,PUNT,0.0
3638,Team 03,34,3,KICK,0.5854045691294653,1,3,1.2819,GO,0.0538
3639,Team 14,30,14,KICK,0.6824383021930649,0,-1.08,1.7043,KICK,0.0
3640,Team 04,10,3,GO,0.5188412894570203,0,-1.4,2.2319,KICK,0.5654
3641,Team 05,45,9,KICK,0.3078904956982119,1,3,0.0101,KICK,0.0
3642,Team 08,54,5,GO,0.4717100045295637,0,-2.28,0.6069,GO,0.0
3643,Team 06,57,1,GO,0.7052076153533808,1,3.72,1.9336,GO,0.0
3644,Team 11,86,8,PUNT,,,-0.388,-0.388,PUNT,0.0
3645,Team 08,46,1,GO,0.682810727672691,1,4.16,2.1681,GO,0.0
3646,Team 08,53,7,PUNT,,,-0.124,-0.124,GO,0.1057
3647,Team 08,61,5,GO,0.4717100045295637,0,-2.42,0.4008,GO,0.0
3648,Team 10,54,11,PUNT,,,-0.132,-0.132,PUNT,0.0
3649,Team 07,46,8,PUNT,,,-0.068,-0.068,GO,0.3701
3650,Team 03,28,13,KICK,0.7261149812607792,1,3,1.8913,KICK,0.0
3651,Team 02,13,5,KICK,0.9275735146384823,1,3,2.7242,KICK,0.0
3652,Team 14,53,10,PUNT,,,-0.124,-0.124,PUNT,0.0
3653,Team 07,63,13,GO,0.1728615552408277,1,3.48,-1.4332,PUNT,1.2292
3654,Team 06,39,9,PUNT,,,-0.012,-0.012,KICK,0.7104
3655,Team 10,78,3,PUNT,,,-0.324,-0.324,GO,0.1669
3656,Team 04,31,15,PUNT,,,0.052,0.052,KICK,1.5523
3657,Team 14,18,7,KICK,0.8833970308388606,1,3,2.5466,KICK,0.0
3658,Team 16,48,12,PUNT,,,-0.084,-0.084,PUNT,0.0
3659,Team 13,86,15,PUNT,,,-0.388,-0.388,PUNT,0.0
3660,Team 14,14,14,KICK,0.9201950407592125,1,3,2.6948,KICK,0.0
3661,Team 10,84,14,PUNT,,,-0.372,-0.372,PUNT,0.0
3662,Team 06,69,11,PUNT,,,-0.252,-0.252,PUNT,0.0
3663,Team 06,47,15,KICK,0.2650274005334813,0,-1.352,-0.1986,PUNT,0.1226
3664,Team 09,48,9,GO,0.34550014746396424,0,-2.16,-0.0041,GO,0.0
3665,Team 01,58,6,PUNT,,,-0.164,-0.164,GO,0.3388
3666,Team 13,19,9,KICK,0.8721384336809187,1,3,2.5008,KICK,0.0
3667,Team 09,53,11,GO,0.25371834854844727,0,-2.26,-0.7022,PUNT,0.5782
3668,Team 16,71,7,PUNT,,,-0.268,-0.268,PUNT,0.0
3669,Team 10,58,7,KICK,0.10201806918913042,0,-1.528,-1.0661,PUNT,0.9021
3670,Team 05,33,11,KICK,0.610639233949222,1,3,1.3927,KICK,0.0
3671,Team 14,83,8,PUNT,,,-0.364,-0.364,PUNT,0.0
3672,Team 03,36,6,GO,0.3346691378560442,0,-1.92,0.2487,KICK,0.8041
3673,Team 15,18,2,KICK,0.8833970308388606,1,3,2.5466,GO,0.0199
3674,Team 02,70,8,PUNT,,,-0.26,-0.26,PUNT,0.0
3675,Team 10,89,7,PUNT,,,-0.412,-0.412,PUNT,0.0
3676,Team 14,56,1,GO,0.6384478943768523,0,-2.32,1.5618,GO,0.0
3677,Team 06,77,6,PUNT,,,-0.316,-0.316,GO,0.0851
3678,Team 10,17,9,KICK,0.8937850083248244,1,3,2.5887,KICK,0.0
3679,Team 08,11,11,KICK,0.9404756340234984,1,3,2.7752,KICK,0.0
3680,Team 14,37,4,GO,0.4771743507269338,1,4.52,1.1425,GO,0.0
3681,Team 12,39,13,KICK,0.45512110762641994,1,3,0.6984,KICK,0.0
3682,Team 13,53,15,PUNT,,,-0.124,-0.124,PUNT,0.0
3683,Team 12,63,15,KICK,0.06297335605699649,0,-1.608,-1.3178,PUNT,1.1138
3684,Team 06,58,14,PUNT,,,-0.164,-0.164,PUNT,0.0
3685,Team 06,74,5,GO,0.4980552402097736,1,3.04,0.1689,GO,0.0
3686,Team 14,33,3,GO,0.532114204592694,0,-1.86,1.62,GO,0.0
3687,Team 05,44,2,GO,0.5848647368258585,1,4.24,1.6163,GO,0.0
3688,Team 14,73,3,GO,0.532114204592694,0,-2.66,0.3943,GO,0.0
3689,Team 16,24,8,KICK,0.8013892651145572,1,3,2.2087,KICK,0.0
3690,Team 04,75,5,PUNT,,,-0.3,-0.3,PUNT,0.0
3691,Team 03,45,15,PUNT,,,-0.06,-0.06,KICK,0.0701
3692,Team 03,45,9,KICK,0.3078904956982119,1,3,0.0101,KICK,0.0
3693,Team 06,76,3,GO,0.6064038791149935,1,2.96,0.7244,GO,0.0
3694,Team 07,77,4,GO,0.6021709365103962,1,2.92,0.6683,GO,0.0
3695,Team 02,23,12,KICK,0.8175744761936437,1,3,2.2761,KICK,0.0
3696,Team 07,80,3,GO,0.6535134081523024,1,2.8,0.8597,GO,0.0
3697,Team 10,77,2,PUNT,,,-0.316,-0.316,GO,0.499
3698,Team 14,41,1,GO,0.6384478943768523,0,-2.02,2.0533,GO,0.0
3699,Team 09,73,5,GO,0.5599900585150124,0,-2.66,0.5543,GO,0.0
3700,Team 08,66,4,PUNT,,,-0.228,-0.228,GO,0.8047
3701,Team 07,32,14,KICK,0.6352948493228072,1,3,1.5003,KICK,0.0
3702,Team 15,31,9,KICK,0.6592603884513855,0,-1.096,1.6043,KICK,0.0
3703,Team 16,54,11,PUNT,,,-0.132,-0.132,PUNT,0.0
3704,Team 01,21,12,KICK,0.8468362842349139,1,3,2.3971,KICK,0.0
3705,Team 16,54,14,PUNT,,,-0.132,-0.132,PUNT,0.0
3706,Team 15,82,15,PUNT,,,-0.356,-0.356,PUNT,0.0
3707,Team 13,37,5,GO,0.5882421741646358,1,4.52,1.86,GO,0.0
3708,Team 11,24,10,KICK,0.8013892651145572,0,-0.984,2.2087,KICK,0.0
3709,Team 15,32,5,GO,0.4400992987044506,1,4.72,1.0471,KICK,0.4533
3710,Team 05,87,7,GO,0.31924931227269765,1,2.52,-1.1969,PUNT,0.8009
3711,Team 01,58,14,PUNT,,,-0.164,-0.164,PUNT,0.0
3712,Team 07,37,9,PUNT,,,0.004,0.004,KICK,0.9314
3713,Team 04,20,14,KICK,0.8599650843722273,1,3,2.4511,KICK,0.0
3714,Team 09,59,13,PUNT,,,-0.172,-0.172,PUNT,0.0
3715,Team 15,85,11,PUNT,,,-0.38,-0.38,PUNT,0.0
3716,Team 02,45,4,PUNT,,,-0.06,-0.06,GO,1.164
3717,Team 16,53,15,KICK,0.1611089495765853,0,-1.448,-0.7314,PUNT,0.6074
3718,Team 13,64,3,GO,0.6892688541839076,1,3.44,1.6005,GO,0.0
3719,Team 08,83,11,PUNT,,,-0.364,-0.364,PUNT,0.0
3720,Team 04,49,9,KICK,0.22618142573054625,1,3,-0.3924,PUNT,0.3004
3721,Team 12,25,3,GO,0.6695497215555487,1,5.0,2.786,GO,0.0
3722,Team 11,74,1,GO,0.5430678179428203,1,3.04,0.4263,GO,0.0
3723,Team 02,62,3,GO,0.563227497954577,1,3.52,0.9168,GO,0.0
3724,Team 13,68,7,PUNT,,,-0.244,-0.244,GO,0.4825
3725,Team 15,69,12,PUNT,,,-0.252,-0.252,PUNT,0.0
3726,Team 07,81,12,PUNT,,,-0.348,-0.348,PUNT,0.0
3727,Team 12,85,14,PUNT,,,-0.38,-0.38,PUNT,0.0
3728,Team 07,36,15,KICK,0.533698835432901,1,3,1.0527,KICK,0.0
3729,Team 11,30,11,KICK,0.6824383021930649,1,3,1.7043,KICK,0.0
3730,Team 16,40,1,GO,0.7179431443239072,1,4.4,2.5948,GO,0.0
3731,Team 07,65,7,GO,0.4389360721152808,1,3.4,0.0897,GO,0.0
3732,Team 16,61,14,PUNT,,,-0.188,-0.188,PUNT,0.0
3733,Team 15,80,10,PUNT,,,-0.34,-0.34,PUNT,0.0
3734,Team 04,82,13,PUNT,,,-0.356,-0.356,PUNT,0.0
3735,Team 11,15,7,KICK,0.9121360851706988,1,3,2.6626,KICK,0.0
3736,Team 07,72,2,GO,0.7015142308273599,1,3.12,1.4007,GO,0.0
3737,Team 08,19,13,KICK,0.8721384336809187,0,-0.904,2.5008,KICK,0.0
3738,Team 10,52,14,PUNT,,,-0.116,-0.116,PUNT,0.0
3739,Team 11,12,11,KICK,0.9343184948673792,0,-0.792,2.7509,KICK,0.0
3740,Team 03,72,1,GO,0.6017729612434263,1,3.12,0.8262,GO,0.0
3741,Team 09,38,2,GO,0.7111799598144781,1,4.48,2.62,GO,0.0
3742,Team 16,34,13,KICK,0.5854045691294653,1,3,1.2819,KICK,0.0
3743,Team 07,27,11,KICK,0.7464939833376621,1,3,1.9779,KICK,0.0
3744,Team 01,61,3,GO,0.583186768451493,1,3.56,1.0675,GO,0.0
3745,Team 02,13,13,KICK,0.9275735146384823,1,3,2.7242,KICK,0.0
3746,Team 11,10,11,KICK,0.9460888925720083,1,3,2.7973,KICK,0.0
3747,Team 02,49,11,PUNT,,,-0.092,-0.092,PUNT,0.0
3748,Team 03,71,15,PUNT,,,-0.268,-0.268,PUNT,0.0
3749,Team 14,65,14,PUNT,,,-0.22,-0.22,PUNT,0.0
3750,Team 10,31,9,KICK,0.6592603884513855,1,3,1.6043,KICK,0.0
3751,Team 16,27,8,KICK,0.7464939833376621,1,3,1.9779,KICK,0.0
3752,Team 07,14,7,KICK,0.9201950407592125,1,3,2.6948,KICK,0.0
3753,Team 12,81,12,PUNT,,,-0.348,-0.348,PUNT,0.0
3754,Team 12,71,11,GO,0.2584863321099704,0,-2.62,-1.1259,PUNT,0.8579
3755,Team 12,82,1,GO,0.7588068543713931,1,2.72,1.379,GO,0.0
3756,Team 03,30,11,KICK,0.6824383021930649,0,-1.08,1.7043,KICK,0.0
3757,Team 12,31,6,GO,0.5115352589374579,0,-1.82,1.5459,KICK,0.0584
3758,Team 02,82,4,GO,0.5085669512394625,0,-2.84,-0.0124,GO,0.0
3759,Team 04,17,11,KICK,0.8937850083248244,0,-0.872,2.5887,KICK,0.0
3760,Team 05,15,13,KICK,0.9121360851706988,1,3,2.6626,KICK,0.0
3761,Team 16,12,10,KICK,0.9343184948673792,1,3,2.7509,KICK,0.0
3762,Team 14,51,2,GO,0.5862862634331419,0,-2.22,1.4032,GO,0.0
3763,Team 02,69,12,PUNT,,,-0.252,-0.252,PUNT,0.0
3764,Team 08,81,14,PUNT,,,-0.348,-0.348,PUNT,0.0
3765,Team 12,34,4,KICK,0.5854045691294653,0,-1.144,1.2819,GO,0.8753
3766,Team 12,88,7,PUNT,,,-0.404,-0.404,PUNT,0.0
3767,Team 11,66,3,PUNT,,,-0.228,-0.228,GO,0.2574
3768,Team 01,89,7,PUNT,,,-0.412,-0.412,PUNT,0.0
3769,Team 16,40,5,PUNT,,,-0.02,-0.02,GO,1.3068
3770,Team 06,24,10,KICK,0.8013892651145572,1,3,2.2087,KICK,0.0
3771,Team 04,15,11,KICK,0.9121360851706988,1,3,2.6626,KICK,0.0
3772,Team 01,31,14,KICK,0.6592603884513855,1,3,1.6043,KICK,0.0
3773,Team 04,11,15,KICK,0.9404756340234984,1,3,2.7752,KICK,0.0
3774,Team 05,48,2,GO,0.5848647368258585,0,-2.16,1.4896,GO,0.0
3775,Team 03,42,6,GO,0.3346691378560442,0,-2.04,0.0885,KICK,0.2574
3776,Team 10,59,2,GO,0.5164308431129125,1,3.64,0.7289,GO,0.0
3777,Team 11,76,9,PUNT,,,-0.308,-0.308,PUNT,0.0
3778,Team 14,84,12,KICK,0.007354947021580431,0,-1.944,-1.9076,PUNT,1.5356
3779,Team 12,45,8,PUNT,,,-0.06,-0.06,GO,0.4976
3780,Team 05,18,6,KICK,0.8833970308388606,1,3,2.5466,KICK,0.0
3781,Team 13,22,11,KICK,0.8327160444615168,1,3,2.3389,KICK,0.0
3782,Team 10,65,2,GO,0.5164308431129125,1,3.4,0.5469,GO,0.0
3783,Team 06,53,12,GO,0.17540726974703758,0,-2.26,-1.183,PUNT,1.059
3784,Team 16,74,4,GO,0.5681437558388193,0,-2.68,0.5698,GO,0.0
3785,Team 08,13,6,KICK,0.9275735146384823,0,-0.808,2.7242,KICK,0.0
3786,Team 03,37,1,GO,0.6017729612434263,0,-1.94,1.9475,GO,0.0
3787,Team 16,17,7,KICK,0.8937850083248244,1,3,2.5887,KICK,0.0
3788,Team 13,51,6,GO,0.5341227138507878,0,-2.22,1.0809,GO,0.0
3789,Team 12,86,10,GO,0.30283146014450685,1,2.56,-1.2605,PUNT,0.8725
3790,Team 06,12,2,KICK,0.9343184948673792,1,3,2.7509,GO,0.3853
3791,Team 02,48,12,PUNT,,,-0.084,-0.084,PUNT,0.0
3792,Team 13,52,11,PUNT,,,-0.116,-0.116,PUNT,0.0
3793,Team 14,24,2,KICK,0.8013892651145572,1,3,2.2087,GO,0.0511
3794,Team 13,44,4,GO,0.6403084946867348,0,-2.08,1.9667,GO,0.0
3795,Team 16,12,13,KICK,0.9343184948673792,1,3,2.7509,KICK,0.0
3796,Team 06,51,15,PUNT,,,-0.108,-0.108,PUNT,0.0
3797,Team 03,90,3,PUNT,,,-0.42,-0.42,GO,0.0834
3798,Team 04,23,10,KICK,0.8175744761936437,1,3,2.2761,KICK,0.0
3799,Team 05,43,5,KICK,0.35434369377420466,0,-1.288,0.2314,GO,0.3799
3800,Team 16,60,12,GO,0.18456525908245516,0,-2.4,-1.2926,PUNT,1.1126
3801,Team 05,56,6,PUNT,,,-0.148,-0.148,GO,0.0705
3802,Team 12,12,3,GO,0.6695497215555487,0,-1.44,3.2201,GO,0.0
3803,Team 04,58,13,PUNT,,,-0.164,-0.164,PUNT,0.0
3804,Team 14,29,14,KICK,0.7047456979980911,0,-1.064,1.8001,KICK,0.0
3805,Team 08,55,15,PUNT,,,-0.14,-0.14,PUNT,0.0
3806,Team 12,16,4,GO,0.6191988694215159,1,5.36,2.7401,GO,0.0
3807,Team 13,22,4,GO,0.6403084946867348,0,-1.64,2.6885,GO,0.0
3808,Team 09,48,15,KICK,0.24508501313237172,0,-1.368,-0.2975,PUNT,0.2135
3809,Team 10,38,12,KICK,0.4812587841214649,1,3,0.8171,KICK,0.0
3810,Team 16,85,4,GO,0.5681437558388193,0,-2.9,0.2248,GO,0.0
3811,Team 04,88,13,PUNT,,,-0.404,-0.404,PUNT,0.0
3812,Team 14,36,12,KICK,0.533698835432901,1,3,1.0527,KICK,0.0
3813,Team 16,57,7,PUNT,,,-0.156,-0.156,GO,0.2688
3814,Team 07,66,4,GO,0.6021709365103962,1,3.36,1.0208,GO,0.0
3815,Team 11,56,1,GO,0.5430678179428203,0,-2.32,0.9819,GO,0.0
3816,Team 12,72,4,GO,0.6191988694215159,1,3.12,0.9266,GO,0.0
3817,Team 05,24,2,GO,0.5848647368258585,1,5.04,2.2503,GO,0.0
3818,Team 03,53,6,GO,0.3346691378560442,0,-2.26,-0.2051,PUNT,0.0811
3819,Team 13,11,1,GO,0.7749896631651041,1,5.56,3.9894,GO,0.0
3820,Team 08,18,6,KICK,0.8833970308388606,0,-0.888,2.5466,KICK,0.0
3821,Team 12,90,12,GO,0.21859877550730564,1,2.4,-1.8196,PUNT,1.3996
3822,Team 08,39,11,KICK,0.45512110762641994,1,3,0.6984,KICK,0.0
3823,Team 05,82,14,PUNT,,,-0.356,-0.356,PUNT,0.0
3824,Team 05,51,2,GO,0.5848647368258585,0,-2.22,1.3945,GO,0.0
3825,Team 04,75,9,PUNT,,,-0.3,-0.3,PUNT,0.0
3826,Team 11,34,5,KICK,0.5854045691294653,1,3,1.2819,KICK,0.0
3827,Team 01,56,14,PUNT,,,-0.148,-0.148,PUNT,0.0
3828,Team 08,59,14,PUNT,,,-0.172,-0.172,PUNT,0.0
3829,Team 08,75,4,GO,0.5266544657992237,1,3.0,0.3019,GO,0.0
3830,Team 10,85,2,PUNT,,,-0.38,-0.38,GO,0.3204
3831,Team 16,14,9,KICK,0.9201950407592125,1,3,2.6948,KICK,0.0
3832,Team 12,44,10,KICK,0.33070459722255413,1,3,0.1194,KICK,0.0
3833,Team 06,58,1,GO,0.7052076153533808,1,3.68,1.8995,GO,0.0
3834,Team 09,36,10,KICK,0.533698835432901,0,-1.176,1.0527,KICK,0.0
3835,Team 13,47,15,KICK,0.2650274005334813,0,-1.352,-0.1986,PUNT,0.1226
3836,Team 11,17,12,KICK,0.8937850083248244,1,3,2.5887,KICK,0.0
3837,Team 06,83,12,PUNT,,,-0.364,-0.364,PUNT,0.0
3838,Team 02,84,10,PUNT,,,-0.372,-0.372,PUNT,0.0
3839,Team 16,23,14,KICK,0.8175744761936437,0,-0.968,2.2761,KICK,0.0
3840,Team 13,16,12,KICK,0.903348789058409,1,3,2.6273,KICK,0.0
3841,Team 15,15,14,KICK,0.9121360851706988,1,3,2.6626,KICK,0.0
3842,Team 10,40,13,PUNT,,,-0.02,-0.02,KICK,0.5999
3843,Team 01,71,3,GO,0.583186768451493,1,3.16,0.7508,GO,0.0
3844,Team 03,88,15,PUNT,,,-0.404,-0.404,PUNT,0.0
3845,Team 04,77,8,PUNT,,,-0.316,-0.316,PUNT,0.0
3846,Team 13,54,2,GO,0.7343299545462806,1,3.84,2.2141,GO,0.0
3847,Team 03,54,9,PUNT,,,-0.132,-0.132,PUNT,0.0
3848,Team 06,40,13,PUNT,,,-0.02,-0.02,KICK,0.5999
3849,Team 02,10,1,GO,0.6669163928212177,1,5.6,3.2684,GO,0.0
3850,Team 03,59,2,GO,0.5480655976092276,1,3.64,0.9194,GO,0.0
3851,Team 12,44,5,PUNT,,,-0.052,-0.052,GO,1.5501
3852,Team 12,18,3,KICK,0.8833970308388606,1,3,2.5466,GO,0.4731
3853,Team 07,51,4,GO,0.6021709365103962,0,-2.22,1.5014,GO,0.0
3854,Team 15,62,13,PUNT,,,-0.196,-0.196,PUNT,0.0
3855,Team 12,50,2,GO,0.7162933940110477,0,-2.2,2.241,GO,0.0
3856,Team 10,35,11,PUNT,,,0.02,0.02,KICK,1.1484
3857,Team 08,77,15,PUNT,,,-0.316,-0.316,PUNT,0.0
3858,Team 07,35,9,KICK,0.5597136492671929,1,3,1.1684,KICK,0.0
3859,Team 15,72,15,PUNT,,,-0.276,-0.276,PUNT,0.0
3860,Team 05,80,6,PUNT,,,-0.34,-0.34,PUNT,0.0
3861,Team 09,48,8,GO,0.3967851966138369,1,4.08,0.3159,GO,0.0
3862,Team 06,32,8,GO,0.33899432053520184,1,4.72,0.3838,KICK,1.1165
3863,Team 02,74,12,PUNT,,,-0.292,-0.292,PUNT,0.0
3864,Team 13,89,11,PUNT,,,-0.412,-0.412,PUNT,0.0
3865,Team 08,68,9,PUNT,,,-0.244,-0.244,PUNT,0.0
3866,Team 03,53,13,PUNT,,,-0.124,-0.124,PUNT,0.0
3867,Team 16,35,1,GO,0.7179431443239072,1,4.6,2.7666,GO,0.0
3868,Team 01,32,1,KICK,0.6352948493228072,1,3,1.5003,GO,1.1519
3869,Team 02,81,12,PUNT,,,-0.348,-0.348,PUNT,0.0
3870,Team 16,73,2,GO,0.6713465706923882,1,3.08,1.1935,GO,0.0
3871,Team 09,51,15,PUNT,,,-0.108,-0.108,PUNT,0.0
3872,Team 08,25,1,KICK,0.7841471891774855,1,3,2.1366,GO,0.7382
3873,Team 02,15,4,KICK,0.9121360851706988,1,3,2.6626,KICK,0.0
3874,Team 03,54,1,GO,0.6017729612434263,1,3.84,1.4029,GO,0.0
3875,Team 03,70,10,PUNT,,,-0.26,-0.26,PUNT,0.0
3876,Team 08,65,6,PUNT,,,-0.22,-0.22,GO,0.1829
3877,Team 09,60,4,GO,0.6132802431683475,0,-2.4,1.2797,GO,0.0
3878,Team 05,48,2,GO,0.5848647368258585,1,4.08,1.4896,GO,0.0
3879,Team 14,46,1,GO,0.6384478943768523,1,4.16,1.8895,GO,0.0
3880,Team 10,78,3,GO,0.4615130443401682,1,2.88,-0.1571,GO,0.0
3881,Team 12,25,6,GO,0.5115352589374579,0,-1.7,1.7273,KICK,0.4093
3882,Team 14,63,8,PUNT,,,-0.204,-0.204,PUNT,0.0
3883,Team 10,33,1,GO,0.570954621992401,0,-1.86,1.874,GO,0.0
3884,Team 12,42,14,KICK,0.37871640480893237,0,-1.272,0.3459,KICK,0.0
3885,Team 04,44,12,KICK,0.33070459722255413,0,-1.304,0.1194,KICK,0.0
3886,Team 10,53,15,KICK,0.1611089495765853,0,-1.448,-0.7314,PUNT,0.6074
3887,Team 15,34,4,GO,0.4948104192229929,0,-1.88,1.3462,GO,0.0
3888,Team 04,39,11,PUNT,,,-0.012,-0.012,KICK,0.7104
3889,Team 02,16,7,KICK,0.903348789058409,1,3,2.6273,KICK,0.0
3890,Team 03,34,13,KICK,0.5854045691294653,1,3,1.2819,KICK,0.0
3891,Team 12,59,3,GO,0.6695497215555487,0,-2.38,1.6507,GO,0.0
3892,Team 09,88,15,PUNT,,,-0.404,-0.404,PUNT,0.0
3893,Team 01,69,1,GO,0.6847891621792315,1,3.24,1.4055,GO,0.0
3894,Team 15,64,13,PUNT,,,-0.212,-0.212,PUNT,0.0
3895,Team 14,81,8,PUNT,,,-0.348,-0.348,PUNT,0.0
3896,Team 02,71,1,GO,0.6669163928212177,1,3.16,1.2348,GO,0.0
3897,Team 03,22,12,KICK,0.8327160444615168,1,3,2.3389,KICK,0.0
3898,Team 13,59,6,GO,0.5341227138507878,0,-2.38,0.8354,GO,0.0
3899,Team 11,78,9,PUNT,,,-0.324,-0.324,PUNT,0.0
3900,Team 01,54,3,GO,0.583186768451493,1,3.84,1.2891,GO,0.0
3901,Team 02,18,5,PUNT,,,0.156,0.156,KICK,2.3906
3902,Team 07,28,12,KICK,0.7261149812607792,1,3,1.8913,KICK,0.0
3903,Team 01,60,9,PUNT,,,-0.18,-0.18,PUNT,0.0
3904,Team 12,90,13,PUNT,,,-0.42,-0.42,PUNT,0.0
3905,Team 07,17,9,KICK,0.8937850083248244,1,3,2.5887,KICK,0.0
3906,Team 06,58,4,PUNT,,,-0.164,-0.164,GO,1.1433
3907,Team 12,31,2,GO,0.7162933940110477,0,-1.82,2.8932,GO,0.0
3908,Team 07,84,15,PUNT,,,-0.372,-0.372,PUNT,0.0
3909,Team 13,12,12,KICK,0.9343184948673792,0,-0.792,2.7509,KICK,0.0
3910,Team 11,18,15,KICK,0.8833970308388606,1,3,2.5466,KICK,0.0
3911,Team 09,18,15,KICK,0.8833970308388606,1,3,2.5466,KICK,0.0
3912,Team 08,67,1,GO,0.682810727672691,1,3.32,1.4613,GO,0.0
3913,Team 06,17,13,KICK,0.8937850083248244,1,3,2.5887,KICK,0.0
3914,Team 03,64,11,PUNT,,,-0.212,-0.212,PUNT,0.0
3915,Team 01,19,14,KICK,0.8721384336809187,1,3,2.5008,KICK,0.0
3916,Team 04,54,6,PUNT,,,-0.132,-0.132,GO,0.0422
3917,Team 09,48,8,GO,0.3967851966138369,1,4.08,0.3159,GO,0.0
3918,Team 08,66,12,PUNT,,,-0.228,-0.228,PUNT,0.0
3919,Team 14,42,3,GO,0.532114204592694,0,-2.04,1.3442,GO,0.0
3920,Team 13,49,13,KICK,0.22618142573054625,0,-1.384,-0.3924,PUNT,0.3004
3921,Team 04,30,10,KICK,0.6824383021930649,1,3,1.7043,KICK,0.0
3922,Team 08,21,12,KICK,0.8468362842349139,1,3,2.3971,KICK,0.0
3923,Team 01,19,5,KICK,0.8721384336809187,1,3,2.5008,KICK,0.0
3924,Team 14,87,1,GO,0.6384478943768523,0,-2.94,0.5459,GO,0.0
3925,Team 14,22,13,KICK,0.8327160444615168,1,3,2.3389,KICK,0.0
3926,Team 14,35,11,KICK,0.5597136492671929,1,3,1.1684,KICK,0.0
3927,Team 07,34,15,KICK,0.5854045691294653,1,3,1.2819,KICK,0.0
3928,Team 09,70,7,PUNT,,,-0.26,-0.26,GO,0.2726
3929,Team 16,42,7,KICK,0.37871640480893237,0,-1.272,0.3459,GO,0.1883
3930,Team 16,57,6,GO,0.45866498212655793,0,-2.34,0.4395,GO,0.0
3931,Team 15,14,3,GO,0.5496461081640299,1,5.44,2.3236,KICK,0.3713
3932,Team 07,70,12,PUNT,,,-0.26,-0.26,PUNT,0.0
3933,Team 07,17,9,KICK,0.8937850083248244,1,3,2.5887,KICK,0.0
3934,Team 09,72,6,GO,0.5052802311918284,0,-2.64,0.2704,GO,0.0
3935,Team 06,71,4,PUNT,,,-0.268,-0.268,GO,0.8435
3936,Team 08,12,1,GO,0.682810727672691,1,5.52,3.3124,GO,0.0
3937,Team 05,75,1,GO,0.6370946554825867,1,3.0,0.9314,GO,0.0
3938,Team 09,19,8,KICK,0.8721384336809187,0,-0.904,2.5008,KICK,0.0
3939,Team 08,11,14,KICK,0.9404756340234984,1,3,2.7752,KICK,0.0
3940,Team 11,57,2,GO,0.48817701060294577,1,3.72,0.6184,GO,0.0
3941,Team 12,31,2,GO,0.7162933940110477,1,4.76,2.8932,GO,0.0
3942,Team 11,58,10,GO,0.14096466806894628,0,-2.36,-1.5086,PUNT,1.3446
3943,Team 15,53,5,GO,0.4400992987044506,0,-2.26,0.4422,GO,0.0
3944,Team 03,80,15,PUNT,,,-0.34,-0.34,PUNT,0.0
3945,Team 07,20,5,KICK,0.8599650843722273,1,3,2.4511,KICK,0.0
3946,Team 09,37,12,KICK,0.5074994375506204,1,3,0.9354,KICK,0.0
3947,Team 10,84,14,PUNT,,,-0.372,-0.372,PUNT,0.0
3948,Team 13,60,12,PUNT,,,-0.18,-0.18,PUNT,0.0
3949,Team 02,55,8,KICK,0.13470305195202817,0,-1.48,-0.8765,PUNT,0.7365
3950,Team 12,43,10,GO,0.30283146014450685,0,-2.06,-0.14,KICK,0.3715
3951,Team 12,44,13,KICK,0.33070459722255413,0,-1.304,0.1194,KICK,0.0
3952,Team 15,22,10,KICK,0.8327160444615168,0,-0.952,2.3389,KICK,0.0
3953,Team 06,82,10,PUNT,,,-0.356,-0.356,PUNT,0.0
3954,Team 03,51,12,PUNT,,,-0.108,-0.108,PUNT,0.0
3955,Team 03,11,5,KICK,0.9404756340234984,1,3,2.7752,KICK,0.0
3956,Team 03,86,8,PUNT,,,-0.388,-0.388,PUNT,0.0
3957,Team 11,38,8,KICK,0.4812587841214649,1,3,0.8171,KICK,0.0
3958,Team 16,16,13,KICK,0.903348789058409,1,3,2.6273,KICK,0.0
3959,Team 04,49,10,PUNT,,,-0.092,-0.092,PUNT,0.0
3960,Team 02,17,7,KICK,0.8937850083248244,1,3,2.5887,KICK,0.0
3961,Team 01,83,14,PUNT,,,-0.364,-0.364,PUNT,0.0
3962,Team 14,30,15,KICK,0.6824383021930649,1,3,1.7043,KICK,0.0
3963,Team 10,64,2,GO,0.5164308431129125,1,3.44,0.5773,GO,0.0
3964,Team 09,85,1,GO,0.7541967228490082,0,-2.9,1.2481,GO,0.0
3965,Team 10,12,15,KICK,0.9343184948673792,1,3,2.7509,KICK,0.0
3966,Team 15,23,6,KICK,0.8175744761936437,1,3,2.2761,KICK,0.0
3967,Team 16,46,5,GO,0.5135670971823116,0,-2.12,1.1052,GO,0.0
3968,Team 08,55,7,GO,0.3651035350617658,1,3.8,-0.0729,GO,0.0
3969,Team 02,84,13,PUNT,,,-0.372,-0.372,PUNT,0.0
3970,Team 10,36,8,PUNT,,,0.012,0.012,KICK,1.0407
3971,Team 13,57,9,GO,0.3720816900525986,0,-2.34,-0.0852,GO,0.0
3972,Team 16,35,4,KICK,0.5597136492671929,1,3,1.1684,GO,0.6245
3973,Team 08,54,3,GO,0.5809608534948784,1,3.84,1.2755,GO,0.0
3974,Team 06,76,6,GO,0.4433001665920852,0,-2.72,-0.2021,GO,0.0
3975,Team 16,50,7,GO,0.40474845952406324,0,-2.2,0.3094,GO,0.0
3976,Team 05,61,6,GO,0.36883363288543497,0,-2.42,-0.2144,PUNT,0.0264
3977,Team 06,31,8,KICK,0.6592603884513855,1,3,1.6043,KICK,0.0
3978,Team 08,30,3,KICK,0.6824383021930649,0,-1.08,1.7043,GO,0.33
3979,Team 06,40,6,PUNT,,,-0.02,-0.02,GO,0.8571
3980,Team 09,16,11,KICK,0.903348789058409,1,3,2.6273,KICK,0.0
3981,Team 09,15,5,KICK,0.9121360851706988,1,3,2.6626,KICK,0.0
3982,Team 15,63,6,GO,0.386805767152458,0,-2.46,-0.1624,GO,0.0
3983,Team 02,20,7,KICK,0.8599650843722273,1,3,2.4511,KICK,0.0
3984,Team 10,54,15,PUNT,,,-0.132,-0.132,PUNT,0.0
3985,Team 05,73,4,PUNT,,,-0.284,-0.284,GO,0.3546
3986,Team 06,64,6,PUNT,,,-0.212,-0.212,GO,0.3563
3987,Team 11,65,5,KICK,0.051661435466084885,0,-1.64,-1.4003,PUNT,1.1803
3988,Team 13,70,13,PUNT,,,-0.26,-0.26,PUNT,0.0
3989,Team 04,33,5,GO,0.4098467016511046,0,-1.86,0.8204,KICK,0.5723
3990,Team 16,47,7,GO,0.40474845952406324,0,-2.14,0.3937,GO,0.0
3991,Team 02,43,14,GO,0.10287054291540619,0,-2.06,-1.4078,KICK,1.6392
3992,Team 11,50,12,PUNT,,,-0.1,-0.1,PUNT,0.0
3993,Team 13,25,11,KICK,0.7841471891774855,1,3,2.1366,KICK,0.0
3994,Team 05,21,2,KICK,0.8468362842349139,1,3,2.3971,KICK,0.0
3995,Team 01,17,4,GO,0.5289349488921719,1,5.32,2.0885,KICK,0.5002
3996,Team 14,30,13,KICK,0.6824383021930649,1,3,1.7043,KICK,0.0
3997,Team 06,18,7,KICK,0.8833970308388606,1,3,2.5466,KICK,0.0
3998,Team 01,48,8,GO,0.3177501098281303,0,-2.16,-0.1772,PUNT,0.0932
3999,Team 14,55,13,PUNT,,,-0.14,-0.14,PUNT,0.0
4000,Team 10,57,15,PUNT,,,-0.156,-0.156,PUNT,0.0
4001,Team 05,82,6,GO,0.36883363288543497,0,-2.84,-0.7893,PUNT,0.4333
4002,Team 15,90,12,PUNT,,,-0.42,-0.42,PUNT,0.0
4003,Team 02,74,11,PUNT,,,-0.292,-0.292,PUNT,0.0
4004,Team 03,23,14,KICK,0.8175744761936437,1,3,2.2761,KICK,0.0
4005,Team 10,16,11,KICK,0.903348789058409,1,3,2.6273,KICK,0.0
4006,Team 09,84,1,GO,0.7541967228490082,1,2.64,1.2832,GO,0.0
4007,Team 13,67,12,PUNT,,,-0.236,-0.236,PUNT,0.0
4008,Team 04,23,13,KICK,0.8175744761936437,1,3,2.2761,KICK,0.0
4009,Team 04,63,9,GO,0.22363645363650053,0,-2.46,-1.1316,PUNT,0.9276
4010,Team 11,53,9,PUNT,,,-0.124,-0.124,PUNT,0.0
4011,Team 04,45,6,GO,0.3578750197347471,0,-2.1,0.1546,GO,0.0
4012,Team 13,86,13,PUNT,,,-0.388,-0.388,PUNT,0.0
4013,Team 08,29,8,KICK,0.7047456979980911,1,3,1.8001,KICK,0.0
4014,Team 14,10,11,KICK,0.9460888925720083,1,3,2.7973,KICK,0.0
4015,Team 11,18,2,KICK,0.8833970308388606,1,3,2.5466,KICK,0.0
4016,Team 05,10,4,KICK,0.9460888925720083,1,3,2.7973,KICK,0.0
4017,Team 09,64,9,PUNT,,,-0.212,-0.212,PUNT,0.0
4018,Team 16,83,9,PUNT,,,-0.364,-0.364,PUNT,0.0
4019,Team 07,75,4,GO,0.6021709365103962,1,3.0,0.7324,GO,0.0
4020,Team 08,89,9,PUNT,,,-0.412,-0.412,PUNT,0.0
4021,Team 16,83,13,PUNT,,,-0.364,-0.364,PUNT,0.0
4022,Team 07,76,15,PUNT,,,-0.308,-0.308,PUNT,0.0
4023,Team 09,26,9,KICK,0.7658456258197972,1,3,2.0596,KICK,0.0
4024,Team 09,35,14,KICK,0.5597136492671929,1,3,1.1684,KICK,0.0
4025,Team 10,44,6,KICK,0.33070459722255413,1,3,0.1194,KICK,0.0
4026,Team 16,68,6,GO,0.45866498212655793,0,-2.56,0.1186,GO,0.0
4027,Team 05,32,5,KICK,0.6352948493228072,0,-1.112,1.5003,KICK,0.0
4028,Team 14,36,2,GO,0.5862862634331419,0,-1.92,1.8791,GO,0.0
4029,Team 13,79,7,GO,0.4791878692587739,1,2.84,-0.087,GO,0.0
4030,Team 12,90,6,GO,0.5115352589374579,1,2.4,-0.2377,GO,0.0
4031,Team 02,82,4,PUNT,,,-0.356,-0.356,GO,0.3436
4032,Team 16,11,4,GO,0.5681437558388193,0,-1.42,2.5456,KICK,0.2296
4033,Team 03,18,2,KICK,0.8833970308388606,1,3,2.5466,KICK,0.0
4034,Team 09,89,9,PUNT,,,-0.412,-0.412,PUNT,0.0
4035,Team 04,29,2,GO,0.5733178358600778,1,4.84,2.0154,GO,0.0
4036,Team 16,13,9,KICK,0.9275735146384823,0,-0.808,2.7242,KICK,0.0
4037,Team 13,48,13,PUNT,,,-0.084,-0.084,PUNT,0.0
4038,Team 10,83,3,GO,0.4615130443401682,0,-2.86,-0.3032,GO,0.0
4039,Team 08,29,11,KICK,0.7047456979980911,1,3,1.8001,KICK,0.0
4040,Team 16,36,4,GO,0.5681437558388193,0,-1.92,1.7616,GO,0.0
4041,Team 10,87,4,PUNT,,,-0.396,-0.396,PUNT,0.0
4042,Team 08,72,9,PUNT,,,-0.276,-0.276,PUNT,0.0
4043,Team 02,77,7,PUNT,,,-0.316,-0.316,PUNT,0.0
4044,Team 04,74,7,PUNT,,,-0.292,-0.292,PUNT,0.0
4045,Team 11,27,14,KICK,0.7464939833376621,0,-1.032,1.9779,KICK,0.0
4046,Team 09,58,11,PUNT,,,-0.164,-0.164,PUNT,0.0
4047,Team 02,69,10,PUNT,,,-0.252,-0.252,PUNT,0.0
4048,Team 06,22,12,KICK,0.8327160444615168,1,3,2.3389,KICK,0.0
4049,Team 16,23,13,KICK,0.8175744761936437,1,3,2.2761,KICK,0.0
4050,Team 04,70,15,PUNT,,,-0.26,-0.26,PUNT,0.0
4051,Team 04,69,2,GO,0.5733178358600778,0,-2.58,0.7567,GO,0.0
4052,Team 05,23,9,KICK,0.8175744761936437,0,-0.968,2.2761,KICK,0.0
4053,Team 02,59,9,KICK,0.09279295311715706,0,-1.544,-1.1223,PUNT,0.9503
4054,Team 16,81,8,GO,0.35303653218502695,1,2.76,-0.8501,PUNT,0.5021
4055,Team 09,60,9,PUNT,,,-0.18,-0.18,PUNT,0.0
4056,Team 02,13,13,KICK,0.9275735146384823,1,3,2.7242,KICK,0.0
4057,Team 12,11,11,KICK,0.9404756340234984,1,3,2.7752,KICK,0.0
4058,Team 05,10,9,KICK,0.9460888925720083,1,3,2.7973,KICK,0.0
4059,Team 13,41,7,GO,0.4791878692587739,0,-2.02,1.0372,GO,0.0
4060,Team 06,69,6,PUNT,,,-0.252,-0.252,GO,0.252
4061,Team 04,19,15,KICK,0.8721384336809187,1,3,2.5008,KICK,0.0
4062,Team 09,76,15,PUNT,,,-0.308,-0.308,PUNT,0.0
4063,Team 11,17,3,KICK,0.8937850083248244,1,3,2.5887,KICK,0.0
4064,Team 13,82,7,GO,0.4791878692587739,1,2.72,-0.1757,GO,0.0
4065,Team 01,44,6,GO,0.41966938533727444,1,4.24,0.5723,GO,0.0
4066,Team 07,46,1,GO,0.7454553407611428,1,4.16,2.5615,GO,0.0
4067,Team 07,29,4,GO,0.6021709365103962,1,4.84,2.2064,GO,0.0
4068,Team 03,83,10,PUNT,,,-0.364,-0.364,PUNT,0.0
4069,Team 12,39,10,KICK,0.45512110762641994,1,3,0.6984,KICK,0.0
4070,Team 03,25,8,KICK,0.7841471891774855,1,3,2.1366,KICK,0.0
4071,Team 08,12,9,KICK,0.9343184948673792,1,3,2.7509,KICK,0.0
4072,Team 06,37,15,PUNT,,,0.004,0.004,KICK,0.9314
4073,Team 12,69,5,GO,0.5661473020656971,1,3.24,0.715,GO,0.0
4074,Team 07,54,14,KICK,0.14741766105380757,0,-1.464,-0.8059,PUNT,0.6739
4075,Team 15,54,7,GO,0.3360919074183416,0,-2.28,-0.2231,PUNT,0.0911
4076,Team 03,79,7,GO,0.28758501632281214,1,2.84,-1.1638,PUNT,0.8318
4077,Team 11,47,2,PUNT,,,-0.076,-0.076,GO,0.992
4078,Team 08,26,11,KICK,0.7658456258197972,1,3,2.0596,KICK,0.0
4079,Team 03,55,13,KICK,0.13470305195202817,0,-1.48,-0.8765,PUNT,0.7365
4080,Team 13,67,9,GO,0.3720816900525986,1,3.32,-0.3596,PUNT,0.1236
4081,Team 04,71,11,PUNT,,,-0.268,-0.268,PUNT,0.0
4082,Team 07,89,9,GO,0.3350390841574315,0,-2.98,-1.1641,PUNT,0.7521
4083,Team 16,71,6,GO,0.45866498212655793,0,-2.62,0.0311,GO,0.0
4084,Team 12,86,10,PUNT,,,-0.388,-0.388,PUNT,0.0
4085,Team 14,77,6,PUNT,,,-0.316,-0.316,PUNT,0.0
4086,Team 01,71,5,PUNT,,,-0.268,-0.268,GO,0.3877
4087,Team 15,87,15,PUNT,,,-0.396,-0.396,PUNT,0.0
4088,Team 13,78,10,GO,0.3222836779454518,1,2.88,-0.9423,PUNT,0.6183
4089,Team 11,70,5,PUNT,,,-0.26,-0.26,PUNT,0.0
4090,Team 03,26,12,KICK,0.7658456258197972,1,3,2.0596,KICK,0.0
4091,Team 10,52,6,GO,0.3069849581582148,0,-2.24,-0.349,PUNT,0.233
4092,Team 02,54,13,PUNT,,,-0.132,-0.132,PUNT,0.0
4093,Team 09,32,3,GO,0.6639890054498807,0,-1.84,2.5158,GO,0.0
4094,Team 06,13,5,KICK,0.9275735146384823,1,3,2.7242,KICK,0.0
4095,Team 12,44,2,GO,0.7162933940110477,1,4.24,2.447,GO,0.0
4096,Team 09,20,8,KICK,0.8599650843722273,0,-0.92,2.4511,KICK,0.0
4097,Team 06,71,13,KICK,0.02819528797014257,0,-1.736,-1.6025,PUNT,1.3345
4098,Team 16,37,8,KICK,0.5074994375506204,0,-1.192,0.9354,KICK,0.0
4099,Team 10,52,7,KICK,0.175809597088929,0,-1.432,-0.6528,PUNT,0.5368
4100,Team 01,62,5,PUNT,,,-0.196,-0.196,GO,0.581
4101,Team 11,30,7,KICK,0.6824383021930649,1,3,1.7043,KICK,0.0
4102,Team 04,77,3,GO,0.5188412894570203,0,-2.74,0.1966,GO,0.0
4103,Team 06,50,12,PUNT,,,-0.1,-0.1,PUNT,0.0
4104,Team 08,84,9,PUNT,,,-0.372,-0.372,PUNT,0.0
4105,Team 04,47,4,GO,0.4639130714247188,1,4.12,0.7641,GO,0.0
4106,Team 13,48,11,KICK,0.24508501313237172,0,-1.368,-0.2975,PUNT,0.2135
4107,Team 08,43,8,KICK,0.35434369377420466,0,-1.288,0.2314,KICK,0.0
4108,Team 13,88,5,GO,0.5882421741646358,1,2.48,0.24,GO,0.0
4109,Team 05,21,1,GO,0.6370946554825867,1,5.16,2.6995,GO,0.0
4110,Team 07,76,7,PUNT,,,-0.308,-0.308,GO,0.0812
4111,Team 14,66,8,PUNT,,,-0.228,-0.228,PUNT,0.0
4112,Team 16,16,14,KICK,0.903348789058409,1,3,2.6273,KICK,0.0
4113,Team 02,84,11,PUNT,,,-0.372,-0.372,PUNT,0.0
4114,Team 02,65,11,PUNT,,,-0.22,-0.22,PUNT,0.0
4115,Team 13,30,15,KICK,0.6824383021930649,1,3,1.7043,KICK,0.0
4116,Team 07,40,11,KICK,0.42922838810550845,0,-1.24,0.5799,KICK,0.0
4117,Team 09,50,2,GO,0.7111799598144781,1,4.0,2.2093,GO,0.0
4118,Team 15,79,14,PUNT,,,-0.332,-0.332,PUNT,0.0
4119,Team 07,11,10,KICK,0.9404756340234984,1,3,2.7752,KICK,0.0
4120,Team 10,53,11,PUNT,,,-0.124,-0.124,PUNT,0.0
4121,Team 15,69,3,KICK,0.034556230286276544,0,-1.704,-1.5414,GO,2.1604
4122,Team 06,82,6,PUNT,,,-0.356,-0.356,PUNT,0.0
4123,Team 01,67,10,GO,0.23074119552877176,0,-2.54,-1.1879,PUNT,0.9519
4124,Team 09,52,6,GO,0.5052802311918284,0,-2.24,0.8725,GO,0.0
4125,Team 03,37,4,KICK,0.5074994375506204,0,-1.192,0.9354,KICK,0.0
4126,Team 07,24,2,KICK,0.8013892651145572,1,3,2.2087,GO,0.8254
4127,Team 05,55,9,KICK,0.13470305195202817,0,-1.48,-0.8765,PUNT,0.7365
4128,Team 05,87,2,GO,0.5848647368258585,1,2.52,0.2534,GO,0.0
4129,Team 13,72,5,GO,0.5882421741646358,1,3.12,0.7483,GO,0.0
4130,Team 10,34,7,KICK,0.5854045691294653,0,-1.144,1.2819,KICK,0.0
4131,Team 07,81,7,GO,0.4389360721152808,0,-2.82,-0.3707,PUNT,0.0227
4132,Team 02,43,13,PUNT,,,-0.044,-0.044,KICK,0.2754
4133,Team 16,31,2,GO,0.6713465706923882,1,4.76,2.5975,GO,0.0
4134,Team 01,14,15,KICK,0.9201950407592125,1,3,2.6948,KICK,0.0
4135,Team 03,20,9,KICK,0.8599650843722273,1,3,2.4511,KICK,0.0
4136,Team 09,35,9,GO,0.34550014746396424,1,4.6,0.3458,KICK,0.8227
4137,Team 14,48,6,PUNT,,,-0.084,-0.084,GO,0.234
4138,Team 16,22,6,KICK,0.8327160444615168,0,-0.952,2.3389,KICK,0.0
4139,Team 05,26,13,KICK,0.7658456258197972,1,3,2.0596,KICK,0.0
4140,Team 04,55,2,GO,0.5733178358600778,1,3.8,1.1972,GO,0.0
4141,Team 13,34,12,KICK,0.5854045691294653,1,3,1.2819,KICK,0.0
4142,Team 01,37,12,KICK,0.5074994375506204,1,3,0.9354,KICK,0.0
4143,Team 07,36,8,KICK,0.533698835432901,0,-1.176,1.0527,KICK,0.0
4144,Team 04,41,5,PUNT,,,-0.028,-0.028,GO,0.6228
4145,Team 16,15,12,KICK,0.9121360851706988,1,3,2.6626,KICK,0.0
4146,Team 12,75,6,GO,0.5115352589374579,0,-2.7,0.2158,GO,0.0
4147,Team 09,78,1,GO,0.7541967228490082,1,2.88,1.4937,GO,0.0
4148,Team 05,48,3,GO,0.5306555509303387,1,4.08,1.1513,GO,0.0
4149,Team 01,21,6,GO,0.41966938533727444,0,-1.62,1.2254,KICK,1.1718
4150,Team 08,54,10,PUNT,,,-0.132,-0.132,PUNT,0.0
4151,Team 07,64,7,PUNT,,,-0.212,-0.212,GO,0.3305
4152,Team 12,49,8,GO,0.402790649617937,0,-2.18,0.3254,GO,0.0
4153,Team 11,65,15,PUNT,,,-0.22,-0.22,PUNT,0.0
4154,Team 04,12,4,KICK,0.9343184948673792,1,3,2.7509,KICK,0.0
4155,Team 14,56,14,KICK,0.12292695083285751,0,-1.496,-0.9433,PUNT,0.7953
4156,Team 07,83,5,GO,0.5484769739869401,0,-2.86,0.1786,GO,0.0
4157,Team 16,44,2,GO,0.6713465706923882,1,4.24,2.1629,GO,0.0
4158,Team 06,36,6,GO,0.4433001665920852,0,-1.92,0.9526,KICK,0.1001
4159,Team 06,81,1,GO,0.7052076153533808,1,2.76,1.1151,GO,0.0
4160,Team 16,26,15,KICK,0.7658456258197972,0,-1.016,2.0596,KICK,0.0
4161,Team 08,90,5,PUNT,,,-0.42,-0.42,PUNT,0.0
4162,Team 10,47,6,KICK,0.2650274005334813,0,-1.352,-0.1986,PUNT,0.1226
4163,Team 15,71,12,PUNT,,,-0.268,-0.268,PUNT,0.0
4164,Team 12,34,15,KICK,0.5854045691294653,1,3,1.2819,KICK,0.0
4165,Team 11,53,15,PUNT,,,-0.124,-0.124,PUNT,0.0
4166,Team 04,25,3,GO,0.5188412894570203,0,-1.7,1.7762,KICK,0.3604
4167,Team 10,84,5,PUNT,,,-0.372,-0.372,PUNT,0.0
4168,Team 12,13,2,GO,0.7162933940110477,1,5.48,3.5111,GO,0.0
4169,Team 05,39,3,KICK,0.45512110762641994,1,3,0.6984,GO,0.7284
4170,Team 01,64,10,GO,0.23074119552877176,0,-2.48,-1.114,PUNT,0.902
4171,Team 11,64,14,PUNT,,,-0.212,-0.212,PUNT,0.0
4172,Team 09,68,7,GO,0.45044365998876706,1,3.28,0.0706,GO,0.0
4173,Team 05,67,2,GO,0.5848647368258585,1,3.32,0.8873,GO,0.0
4174,Team 05,19,13,KICK,0.8721384336809187,1,3,2.5008,KICK,0.0
4175,Team 12,42,5,GO,0.5661473020656971,1,4.32,1.5607,GO,0.0
4176,Team 03,56,12,PUNT,,,-0.148,-0.148,PUNT,0.0
4177,Team 15,21,15,KICK,0.8468362842349139,1,3,2.3971,KICK,0.0
4178,Team 13,67,3,GO,0.6892688541839076,1,3.32,1.4991,GO,0.0
4179,Team 12,26,14,KICK,0.7658456258197972,1,3,2.0596,KICK,0.0
4180,Team 01,18,3,GO,0.583186768451493,0,-1.56,2.429,KICK,0.1177
4181,Team 11,86,10,PUNT,,,-0.388,-0.388,PUNT,0.0
4182,Team 15,25,2,GO,0.6033015971633345,0,-1.7,2.3421,GO,0.0
4183,Team 09,46,14,KICK,0.2859777732226985,0,-1.336,-0.096,PUNT,0.028
4184,Team 05,60,4,GO,0.47571317758111337,1,3.6,0.4543,GO,0.0
4185,Team 09,11,11,KICK,0.9404756340234984,1,3,2.7752,KICK,0.0
4186,Team 12,46,5,GO,0.5661473020656971,1,4.16,1.4354,GO,0.0
4187,Team 13,62,7,GO,0.4791878692587739,1,3.52,0.416,GO,0.0
4188,Team 08,67,11,PUNT,,,-0.236,-0.236,PUNT,0.0
4189,Team 10,34,11,KICK,0.5854045691294653,1,3,1.2819,KICK,0.0
4190,Team 13,87,9,GO,0.3720816900525986,1,2.52,-0.9084,PUNT,0.5124
4191,Team 02,45,7,GO,0.34847963982711555,1,4.2,0.0954,GO,0.0
4192,Team 01,12,7,KICK,0.9343184948673792,1,3,2.7509,KICK,0.0
4193,Team 07,51,1,GO,0.7454553407611428,1,3.96,2.3869,GO,0.0
4194,Team 07,43,3,GO,0.6535134081523024,1,4.28,2.0833,GO,0.0
4195,Team 01,57,13,PUNT,,,-0.156,-0.156,PUNT,0.0
4196,Team 16,45,2,GO,0.6713465706923882,1,4.2,2.1295,GO,0.0
4197,Team 09,69,12,PUNT,,,-0.252,-0.252,PUNT,0.0
4198,Team 16,16,7,KICK,0.903348789058409,1,3,2.6273,KICK,0.0
4199,Team 10,22,11,KICK,0.8327160444615168,1,3,2.3389,KICK,0.0
4200,Team 14,37,3,KICK,0.5074994375506204,0,-1.192,0.9354,GO,0.562
4201,Team 10,48,10,PUNT,,,-0.084,-0.084,PUNT,0.0
4202,Team 01,68,2,GO,0.6354962284153843,0,-2.56,1.1513,GO,0.0
4203,Team 09,10,13,KICK,0.9460888925720083,1,3,2.7973,KICK,0.0
4204,Team 14,86,12,GO,0.13571258068519226,0,-2.92,-2.1763,PUNT,1.7883
4205,Team 15,33,15,KICK,0.610639233949222,0,-1.128,1.3927,KICK,0.0
4206,Team 11,27,7,KICK,0.7464939833376621,1,3,1.9779,KICK,0.0
4207,Team 04,82,1,PUNT,,,-0.356,-0.356,GO,0.997
4208,Team 09,73,11,PUNT,,,-0.284,-0.284,PUNT,0.0
4209,Team 02,66,1,GO,0.6669163928212177,1,3.36,1.4015,GO,0.0
4210,Team 04,21,1,KICK,0.8468362842349139,1,3,2.3971,GO,0.2276
4211,Team 13,39,14,KICK,0.45512110762641994,0,-1.224,0.6984,KICK,0.0
4212,Team 02,83,14,PUNT,,,-0.364,-0.364,PUNT,0.0
4213,Team 02,82,10,PUNT,,,-0.356,-0.356,PUNT,0.0
4214,Team 14,77,2,GO,0.5862862634331419,1,2.92,0.5784,GO,0.0
4215,Team 15,10,7,KICK,0.9460888925720083,1,3,2.7973,KICK,0.0
4216,Team 06,61,12,KICK,0.0765621973518122,0,-1.576,-1.2257,PUNT,1.0377
4217,Team 15,70,3,GO,0.5496461081640299,0,-2.6,0.5879,GO,0.0
4218,Team 09,89,14,PUNT,,,-0.412,-0.412,PUNT,0.0
4219,Team 01,46,11,KICK,0.2859777732226985,0,-1.336,-0.096,PUNT,0.028
4220,Team 07,64,7,PUNT,,,-0.212,-0.212,GO,0.3305
4221,Team 04,18,9,KICK,0.8833970308388606,1,3,2.5466,KICK,0.0
4222,Team 01,38,8,GO,0.3177501098281303,0,-1.96,0.0863,KICK,0.7308
4223,Team 06,62,5,GO,0.4980552402097736,0,-2.44,0.5284,GO,0.0
4224,Team 01,60,13,PUNT,,,-0.18,-0.18,PUNT,0.0
4225,Team 12,36,7,GO,0.4566464446563816,0,-1.92,1.0391,KICK,0.0137
4226,Team 11,37,12,KICK,0.5074994375506204,1,3,0.9354,KICK,0.0
4227,Team 07,19,15,KICK,0.8721384336809187,1,3,2.5008,KICK,0.0
4228,Team 04,27,13,KICK,0.7464939833376621,1,3,1.9779,KICK,0.0
4229,Team 15,59,11,PUNT,,,-0.172,-0.172,PUNT,0.0
4230,Team 08,34,12,KICK,0.5854045691294653,0,-1.144,1.2819,KICK,0.0
4231,Team 12,60,12,GO,0.21859877550730564,0,-2.4,-1.0884,PUNT,0.9084
4232,Team 04,85,5,PUNT,,,-0.38,-0.38,PUNT,0.0
4233,Team 02,38,8,KICK,0.4812587841214649,1,3,0.8171,KICK,0.0
4234,Team 07,82,9,PUNT,,,-0.356,-0.356,PUNT,0.0
4235,Team 05,64,3,GO,0.5306555509303387,0,-2.48,0.6615,GO,0.0
4236,Team 10,90,12,KICK,0.003930697284418408,0,-2.04,-2.0202,PUNT,1.6002
4237,Team 13,60,10,KICK,0.08432369642147458,0,-1.56,-1.1755,PUNT,0.9955
4238,Team 16,75,7,GO,0.40474845952406324,0,-2.7,-0.3929,PUNT,0.0929
4239,Team 11,81,5,GO,0.3301955444039654,0,-2.82,-0.9775,PUNT,0.6295
4240,Team 08,35,15,KICK,0.5597136492671929,0,-1.16,1.1684,KICK,0.0
4241,Team 10,47,6,GO,0.3069849581582148,0,-2.14,-0.2183,PUNT,0.1423
4242,Team 07,21,14,KICK,0.8468362842349139,1,3,2.3971,KICK,0.0
4243,Team 13,17,10,KICK,0.8937850083248244,1,3,2.5887,KICK,0.0
4244,Team 13,44,13,PUNT,,,-0.052,-0.052,KICK,0.1714
4245,Team 05,40,9,KICK,0.42922838810550845,1,3,0.5799,KICK,0.0
4246,Team 02,36,2,GO,0.6163941829217663,0,-1.92,2.0742,GO,0.0
4247,Team 09,51,14,PUNT,,,-0.108,-0.108,PUNT,0.0
4248,Team 02,53,13,PUNT,,,-0.124,-0.124,PUNT,0.0
4249,Team 05,88,1,GO,0.6370946554825867,1,2.48,0.5058,GO,0.0
4250,Team 12,24,4,KICK,0.8013892651145572,1,3,2.2087,GO,0.2723
4251,Team 10,20,2,GO,0.5164308431129125,1,5.2,1.9117,KICK,0.5393
4252,Team 10,45,4,GO,0.4075137590184509,0,-2.1,0.4673,GO,0.0
4253,Team 09,25,5,KICK,0.7841471891774855,1,3,2.1366,KICK,0.0
4254,Team 02,66,2,GO,0.6163941829217663,1,3.36,1.1044,GO,0.0
4255,Team 03,65,11,PUNT,,,-0.22,-0.22,PUNT,0.0
4256,Team 01,31,11,KICK,0.6592603884513855,1,3,1.6043,KICK,0.0
4257,Team 05,13,8,KICK,0.9275735146384823,1,3,2.7242,KICK,0.0
4258,Team 04,58,8,PUNT,,,-0.164,-0.164,PUNT,0.0
4259,Team 16,50,14,KICK,0.20833350927014557,0,-1.4,-0.4833,PUNT,0.3833
4260,Team 03,68,11,PUNT,,,-0.244,-0.244,PUNT,0.0
4261,Team 02,53,15,PUNT,,,-0.124,-0.124,PUNT,0.0
4262,Team 12,82,4,GO,0.6191988694215159,1,2.72,0.6027,GO,0.0
4263,Team 05,72,13,PUNT,,,-0.276,-0.276,PUNT,0.0
4264,Team 08,78,15,PUNT,,,-0.324,-0.324,PUNT,0.0
4265,Team 14,80,10,PUNT,,,-0.34,-0.34,PUNT,0.0
4266,Team 08,32,14,KICK,0.6352948493228072,0,-1.112,1.5003,KICK,0.0
4267,Team 05,24,7,KICK,0.8013892651145572,1,3,2.2087,KICK,0.0
4268,Team 09,63,10,GO,0.29757375628027694,0,-2.46,-0.6924,PUNT,0.4884
4269,Team 07,41,12,PUNT,,,-0.028,-0.028,KICK,0.4902
4270,Team 07,77,14,GO,0.1436276514072086,0,-2.74,-1.9271,PUNT,1.6111
4271,Team 08,51,10,PUNT,,,-0.108,-0.108,PUNT,0.0
4272,Team 11,34,13,KICK,0.5854045691294653,0,-1.144,1.2819,KICK,0.0
4273,Team 15,72,14,PUNT,,,-0.276,-0.276,PUNT,0.0
4274,Team 07,44,6,KICK,0.33070459722255413,0,-1.304,0.1194,GO,0.9204
4275,Team 05,80,8,PUNT,,,-0.34,-0.34,PUNT,0.0
4276,Team 05,67,8,GO,0.2734429893849809,0,-2.54,-0.9376,PUNT,0.7016
4277,Team 10,72,10,GO,0.1552173537244101,0,-2.64,-1.7459,PUNT,1.4699
4278,Team 05,76,6,PUNT,,,-0.308,-0.308,PUNT,0.0
4279,Team 06,57,8,GO,0.33899432053520184,1,3.72,-0.2857,PUNT,0.1297
4280,Team 02,55,7,GO,0.34847963982711555,1,3.8,-0.1743,PUNT,0.0343
4281,Team 02,54,1,GO,0.6669163928212177,0,-2.28,1.8015,GO,0.0
4282,Team 02,70,4,PUNT,,,-0.26,-0.26,GO,0.6097
4283,Team 11,40,15,PUNT,,,-0.02,-0.02,KICK,0.5999
4284,Team 07,86,9,PUNT,,,-0.388,-0.388,PUNT,0.0
4285,Team 05,10,4,KICK,0.9460888925720083,1,3,2.7973,KICK,0.0
4286,Team 05,60,7,PUNT,,,-0.18,-0.18,PUNT,0.0
4287,Team 07,58,1,GO,0.7454553407611428,1,3.68,2.1426,GO,0.0
4288,Team 15,71,5,GO,0.4400992987044506,1,3.16,-0.0762,GO,0.0
4289,Team 02,33,1,GO,0.6669163928212177,1,4.68,2.5016,GO,0.0
4290,Team 09,47,8,GO,0.3967851966138369,0,-2.14,0.3439,GO,0.0
4291,Team 08,59,10,GO,0.22912103651254975,0,-2.38,-1.0007,PUNT,0.8287
4292,Team 15,16,9,KICK,0.903348789058409,1,3,2.6273,KICK,0.0
4293,Team 03,37,12,KICK,0.5074994375506204,1,3,0.9354,KICK,0.0
4294,Team 05,89,3,PUNT,,,-0.412,-0.412,GO,0.3082
4295,Team 03,12,1,GO,0.6017729612434263,0,-1.44,2.7483,KICK,0.0026
4296,Team 16,20,5,GO,0.5135670971823116,1,5.2,1.8923,KICK,0.5588
4297,Team 08,39,8,PUNT,,,-0.012,-0.012,KICK,0.7104
4298,Team 11,32,4,KICK,0.6352948493228072,0,-1.112,1.5003,KICK,0.0
4299,Team 11,81,1,GO,0.5430678179428203,1,2.76,0.2103,GO,0.0
4300,Team 09,37,8,GO,0.3967851966138369,0,-1.94,0.6232,KICK,0.3122
4301,Team 02,26,15,KICK,0.7658456258197972,1,3,2.0596,KICK,0.0
4302,Team 13,29,3,GO,0.6892688541839076,1,4.84,2.783,GO,0.0
4303,Team 13,39,13,PUNT,,,-0.012,-0.012,KICK,0.7104
4304,Team 04,48,7,PUNT,,,-0.084,-0.084,PUNT,0.0
4305,Team 10,21,14,KICK,0.8468362842349139,1,3,2.3971,KICK,0.0
4306,Team 04,61,14,PUNT,,,-0.188,-0.188,PUNT,0.0
4307,Team 10,88,12,KICK,0.004844764997639799,0,-2.008,-1.9837,PUNT,1.5797
4308,Team 14,58,9,KICK,0.10201806918913042,0,-1.528,-1.0661,PUNT,0.9021
4309,Team 15,28,15,KICK,0.7261149812607792,1,3,1.8913,KICK,0.0
4310,Team 16,42,6,KICK,0.37871640480893237,1,3,0.3459,GO,0.5312
4311,Team 04,14,5,KICK,0.9201950407592125,1,3,2.6948,KICK,0.0
4312,Team 10,47,4,KICK,0.2650274005334813,1,3,-0.1986,GO,0.6096
4313,Team 02,37,12,KICK,0.5074994375506204,1,3,0.9354,KICK,0.0
4314,Team 07,16,10,KICK,0.903348789058409,1,3,2.6273,KICK,0.0
4315,Team 11,32,10,KICK,0.6352948493228072,1,3,1.5003,KICK,0.0
4316,Team 12,16,4,GO,0.6191988694215159,0,-1.52,2.7401,GO,0.0
4317,Team 14,47,2,GO,0.5862862634331419,0,-2.14,1.5302,GO,0.0
4318,Team 07,56,3,GO,0.6535134081523024,1,3.76,1.6534,GO,0.0
4319,Team 11,59,9,PUNT,,,-0.172,-0.172,PUNT,0.0
4320,Team 10,56,4,GO,0.4075137590184509,1,3.76,0.1577,GO,0.0
4321,Team 11,83,9,PUNT,,,-0.364,-0.364,PUNT,0.0
4322,Team 04,87,2,GO,0.5733178358600778,1,2.52,0.1903,GO,0.0
4323,Team 02,76,3,GO,0.563227497954577,1,2.96,0.4791,GO,0.0
4324,Team 14,77,14,PUNT,,,-0.316,-0.316,PUNT,0.0
4325,Team 13,30,12,KICK,0.6824383021930649,1,3,1.7043,KICK,0.0
4326,Team 14,57,1,GO,0.6384478943768523,0,-2.34,1.529,GO,0.0
4327,Team 13,41,13,KICK,0.40371730070321227,1,3,0.4622,KICK,0.0
4328,Team 01,19,4,GO,0.5289349488921719,1,5.24,2.0273,KICK,0.4735
4329,Team 04,17,6,KICK,0.8937850083248244,1,3,2.5887,KICK,0.0
4330,Team 04,33,9,KICK,0.610639233949222,1,3,1.3927,KICK,0.0
4331,Team 08,71,14,PUNT,,,-0.268,-0.268,PUNT,0.0
4332,Team 02,43,8,GO,0.30032959740928544,1,4.28,-0.1559,KICK,0.3873
4333,Team 03,84,14,KICK,0.007354947021580431,0,-1.944,-1.9076,PUNT,1.5356
4334,Team 06,81,10,PUNT,,,-0.348,-0.348,PUNT,0.0
4335,Team 08,90,10,PUNT,,,-0.42,-0.42,PUNT,0.0
4336,Team 13,13,14,KICK,0.9275735146384823,1,3,2.7242,KICK,0.0
4337,Team 03,40,3,GO,0.4932149019395633,0,-2.0,1.1566,GO,0.0
4338,Team 03,55,14,PUNT,,,-0.14,-0.14,PUNT,0.0
4339,Team 01,32,9,KICK,0.6352948493228072,0,-1.112,1.5003,KICK,0.0
4340,Team 09,69,4,GO,0.6132802431683475,0,-2.58,0.9893,GO,0.0
4341,Team 15,57,6,PUNT,,,-0.156,-0.156,GO,0.16
4342,Team 16,26,4,GO,0.5681437558388193,0,-1.72,2.0752,GO,0.0
4343,Team 07,90,5,GO,0.5484769739869401,1,2.4,-0.0382,GO,0.0
4344,Team 02,76,7,GO,0.34847963982711555,0,-2.72,-0.7406,PUNT,0.4326
4345,Team 13,22,5,GO,0.5882421741646358,1,5.12,2.3365,KICK,0.0024
4346,Team 06,60,1,GO,0.7052076153533808,1,3.6,1.8312,GO,0.0
4347,Team 15,39,10,KICK,0.45512110762641994,0,-1.224,0.6984,KICK,0.0
4348,Team 10,80,5,GO,0.35565962521942324,0,-2.8,-0.8083,PUNT,0.4683
4349,Team 02,45,4,GO,0.5085669512394625,0,-2.1,1.104,GO,0.0
4350,Team 11,57,4,GO,0.38052964198407724,1,3.72,-0.034,GO,0.0
4351,Team 10,24,3,KICK,0.8013892651145572,1,3,2.2087,KICK,0.0
4352,Team 12,45,7,GO,0.4566464446563816,1,4.2,0.7769,GO,0.0
4353,Team 15,60,9,GO,0.24587051127301954,0,-2.4,-0.9248,PUNT,0.7448
4354,Team 04,53,14,KICK,0.1611089495765853,0,-1.448,-0.7314,PUNT,0.6074
4355,Team 02,28,10,KICK,0.7261149812607792,0,-1.048,1.8913,KICK,0.0
4356,Team 13,44,2,GO,0.7343299545462806,1,4.24,2.561,GO,0.0
4357,Team 04,59,10,PUNT,,,-0.172,-0.172,PUNT,0.0
4358,Team 13,54,14,PUNT,,,-0.132,-0.132,PUNT,0.0
4359,Team 05,26,2,GO,0.5848647368258585,0,-1.72,2.1869,GO,0.0
4360,Team 14,17,11,KICK,0.8937850083248244,0,-0.872,2.5887,KICK,0.0
4361,Team 07,74,9,GO,0.3350390841574315,0,-2.68,-0.7636,PUNT,0.4716
4362,Team 08,71,10,PUNT,,,-0.268,-0.268,PUNT,0.0
4363,Team 02,59,13,PUNT,,,-0.172,-0.172,PUNT,0.0
4364,Team 08,79,2,GO,0.6333740470762804,1,2.84,0.7796,GO,0.0
4365,Team 07,56,13,PUNT,,,-0.148,-0.148,PUNT,0.0
4366,Team 12,54,9,KICK,0.14741766105380757,0,-1.464,-0.8059,GO,0.6752
4367,Team 04,58,14,PUNT,,,-0.164,-0.164,PUNT,0.0
4368,Team 02,79,5,GO,0.4537008049433731,0,-2.78,-0.2302,GO,0.0
4369,Team 09,65,4,GO,0.6132802431683475,0,-2.5,1.1184,GO,0.0
4370,Team 15,30,4,KICK,0.6824383021930649,1,3,1.7043,KICK,0.0
4371,Team 06,50,12,KICK,0.20833350927014557,1,3,-0.4833,PUNT,0.3833
4372,Team 04,24,13,KICK,0.8013892651145572,0,-0.984,2.2087,KICK,0.0
4373,Team 12,80,1,GO,0.7588068543713931,1,2.8,1.4493,GO,0.0
4374,Team 01,83,10,GO,0.23074119552877176,0,-2.86,-1.5817,PUNT,1.2177
4375,Team 07,77,12,PUNT,,,-0.316,-0.316,PUNT,0.0
4376,Team 16,75,1,GO,0.7179431443239072,1,3.0,1.3923,GO,0.0
4377,Team 04,70,15,PUNT,,,-0.26,-0.26,PUNT,0.0
4378,Team 01,74,4,PUNT,,,-0.292,-0.292,GO,0.6375
4379,Team 08,57,15,PUNT,,,-0.156,-0.156,PUNT,0.0
4380,Team 06,27,7,KICK,0.7464939833376621,0,-1.032,1.9779,KICK,0.0
4381,Team 04,31,8,KICK,0.6592603884513855,1,3,1.6043,KICK,0.0
4382,Team 10,13,1,GO,0.570954621992401,1,5.48,2.5024,KICK,0.2218
4383,Team 11,25,5,KICK,0.7841471891774855,1,3,2.1366,KICK,0.0
4384,Team 11,32,8,PUNT,,,0.044,0.044,KICK,1.4563
4385,Team 02,11,2,GO,0.6163941829217663,1,5.56,2.8824,GO,0.0
4386,Team 09,22,6,GO,0.5052802311918284,0,-1.64,1.7757,KICK,0.5632
4387,Team 16,71,2,GO,0.6713465706923882,0,-2.62,1.2604,GO,0.0
4388,Team 16,81,7,PUNT,,,-0.348,-0.348,PUNT,0.0
4389,Team 15,57,11,PUNT,,,-0.156,-0.156,PUNT,0.0
4390,Team 03,46,14,KICK,0.2859777732226985,0,-1.336,-0.096,PUNT,0.028
4391,Team 14,81,12,PUNT,,,-0.348,-0.348,PUNT,0.0
4392,Team 14,33,6,GO,0.37019832268003167,1,4.68,0.5611,KICK,0.8316
4393,Team 08,42,1,GO,0.682810727672691,1,4.32,2.3027,GO,0.0
4394,Team 12,68,14,PUNT,,,-0.244,-0.244,PUNT,0.0
4395,Team 11,67,11,PUNT,,,-0.236,-0.236,PUNT,0.0
4396,Team 15,15,2,KICK,0.9121360851706988,1,3,2.6626,GO,0.0002
4397,Team 08,35,5,KICK,0.5597136492671929,1,3,1.1684,KICK,0.0
4398,Team 11,45,2,GO,0.48817701060294577,1,4.2,0.9755,GO,0.0
4399,Team 15,79,14,PUNT,,,-0.332,-0.332,PUNT,0.0
4400,Team 11,42,5,PUNT,,,-0.036,-0.036,KICK,0.3819
4401,Team 05,55,3,PUNT,,,-0.14,-0.14,GO,1.077
4402,Team 07,17,11,KICK,0.8937850083248244,1,3,2.5887,KICK,0.0
4403,Team 04,49,10,GO,0.18776490647190214,0,-2.18,-1.0121,PUNT,0.9201
4404,Team 01,26,2,KICK,0.7658456258197972,1,3,2.0596,GO,0.4655
4405,Team 16,24,7,KICK,0.8013892651145572,1,3,2.2087,KICK,0.0
4406,Team 09,56,4,GO,0.6132802431683475,1,3.76,1.4087,GO,0.0
4407,Team 06,50,15,PUNT,,,-0.1,-0.1,PUNT,0.0
4408,Team 07,38,5,GO,0.5484769739869401,0,-1.96,1.5722,GO,0.0
4409,Team 02,59,13,PUNT,,,-0.172,-0.172,PUNT,0.0
4410,Team 10,54,6,PUNT,,,-0.132,-0.132,PUNT,0.0
4411,Team 02,80,13,PUNT,,,-0.34,-0.34,PUNT,0.0
4412,Team 11,71,10,PUNT,,,-0.268,-0.268,PUNT,0.0
4413,Team 12,35,14,KICK,0.5597136492671929,1,3,1.1684,KICK,0.0
4414,Team 15,54,9,PUNT,,,-0.132,-0.132,PUNT,0.0
4415,Team 01,69,9,PUNT,,,-0.252,-0.252,PUNT,0.0
4416,Team 11,25,14,KICK,0.7841471891774855,1,3,2.1366,KICK,0.0
4417,Team 13,21,7,KICK,0.8468362842349139,1,3,2.3971,KICK,0.0
4418,Team 11,21,3,GO,0.4335698705359307,1,5.16,1.3196,KICK,1.0775
4419,Team 03,83,10,KICK,0.008162571153159897,0,-1.928,-1.8878,PUNT,1.5238
4420,Team 13,14,3,GO,0.6892688541839076,1,5.44,3.2897,GO,0.0
4421,Team 07,51,2,GO,0.7015142308273599,0,-2.22,2.1154,GO,0.0
4422,Team 04,70,1,GO,0.6260717063282923,1,3.2,1.0312,GO,0.0
4423,Team 01,86,11,PUNT,,,-0.388,-0.388,PUNT,0.0
4424,Team 12,17,5,KICK,0.8937850083248244,1,3,2.5887,KICK,0.0
4425,Team 05,83,9,PUNT,,,-0.364,-0.364,PUNT,0.0
4426,Team 10,54,14,PUNT,,,-0.132,-0.132,PUNT,0.0
4427,Team 07,37,3,KICK,0.5074994375506204,1,3,0.9354,GO,1.3463
4428,Team 14,30,4,KICK,0.6824383021930649,1,3,1.7043,KICK,0.0
4429,Team 14,31,1,GO,0.6384478943768523,1,4.76,2.381,GO,0.0
4430,Team 12,74,2,GO,0.7162933940110477,1,3.04,1.4172,GO,0.0
4431,Team 06,68,4,GO,0.55285699926031,0,-2.56,0.6687,GO,0.0
4432,Team 15,86,15,PUNT,,,-0.388,-0.388,PUNT,0.0
4433,Team 15,32,5,GO,0.4400992987044506,0,-1.84,1.0471,KICK,0.4533
4434,Team 13,25,11,GO,0.27621863611689645,0,-1.7,0.1507,KICK,1.9859
4435,Team 14,31,11,KICK,0.6592603884513855,0,-1.096,1.6043,KICK,0.0
4436,Team 09,57,8,GO,0.3967851966138369,1,3.72,0.0645,GO,0.0
4437,Team 16,30,7,KICK,0.6824383021930649,1,3,1.7043,KICK,0.0
4438,Team 13,31,15,KICK,0.6592603884513855,0,-1.096,1.6043,KICK,0.0
4439,Team 05,86,9,KICK,0.005970121417520975,0,-1.976,-1.9463,PUNT,1.5583
4440,Team 11,21,4,KICK,0.8468362842349139,1,3,2.3971,KICK,0.0
4441,Team 14,26,2,GO,0.5862862634331419,1,4.96,2.1964,GO,0.0
4442,Team 15,22,4,KICK,0.8327160444615168,1,3,2.3389,KICK,0.0
4443,Team 16,88,11,GO,0.21999109178604664,0,-2.96,-1.7632,PUNT,1.3592
4444,Team 16,87,8,GO,0.35303653218502695,1,2.52,-1.0124,PUNT,0.6164
4445,Team 10,57,2,PUNT,,,-0.156,-0.156,GO,0.9456
4446,Team 01,75,5,PUNT,,,-0.3,-0.3,GO,0.3017
4447,Team 11,67,13,GO,0.07818254703721167,1,3.32,-2.0819,PUNT,1.8459
4448,Team 02,41,15,KICK,0.40371730070321227,0,-1.256,0.4622,KICK,0.0
4449,Team 12,56,11,GO,0.2584863321099704,0,-2.32,-0.7484,PUNT,0.6004
4450,Team 01,34,9,KICK,0.5854045691294653,1,3,1.2819,KICK,0.0
4451,Team 03,26,9,KICK,0.7658456258197972,1,3,2.0596,KICK,0.0
4452,Team 07,73,1,GO,0.7454553407611428,0,-2.66,1.6189,GO,0.0
4453,Team 01,78,14,PUNT,,,-0.324,-0.324,PUNT,0.0
4454,Team 09,19,6,KICK,0.8721384336809187,1,3,2.5008,KICK,0.0
4455,Team 12,15,10,KICK,0.9121360851706988,1,3,2.6626,KICK,0.0
4456,Team 14,27,14,KICK,0.7464939833376621,1,3,1.9779,KICK,0.0
4457,Team 14,75,5,GO,0.422781323781126,1,3.0,-0.2901,GO,0.0
4458,Team 11,84,10,KICK,0.007354947021580431,0,-1.944,-1.9076,PUNT,1.5356
4459,Team 10,70,14,PUNT,,,-0.26,-0.26,PUNT,0.0
4460,Team 08,27,4,KICK,0.7464939833376621,1,3,1.9779,KICK,0.0
4461,Team 16,80,6,GO,0.45866498212655793,0,-2.8,-0.2315,GO,0.0
4462,Team 09,68,15,KICK,0.038235691765958195,0,-1.688,-1.5088,PUNT,1.2648
4463,Team 15,59,5,PUNT,,,-0.172,-0.172,GO,0.4414
4464,Team 09,18,1,GO,0.7541967228490082,1,5.28,3.5987,GO,0.0
4465,Team 15,19,12,KICK,0.8721384336809187,1,3,2.5008,KICK,0.0
4466,Team 03,28,5,KICK,0.7261149812607792,1,3,1.8913,KICK,0.0
4467,Team 05,47,4,GO,0.47571317758111337,0,-2.14,0.838,GO,0.0
4468,Team 13,39,13,KICK,0.45512110762641994,0,-1.224,0.6984,KICK,0.0
4469,Team 05,11,12,KICK,0.9404756340234984,0,-0.776,2.7752,KICK,0.0
4470,Team 12,57,1,GO,0.7588068543713931,0,-2.34,2.2584,GO,0.0
4471,Team 01,49,5,GO,0.4739908119572121,0,-2.18,0.7682,GO,0.0
4472,Team 06,58,7,GO,0.3898889396292549,0,-2.36,-0.0051,GO,0.0
4473,Team 12,45,5,PUNT,,,-0.06,-0.06,GO,1.5267
4474,Team 14,16,4,KICK,0.903348789058409,1,3,2.6273,KICK,0.0
4475,Team 10,84,2,PUNT,,,-0.372,-0.372,GO,0.3427
4476,Team 12,50,2,GO,0.7162933940110477,1,4.0,2.241,GO,0.0
4477,Team 08,83,9,GO,0.27026451250767497,0,-2.86,-1.3627,PUNT,0.9987
4478,Team 12,66,11,PUNT,,,-0.228,-0.228,PUNT,0.0
4479,Team 16,26,11,KICK,0.7658456258197972,1,3,2.0596,KICK,0.0
4480,Team 11,18,7,KICK,0.8833970308388606,1,3,2.5466,KICK,0.0
4481,Team 06,14,4,GO,0.55285699926031,1,5.44,2.3458,KICK,0.3491
4482,Team 12,25,12,KICK,0.7841471891774855,1,3,2.1366,KICK,0.0
4483,Team 09,26,4,GO,0.6132802431683475,0,-1.72,2.3767,GO,0.0
4484,Team 02,12,4,GO,0.5085669512394625,1,5.52,2.0996,KICK,0.6513
4485,Team 12,67,6,GO,0.5115352589374579,1,3.32,0.4576,GO,0.0
4486,Team 03,55,9,KICK,0.13470305195202817,0,-1.48,-0.8765,PUNT,0.7365
4487,Team 05,69,2,GO,0.5848647368258585,1,3.24,0.8239,GO,0.0
4488,Team 13,51,3,GO,0.6892688541839076,0,-2.22,2.0397,GO,0.0
4489,Team 14,14,5,KICK,0.9201950407592125,1,3,2.6948,KICK,0.0
4490,Team 09,46,11,GO,0.25371834854844727,0,-2.12,-0.5266,PUNT,0.4586
4491,Team 02,68,12,PUNT,,,-0.244,-0.244,PUNT,0.0
4492,Team 04,17,14,KICK,0.8937850083248244,1,3,2.5887,KICK,0.0
4493,Team 09,20,15,KICK,0.8599650843722273,1,3,2.4511,KICK,0.0
4494,Team 09,63,1,GO,0.7541967228490082,1,3.48,2.0199,GO,0.0
4495,Team 01,15,10,KICK,0.9121360851706988,1,3,2.6626,KICK,0.0
4496,Team 05,85,5,PUNT,,,-0.38,-0.38,PUNT,0.0
4497,Team 07,65,4,GO,0.6021709365103962,1,3.4,1.0528,GO,0.0
4498,Team 12,17,5,KICK,0.8937850083248244,1,3,2.5887,KICK,0.0
4499,Team 11,38,10,KICK,0.4812587841214649,0,-1.208,0.8171,KICK,0.0
4500,Team 02,35,12,KICK,0.5597136492671929,1,3,1.1684,KICK,0.0
4501,Team 15,61,8,PUNT,,,-0.188,-0.188,PUNT,0.0
4502,Team 10,10,7,KICK,0.9460888925720083,1,3,2.7973,KICK,0.0
4503,Team 13,42,3,GO,0.6892688541839076,1,4.32,2.3437,GO,0.0
4504,Team 08,72,12,PUNT,,,-0.276,-0.276,PUNT,0.0
4505,Team 08,62,5,GO,0.4717100045295637,1,3.52,0.3714,GO,0.0
4506,Team 04,90,3,PUNT,,,-0.42,-0.42,GO,0.2217
4507,Team 09,79,3,GO,0.6639890054498807,1,2.84,0.9516,GO,0.0
4508,Team 11,87,12,PUNT,,,-0.396,-0.396,PUNT,0.0
4509,Team 16,76,7,GO,0.40474845952406324,0,-2.72,-0.421,PUNT,0.113
4510,Team 16,21,9,KICK,0.8468362842349139,1,3,2.3971,KICK,0.0
4511,Team 14,53,4,GO,0.4771743507269338,1,3.88,0.6699,GO,0.0
4512,Team 03,29,2,KICK,0.7047456979980911,0,-1.064,1.8001,GO,0.0481
4513,Team 02,52,3,KICK,0.175809597088929,0,-1.432,-0.6528,GO,1.8823
4514,Team 06,65,6,GO,0.4433001665920852,0,-2.5,0.1155,GO,0.0
4515,Team 02,33,10,KICK,0.610639233949222,1,3,1.3927,KICK,0.0
4516,Team 14,63,9,PUNT,,,-0.204,-0.204,PUNT,0.0
4517,Team 06,43,14,KICK,0.35434369377420466,1,3,0.2314,KICK,0.0
4518,Team 05,61,14,PUNT,,,-0.188,-0.188,PUNT,0.0
4519,Team 03,86,6,PUNT,,,-0.388,-0.388,PUNT,0.0
4520,Team 15,77,7,GO,0.3360919074183416,1,2.92,-0.8377,PUNT,0.5217
4521,Team 02,17,5,KICK,0.8937850083248244,1,3,2.5887,KICK,0.0
4522,Team 03,45,10,PUNT,,,-0.06,-0.06,KICK,0.0701
4523,Team 16,66,4,GO,0.5681437558388193,1,3.36,0.8207,GO,0.0
4524,Team 10,28,10,KICK,0.7261149812607792,1,3,1.8913,KICK,0.0
4525,Team 10,56,4,GO,0.4075137590184509,0,-2.32,0.1577,GO,0.0
4526,Team 03,15,6,KICK,0.9121360851706988,1,3,2.6626,KICK,0.0
4527,Team 05,23,12,KICK,0.8175744761936437,0,-0.968,2.2761,KICK,0.0
4528,Team 04,19,1,GO,0.6260717063282923,1,5.24,2.6898,GO,0.0
4529,Team 04,47,13,PUNT,,,-0.076,-0.076,PUNT,0.0
4530,Team 16,72,7,PUNT,,,-0.276,-0.276,PUNT,0.0
4531,Team 03,56,4,GO,0.4385270604912484,0,-2.32,0.3462,GO,0.0
4532,Team 14,24,9,KICK,0.8013892651145572,1,3,2.2087,KICK,0.0
4533,Team 12,42,1,GO,0.7588068543713931,1,4.32,2.786,GO,0.0
4534,Team 09,27,9,KICK,0.7464939833376621,1,3,1.9779,KICK,0.0
4535,Team 05,80,6,PUNT,,,-0.34,-0.34,PUNT,0.0
4536,Team 12,77,1,GO,0.7588068543713931,0,-2.74,1.5548,GO,0.0
4537,Team 08,48,10,KICK,0.24508501313237172,1,3,-0.2975,PUNT,0.2135
4538,Team 11,14,9,KICK,0.9201950407592125,1,3,2.6948,KICK,0.0
4539,Team 08,28,14,KICK,0.7261149812607792,1,3,1.8913,KICK,0.0
4540,Team 06,36,12,KICK,0.533698835432901,1,3,1.0527,KICK,0.0
4541,Team 05,49,3,GO,0.5306555509303387,1,4.04,1.1207,GO,0.0
4542,Team 11,87,7,PUNT,,,-0.396,-0.396,PUNT,0.0
4543,Team 11,85,13,PUNT,,,-0.38,-0.38,PUNT,0.0
4544,Team 04,33,13,KICK,0.610639233949222,1,3,1.3927,KICK,0.0
4545,Team 15,14,12,KICK,0.9201950407592125,1,3,2.6948,KICK,0.0
4546,Team 01,77,3,GO,0.583186768451493,0,-2.74,0.5608,GO,0.0
4547,Team 02,36,13,KICK,0.533698835432901,0,-1.176,1.0527,KICK,0.0
4548,Team 06,60,5,GO,0.4980552402097736,1,3.6,0.5883,GO,0.0
4549,Team 15,53,3,GO,0.5496461081640299,1,3.88,1.1148,GO,0.0
4550,Team 10,69,12,PUNT,,,-0.252,-0.252,PUNT,0.0
4551,Team 08,19,9,KICK,0.8721384336809187,1,3,2.5008,KICK,0.0
4552,Team 09,29,8,KICK,0.7047456979980911,1,3,1.8001,KICK,0.0
4553,Team 08,44,14,KICK,0.33070459722255413,1,3,0.1194,KICK,0.0
4554,Team 04,87,4,GO,0.4639130714247188,0,-2.94,-0.407,PUNT,0.011
4555,Team 05,12,7,KICK,0.9343184948673792,1,3,2.7509,KICK,0.0
4556,Team 15,14,12,KICK,0.9201950407592125,0,-0.824,2.6948,KICK,0.0
4557,Team 10,38,2,KICK,0.4812587841214649,1,3,0.8171,GO,0.5487
4558,Team 10,44,7,KICK,0.33070459722255413,0,-1.304,0.1194,KICK,0.0
4559,Team 08,84,12,PUNT,,,-0.372,-0.372,PUNT,0.0
4560,Team 06,53,10,PUNT,,,-0.124,-0.124,PUNT,0.0
4561,Team 10,43,8,KICK,0.35434369377420466,0,-1.288,0.2314,KICK,0.0
4562,Team 02,26,1,GO,0.6669163928212177,0,-1.72,2.735,GO,0.0
4563,Team 11,72,12,PUNT,,,-0.276,-0.276,PUNT,0.0
4564,Team 08,51,8,KICK,0.19154534856146757,0,-1.416,-0.5701,PUNT,0.4621
4565,Team 06,82,10,PUNT,,,-0.356,-0.356,PUNT,0.0
4566,Team 07,20,13,KICK,0.8599650843722273,0,-0.92,2.4511,KICK,0.0
4567,Team 09,59,12,KICK,0.09279295311715706,0,-1.544,-1.1223,PUNT,0.9503
4568,Team 09,20,8,KICK,0.8599650843722273,1,3,2.4511,KICK,0.0
4569,Team 07,73,5,PUNT,,,-0.284,-0.284,GO,0.7723
4570,Team 12,18,4,GO,0.6191988694215159,1,5.28,2.6753,GO,0.0
4571,Team 09,31,13,KICK,0.6592603884513855,1,3,1.6043,KICK,0.0
4572,Team 06,74,11,PUNT,,,-0.292,-0.292,PUNT,0.0
4573,Team 16,50,13,PUNT,,,-0.1,-0.1,PUNT,0.0
4574,Team 09,21,10,KICK,0.8468362842349139,1,3,2.3971,KICK,0.0
4575,Team 01,89,8,PUNT,,,-0.412,-0.412,PUNT,0.0
4576,Team 04,90,9,PUNT,,,-0.42,-0.42,PUNT,0.0
4577,Team 11,13,11,KICK,0.9275735146384823,1,3,2.7242,KICK,0.0
4578,Team 11,66,5,KICK,0.046752805099547774,0,-1.656,-1.4383,PUNT,1.2103
4579,Team 14,47,4,GO,0.4771743507269338,0,-2.14,0.8471,GO,0.0
4580,Team 12,46,11,GO,0.2584863321099704,0,-2.12,-0.4967,PUNT,0.4287
4581,Team 09,76,2,GO,0.7111799598144781,1,2.96,1.3195,GO,0.0
4582,Team 14,31,1,GO,0.6384478943768523,1,4.76,2.381,GO,0.0
4583,Team 08,48,13,PUNT,,,-0.084,-0.084,PUNT,0.0
4584,Team 13,37,8,KICK,0.5074994375506204,0,-1.192,0.9354,KICK,0.0
4585,Team 16,25,10,KICK,0.7841471891774855,1,3,2.1366,KICK,0.0
4586,Team 14,40,7,GO,0.32052370678858894,0,-2.0,0.0514,KICK,0.5286
4587,Team 08,18,14,KICK,0.8833970308388606,1,3,2.5466,KICK,0.0
4588,Team 06,65,15,PUNT,,,-0.22,-0.22,PUNT,0.0
4589,Team 03,38,10,KICK,0.4812587841214649,0,-1.208,0.8171,KICK,0.0
4590,Team 12,79,4,GO,0.6191988694215159,0,-2.78,0.6999,GO,0.0
4591,Team 07,47,15,KICK,0.2650274005334813,0,-1.352,-0.1986,PUNT,0.1226
4592,Team 11,83,10,PUNT,,,-0.364,-0.364,PUNT,0.0
4593,Team 10,90,12,PUNT,,,-0.42,-0.42,PUNT,0.0
4594,Team 11,18,2,KICK,0.8833970308388606,1,3,2.5466,KICK,0.0
4595,Team 13,20,4,KICK,0.8599650843722273,1,3,2.4511,GO,0.303
4596,Team 14,62,10,KICK,0.06946090590056407,0,-1.592,-1.273,PUNT,1.077
4597,Team 15,85,1,GO,0.6545818519692127,1,2.6,0.7002,GO,0.0
4598,Team 03,27,10,KICK,0.7464939833376621,0,-1.032,1.9779,KICK,0.0
4599,Team 04,57,6,PUNT,,,-0.156,-0.156,PUNT,0.0
4600,Team 16,63,10,PUNT,,,-0.204,-0.204,PUNT,0.0
4601,Team 16,59,9,PUNT,,,-0.172,-0.172,PUNT,0.0
4602,Team 03,42,2,GO,0.5480655976092276,1,4.32,1.4457,GO,0.0
4603,Team 12,88,15,PUNT,,,-0.404,-0.404,PUNT,0.0
4604,Team 15,48,3,GO,0.5496461081640299,1,4.08,1.2698,GO,0.0
4605,Team 09,39,2,GO,0.7111799598144781,1,4.44,2.5858,GO,0.0
4606,Team 15,47,5,PUNT,,,-0.076,-0.076,GO,0.691
4607,Team 01,87,10,PUNT,,,-0.396,-0.396,PUNT,0.0
4608,Team 07,19,10,KICK,0.8721384336809187,1,3,2.5008,KICK,0.0
4609,Team 16,70,2,GO,0.6713465706923882,1,3.2,1.2938,GO,0.0
4610,Team 08,82,11,PUNT,,,-0.356,-0.356,PUNT,0.0
4611,Team 14,41,14,KICK,0.40371730070321227,0,-1.256,0.4622,KICK,0.0
4612,Team 06,35,10,KICK,0.5597136492671929,0,-1.16,1.1684,KICK,0.0
4613,Team 01,31,6,KICK,0.6592603884513855,0,-1.096,1.6043,KICK,0.0
4614,Team 08,36,2,GO,0.6333740470762804,0,-1.92,2.1843,GO,0.0
4615,Team 01,28,13,KICK,0.7261149812607792,1,3,1.8913,KICK,0.0
4616,Team 12,38,13,KICK,0.4812587841214649,1,3,0.8171,KICK,0.0
4617,Team 10,38,9,GO,0.18629704637845504,0,-1.96,-0.7602,KICK,1.5774
4618,Team 07,58,6,PUNT,,,-0.164,-0.164,GO,0.7855
4619,Team 08,16,5,KICK,0.903348789058409,0,-0.856,2.6273,KICK,0.0
4620,Team 15,39,4,KICK,0.45512110762641994,0,-1.224,0.6984,GO,0.4983
4621,Team 04,84,10,PUNT,,,-0.372,-0.372,PUNT,0.0
4622,Team 14,53,5,PUNT,,,-0.124,-0.124,GO,0.4599
4623,Team 03,24,2,GO,0.5480655976092276,0,-1.68,2.003,KICK,0.2057
4624,Team 10,50,6,GO,0.3069849581582148,0,-2.2,-0.2967,PUNT,0.1967
4625,Team 01,82,12,PUNT,,,-0.356,-0.356,PUNT,0.0
4626,Team 15,83,8,PUNT,,,-0.364,-0.364,PUNT,0.0
4627,Team 16,45,5,GO,0.5135670971823116,1,4.2,1.1355,GO,0.0
4628,Team 16,63,5,PUNT,,,-0.204,-0.204,GO,0.7946
4629,Team 04,61,9,PUNT,,,-0.188,-0.188,PUNT,0.0
4630,Team 09,68,15,PUNT,,,-0.244,-0.244,PUNT,0.0
4631,Team 09,15,6,KICK,0.9121360851706988,1,3,2.6626,KICK,0.0
4632,Team 06,82,10,PUNT,,,-0.356,-0.356,PUNT,0.0
4633,Team 10,19,1,KICK,0.8721384336809187,1,3,2.5008,KICK,0.0
4634,Team 04,15,1,GO,0.6260717063282923,1,5.4,2.8199,GO,0.0
4635,Team 08,35,8,KICK,0.5597136492671929,1,3,1.1684,KICK,0.0
4636,Team 06,20,2,KICK,0.8599650843722273,1,3,2.4511,GO,0.42
4637,Team 13,49,11,KICK,0.22618142573054625,0,-1.384,-0.3924,PUNT,0.3004
4638,Team 01,18,10,KICK,0.8833970308388606,1,3,2.5466,KICK,0.0
4639,Team 14,44,3,GO,0.532114204592694,0,-2.08,1.283,GO,0.0
4640,Team 12,59,10,PUNT,,,-0.172,-0.172,PUNT,0.0
4641,Team 11,84,10,PUNT,,,-0.372,-0.372,PUNT,0.0
4642,Team 13,40,6,GO,0.5341227138507878,0,-2.0,1.4184,GO,0.0
4643,Team 03,88,5,PUNT,,,-0.404,-0.404,PUNT,0.0
4644,Team 05,66,12,PUNT,,,-0.228,-0.228,PUNT,0.0
4645,Team 02,47,15,KICK,0.2650274005334813,0,-1.352,-0.1986,PUNT,0.1226
4646,Team 14,27,9,KICK,0.7464939833376621,1,3,1.9779,KICK,0.0
4647,Team 11,39,8,GO,0.20305629695827773,0,-1.98,-0.6764,KICK,1.3748
4648,Team 02,13,4,KICK,0.9275735146384823,1,3,2.7242,KICK,0.0
4649,Team 04,65,12,KICK,0.051661435466084885,0,-1.64,-1.4003,PUNT,1.1803
4650,Team 15,72,13,KICK,0.025456451452111294,0,-1.752,-1.631,PUNT,1.355
4651,Team 07,68,2,GO,0.7015142308273599,1,3.28,1.5368,GO,0.0
4652,Team 10,18,3,KICK,0.8833970308388606,1,3,2.5466,KICK,0.0
4653,Team 10,29,3,GO,0.4615130443401682,1,4.84,1.2752,KICK,0.5249
4654,Team 06,31,11,KICK,0.6592603884513855,0,-1.096,1.6043,KICK,0.0
4655,Team 07,73,2,GO,0.7015142308273599,0,-2.66,1.3667,GO,0.0
4656,Team 04,29,12,PUNT,,,0.068,0.068,KICK,1.7321
4657,Team 13,81,4,GO,0.6403084946867348,1,2.76,0.7529,GO,0.0
4658,Team 14,62,11,PUNT,,,-0.196,-0.196,PUNT,0.0
4659,Team 10,61,1,GO,0.570954621992401,0,-2.42,0.9943,GO,0.0
4660,Team 10,90,13,PUNT,,,-0.42,-0.42,PUNT,0.0
4661,Team 11,59,11,PUNT,,,-0.172,-0.172,PUNT,0.0
4662,Team 06,67,14,PUNT,,,-0.236,-0.236,PUNT,0.0
4663,Team 02,28,6,KICK,0.7261149812607792,1,3,1.8913,KICK,0.0
4664,Team 10,14,4,GO,0.4075137590184509,0,-1.48,1.34,KICK,1.3548
4665,Team 11,86,4,PUNT,,,-0.388,-0.388,PUNT,0.0
4666,Team 11,13,7,KICK,0.9275735146384823,1,3,2.7242,KICK,0.0
4667,Team 03,26,1,KICK,0.7658456258197972,1,3,2.0596,GO,0.2402
4668,Team 09,10,11,KICK,0.9460888925720083,1,3,2.7973,KICK,0.0
4669,Team 13,21,2,GO,0.7343299545462806,1,5.16,3.3588,GO,0.0
4670,Team 06,20,9,KICK,0.8599650843722273,1,3,2.4511,KICK,0.0
4671,Team 10,53,11,KICK,0.1611089495765853,0,-1.448,-0.7314,PUNT,0.6074
4672,Team 04,46,12,KICK,0.2859777732226985,1,3,-0.096,PUNT,0.028
4673,Team 14,28,15,KICK,0.7261149812607792,1,3,1.8913,KICK,0.0
4674,Team 08,49,6,GO,0.41744252810344173,1,4.04,0.4165,GO,0.0
4675,Team 03,84,11,PUNT,,,-0.372,-0.372,PUNT,0.0
4676,Team 04,74,9,PUNT,,,-0.292,-0.292,PUNT,0.0
4677,Team 08,55,9,KICK,0.13470305195202817,0,-1.48,-0.8765,PUNT,0.7365
4678,Team 04,66,3,GO,0.5188412894570203,1,3.36,0.5308,GO,0.0
4679,Team 13,60,9,PUNT,,,-0.18,-0.18,GO,0.0125
4680,Team 05,83,11,PUNT,,,-0.364,-0.364,PUNT,0.0
4681,Team 01,32,5,KICK,0.6352948493228072,1,3,1.5003,KICK,0.0
4682,Team 05,16,9,KICK,0.903348789058409,1,3,2.6273,KICK,0.0
4683,Team 13,13,14,KICK,0.9275735146384823,1,3,2.7242,KICK,0.0
4684,Team 03,13,3,GO,0.4932149019395633,1,5.48,1.9629,KICK,0.7613
4685,Team 01,87,14,PUNT,,,-0.396,-0.396,PUNT,0.0
4686,Team 04,52,3,GO,0.5188412894570203,0,-2.24,0.9561,GO,0.0
4687,Team 04,13,10,KICK,0.9275735146384823,1,3,2.7242,KICK,0.0
4688,Team 11,77,6,PUNT,,,-0.316,-0.316,PUNT,0.0
4689,Team 04,63,14,PUNT,,,-0.204,-0.204,PUNT,0.0
4690,Team 14,71,13,PUNT,,,-0.268,-0.268,PUNT,0.0
4691,Team 01,20,4,KICK,0.8599650843722273,1,3,2.4511,KICK,0.0
4692,Team 06,23,8,KICK,0.8175744761936437,1,3,2.2761,KICK,0.0
4693,Team 14,51,5,KICK,0.19154534856146757,0,-1.416,-0.5701,GO,0.9629
4694,Team 02,18,7,KICK,0.8833970308388606,0,-0.888,2.5466,KICK,0.0
4695,Team 14,55,15,PUNT,,,-0.14,-0.14,PUNT,0.0
4696,Team 16,32,6,PUNT,,,0.044,0.044,KICK,1.4563
4697,Team 08,64,2,GO,0.6333740470762804,1,3.44,1.2696,GO,0.0
4698,Team 02,43,10,GO,0.2165766261264595,0,-2.06,-0.6869,KICK,0.9183
4699,Team 04,82,12,PUNT,,,-0.356,-0.356,PUNT,0.0
4700,Team 12,41,13,KICK,0.40371730070321227,0,-1.256,0.4622,KICK,0.0
4701,Team 13,37,2,GO,0.7343299545462806,1,4.52,2.8038,GO,0.0
4702,Team 15,36,5,KICK,0.533698835432901,0,-1.176,1.0527,KICK,0.0
4703,Team 06,87,2,GO,0.6575107676168527,1,2.52,0.65,GO,0.0
4704,Team 05,39,2,GO,0.5848647368258585,1,4.44,1.7748,GO,0.0
4705,Team 03,53,8,PUNT,,,-0.124,-0.124,PUNT,0.0
4706,Team 15,57,13,KICK,0.11204703855699037,0,-1.512,-1.0064,PUNT,0.8504
4707,Team 16,63,6,GO,0.45866498212655793,1,3.48,0.2645,GO,0.0
4708,Team 10,55,5,PUNT,,,-0.14,-0.14,GO,0.0095
4709,Team 03,52,2,GO,0.5480655976092276,1,3.92,1.1361,GO,0.0
4710,Team 02,45,11,PUNT,,,-0.06,-0.06,KICK,0.0701
4711,Team 09,11,8,KICK,0.9404756340234984,1,3,2.7752,KICK,0.0
4712,Team 15,17,13,KICK,0.8937850083248244,1,3,2.5887,KICK,0.0
4713,Team 07,13,5,KICK,0.9275735146384823,1,3,2.7242,KICK,0.0
4714,Team 11,46,6,PUNT,,,-0.068,-0.068,PUNT,0.0
4715,Team 13,74,14,PUNT,,,-0.292,-0.292,PUNT,0.0
4716,Team 07,51,8,GO,0.3856863695078365,0,-2.22,0.1635,GO,0.0
4717,Team 04,21,7,KICK,0.8468362842349139,1,3,2.3971,KICK,0.0
4718,Team 02,57,10,PUNT,,,-0.156,-0.156,PUNT,0.0
4719,Team 16,32,2,GO,0.6713465706923882,1,4.72,2.564,GO,0.0
4720,Team 07,49,5,GO,0.5484769739869401,1,4.04,1.2315,GO,0.0
4721,Team 03,34,15,PUNT,,,0.028,0.028,KICK,1.2539
4722,Team 04,74,15,PUNT,,,-0.292,-0.292,PUNT,0.0
4723,Team 03,58,5,PUNT,,,-0.164,-0.164,GO,0.1312
4724,Team 10,90,14,PUNT,,,-0.42,-0.42,PUNT,0.0
4725,Team 10,46,11,PUNT,,,-0.068,-0.068,PUNT,0.0
4726,Team 01,34,11,KICK,0.5854045691294653,0,-1.144,1.2819,KICK,0.0
4727,Team 03,13,8,KICK,0.9275735146384823,0,-0.808,2.7242,KICK,0.0
4728,Team 14,90,13,PUNT,,,-0.42,-0.42,PUNT,0.0
4729,Team 11,72,12,PUNT,,,-0.276,-0.276,PUNT,0.0
4730,Team 08,62,3,GO,0.5809608534948784,0,-2.44,1.0225,GO,0.0
4731,Team 07,64,2,GO,0.7015142308273599,1,3.44,1.673,GO,0.0
4732,Team 13,27,7,KICK,0.7464939833376621,0,-1.032,1.9779,KICK,0.0
4733,Team 07,81,4,GO,0.6021709365103962,1,2.76,0.5401,GO,0.0
4734,Team 16,67,6,GO,0.45866498212655793,1,3.32,0.1478,GO,0.0
4735,Team 07,24,11,KICK,0.8013892651145572,1,3,2.2087,KICK,0.0
4736,Team 04,40,1,GO,0.6260717063282923,1,4.4,2.0069,GO,0.0
4737,Team 04,68,4,PUNT,,,-0.244,-0.244,GO,0.3933
4738,Team 16,55,4,GO,0.5681437558388193,0,-2.3,1.1657,GO,0.0
4739,Team 14,49,5,GO,0.422781323781126,0,-2.18,0.4497,GO,0.0
4740,Team 10,73,9,PUNT,,,-0.284,-0.284,PUNT,0.0
4741,Team 07,90,12,PUNT,,,-0.42,-0.42,PUNT,0.0
4742,Team 14,71,3,GO,0.532114204592694,1,3.16,0.4556,GO,0.0
4743,Team 13,27,13,KICK,0.7464939833376621,1,3,1.9779,KICK,0.0
4744,Team 08,52,12,PUNT,,,-0.116,-0.116,PUNT,0.0
4745,Team 06,90,8,PUNT,,,-0.42,-0.42,PUNT,0.0
4746,Team 01,20,15,KICK,0.8599650843722273,1,3,2.4511,KICK,0.0
4747,Team 13,72,15,PUNT,,,-0.276,-0.276,PUNT,0.0
4748,Team 10,44,14,PUNT,,,-0.052,-0.052,KICK,0.1714
4749,Team 09,49,13,KICK,0.22618142573054625,0,-1.384,-0.3924,PUNT,0.3004
4750,Team 13,73,12,PUNT,,,-0.284,-0.284,PUNT,0.0
4751,Team 16,34,9,KICK,0.5854045691294653,0,-1.144,1.2819,KICK,0.0
4752,Team 02,59,9,PUNT,,,-0.172,-0.172,PUNT,0.0
4753,Team 09,36,3,PUNT,,,0.012,0.012,GO,2.3706
4754,Team 08,56,14,KICK,0.12292695083285751,1,3,-0.9433,PUNT,0.7953
4755,Team 12,68,14,PUNT,,,-0.244,-0.244,PUNT,0.0
4756,Team 11,28,11,KICK,0.7261149812607792,0,-1.048,1.8913,KICK,0.0
4757,Team 12,26,4,GO,0.6191988694215159,1,4.96,2.4162,GO,0.0
4758,Team 02,49,5,GO,0.4537008049433731,0,-2.18,0.642,GO,0.0
4759,Team 16,84,4,GO,0.5681437558388193,0,-2.88,0.2562,GO,0.0
4760,Team 05,28,5,KICK,0.7261149812607792,1,3,1.8913,KICK,0.0
4761,Team 03,86,10,PUNT,,,-0.388,-0.388,PUNT,0.0
4762,Team 12,66,1,GO,0.7588068543713931,1,3.36,1.9418,GO,0.0
4763,Team 07,11,3,KICK,0.9404756340234984,1,3,2.7752,GO,0.3663
4764,Team 12,43,9,KICK,0.35434369377420466,0,-1.288,0.2314,KICK,0.0
4765,Team 01,70,15,PUNT,,,-0.26,-0.26,PUNT,0.0
4766,Team 03,32,13,KICK,0.6352948493228072,1,3,1.5003,KICK,0.0
4767,Team 11,51,4,GO,0.38052964198407724,1,3.96,0.1317,GO,0.0
4768,Team 12,83,11,PUNT,,,-0.364,-0.364,PUNT,0.0
4769,Team 09,31,7,KICK,0.6592603884513855,0,-1.096,1.6043,KICK,0.0
4770,Team 05,17,6,KICK,0.8937850083248244,1,3,2.5887,KICK,0.0
4771,Team 01,76,6,GO,0.41966938533727444,0,-2.72,-0.3363,PUNT,0.0283
4772,Team 05,44,14,KICK,0.33070459722255413,0,-1.304,0.1194,KICK,0.0
4773,Team 15,27,9,KICK,0.7464939833376621,1,3,1.9779,KICK,0.0
4774,Team 14,19,9,KICK,0.8721384336809187,1,3,2.5008,KICK,0.0
4775,Team 14,56,12,PUNT,,,-0.148,-0.148,PUNT,0.0
4776,Team 13,82,7,PUNT,,,-0.356,-0.356,GO,0.1803
4777,Team 10,73,14,GO,0.07081395121634401,0,-2.66,-2.2535,PUNT,1.9695
4778,Team 07,66,7,GO,0.4389360721152808,1,3.36,0.0609,GO,0.0
4779,Team 02,89,3,GO,0.563227497954577,1,2.44,0.0727,GO,0.0
4780,Team 11,80,4,KICK,0.011151137398568576,0,-1.88,-1.8256,PUNT,1.4856
4781,Team 05,50,9,KICK,0.20833350927014557,0,-1.4,-0.4833,PUNT,0.3833
4782,Team 03,80,4,GO,0.4385270604912484,1,2.8,-0.3442,PUNT,0.0042
4783,Team 01,43,13,GO,0.13422230634783983,0,-2.06,-1.209,KICK,1.4405
4784,Team 01,15,15,KICK,0.9121360851706988,1,3,2.6626,KICK,0.0
4785,Team 10,32,13,KICK,0.6352948493228072,0,-1.112,1.5003,KICK,0.0
4786,Team 12,77,9,GO,0.35118128519705183,1,2.92,-0.7523,PUNT,0.4363
4787,Team 12,79,3,GO,0.6695497215555487,0,-2.78,0.9829,GO,0.0
4788,Team 03,64,6,GO,0.3346691378560442,0,-2.48,-0.4988,PUNT,0.2868
4789,Team 01,20,12,KICK,0.8599650843722273,0,-0.92,2.4511,KICK,0.0
4790,Team 06,65,5,PUNT,,,-0.22,-0.22,GO,0.6585
4791,Team 07,85,15,PUNT,,,-0.38,-0.38,PUNT,0.0
4792,Team 09,61,4,GO,0.6132802431683475,1,3.56,1.2474,GO,0.0
4793,Team 16,33,14,KICK,0.610639233949222,0,-1.128,1.3927,KICK,0.0
4794,Team 04,55,12,KICK,0.13470305195202817,0,-1.48,-0.8765,PUNT,0.7365
4795,Team 03,77,13,PUNT,,,-0.316,-0.316,PUNT,0.0
4796,Team 11,69,5,PUNT,,,-0.252,-0.252,PUNT,0.0
4797,Team 01,49,10,PUNT,,,-0.092,-0.092,PUNT,0.0
4798,Team 10,69,15,PUNT,,,-0.252,-0.252,PUNT,0.0
4799,Team 01,90,15,GO,0.09078143199333116,0,-3.0,-2.5098,PUNT,2.0898
4800,Team 12,83,6,GO,0.5115352589374579,0,-2.86,-0.0261,GO,0.0
4801,Team 08,20,15,KICK,0.8599650843722273,1,3,2.4511,KICK,0.0
4802,Team 10,18,15,KICK,0.8833970308388606,1,3,2.5466,KICK,0.0
4803,Team 12,51,1,GO,0.7588068543713931,1,3.96,2.4694,GO,0.0
4804,Team 12,74,4,GO,0.6191988694215159,1,3.04,0.8618,GO,0.0
4805,Team 11,64,6,GO,0.2834726495239797,0,-2.48,-0.8018,PUNT,0.5898
4806,Team 06,76,14,PUNT,,,-0.308,-0.308,PUNT,0.0
4807,Team 04,15,9,KICK,0.9121360851706988,1,3,2.6626,KICK,0.0
4808,Team 10,46,6,PUNT,,,-0.068,-0.068,PUNT,0.0
4809,Team 15,63,1,GO,0.6545818519692127,1,3.48,1.4282,GO,0.0
4810,Team 13,14,12,KICK,0.9201950407592125,1,3,2.6948,KICK,0.0
4811,Team 06,54,6,GO,0.4433001665920852,1,3.84,0.433,GO,0.0
4812,Team 10,66,10,PUNT,,,-0.228,-0.228,PUNT,0.0
4813,Team 05,11,12,KICK,0.9404756340234984,0,-0.776,2.7752,KICK,0.0
4814,Team 08,21,5,GO,0.4717100045295637,1,5.16,1.5782,KICK,0.819
4815,Team 15,69,9,PUNT,,,-0.252,-0.252,PUNT,0.0
4816,Team 05,10,4,KICK,0.9460888925720083,1,3,2.7973,KICK,0.0
4817,Team 08,19,12,KICK,0.8721384336809187,1,3,2.5008,KICK,0.0
4818,Team 01,23,1,KICK,0.8175744761936437,0,-0.968,2.2761,GO,0.6793
4819,Team 01,87,11,PUNT,,,-0.396,-0.396,PUNT,0.0
4820,Team 08,59,10,PUNT,,,-0.172,-0.172,PUNT,0.0
4821,Team 15,87,7,PUNT,,,-0.396,-0.396,PUNT,0.0
4822,Team 07,29,12,KICK,0.7047456979980911,1,3,1.8001,KICK,0.0
4823,Team 13,17,1,GO,0.7749896631651041,1,5.32,3.7764,GO,0.0
4824,Team 10,54,5,PUNT,,,-0.132,-0.132,GO,0.0286
4825,Team 12,56,6,GO,0.5115352589374579,0,-2.32,0.7901,GO,0.0
4826,Team 02,23,13,KICK,0.8175744761936437,0,-0.968,2.2761,KICK,0.0
4827,Team 16,28,11,KICK,0.7261149812607792,1,3,1.8913,KICK,0.0
4828,Team 07,78,10,PUNT,,,-0.324,-0.324,PUNT,0.0
4829,Team 16,86,11,PUNT,,,-0.388,-0.388,PUNT,0.0
4830,Team 16,40,10,KICK,0.42922838810550845,0,-1.24,0.5799,KICK,0.0
4831,Team 13,37,15,KICK,0.5074994375506204,0,-1.192,0.9354,KICK,0.0
4832,Team 03,11,12,KICK,0.9404756340234984,1,3,2.7752,KICK,0.0
4833,Team 09,10,1,GO,0.7541967228490082,0,-1.4,3.8794,GO,0.0
4834,Team 05,69,1,GO,0.6370946554825867,1,3.24,1.1279,GO,0.0
4835,Team 01,51,8,KICK,0.19154534856146757,1,3,-0.5701,PUNT,0.4621
4836,Team 14,82,15,PUNT,,,-0.356,-0.356,PUNT,0.0
4837,Team 01,39,9,KICK,0.45512110762641994,0,-1.224,0.6984,KICK,0.0
4838,Team 15,16,2,GO,0.6033015971633345,1,5.36,2.6307,GO,0.0
4839,Team 16,82,3,GO,0.6211145745754056,0,-2.84,0.6134,GO,0.0
4840,Team 14,49,1,GO,0.6384478943768523,0,-2.18,1.7911,GO,0.0
4841,Team 01,50,11,GO,0.19401483007764866,0,-2.2,-0.9971,PUNT,0.8971
4842,Team 16,26,4,GO,0.5681437558388193,1,4.96,2.0752,GO,0.0
4843,Team 07,89,14,PUNT,,,-0.412,-0.412,PUNT,0.0
4844,Team 09,37,13,KICK,0.5074994375506204,0,-1.192,0.9354,KICK,0.0
4845,Team 15,54,12,PUNT,,,-0.132,-0.132,PUNT,0.0
4846,Team 16,60,15,PUNT,,,-0.18,-0.18,PUNT,0.0
4847,Team 03,51,10,PUNT,,,-0.108,-0.108,PUNT,0.0
4848,Team 14,88,15,PUNT,,,-0.404,-0.404,PUNT,0.0
4849,Team 16,83,6,GO,0.45866498212655793,0,-2.86,-0.319,GO,0.0
4850,Team 11,40,13,KICK,0.42922838810550845,1,3,0.5799,KICK,0.0
4851,Team 04,25,4,KICK,0.7841471891774855,1,3,2.1366,KICK,0.0
4852,Team 14,49,12,PUNT,,,-0.092,-0.092,PUNT,0.0
4853,Team 16,70,10,PUNT,,,-0.26,-0.26,PUNT,0.0
4854,Team 02,73,12,PUNT,,,-0.284,-0.284,PUNT,0.0
4855,Team 05,15,12,KICK,0.9121360851706988,1,3,2.6626,KICK,0.0
4856,Team 02,74,11,PUNT,,,-0.292,-0.292,PUNT,0.0
4857,Team 14,58,10,PUNT,,,-0.164,-0.164,PUNT,0.0
4858,Team 10,69,10,PUNT,,,-0.252,-0.252,PUNT,0.0
4859,Team 01,30,8,KICK,0.6824383021930649,1,3,1.7043,KICK,0.0
4860,Team 14,10,5,KICK,0.9460888925720083,1,3,2.7973,KICK,0.0
4861,Team 02,41,1,GO,0.6669163928212177,0,-2.02,2.2349,GO,0.0
4862,Team 11,86,2,GO,0.48817701060294577,1,2.56,-0.2448,GO,0.0
4863,Team 07,49,2,GO,0.7015142308273599,1,4.04,2.1834,GO,0.0
4864,Team 10,27,6,KICK,0.7464939833376621,1,3,1.9779,KICK,0.0
4865,Team 12,39,8,KICK,0.45512110762641994,0,-1.224,0.6984,KICK,0.0
4866,Team 11,25,1,KICK,0.7841471891774855,1,3,2.1366,KICK,0.0
4867,Team 03,41,6,GO,0.3346691378560442,1,4.36,0.1152,KICK,0.347
4868,Team 09,61,6,GO,0.5052802311918284,1,3.56,0.6016,GO,0.0
4869,Team 06,61,13,PUNT,,,-0.188,-0.188,PUNT,0.0
4870,Team 10,72,5,GO,0.35565962521942324,1,3.12,-0.5914,PUNT,0.3154
4871,Team 02,61,13,PUNT,,,-0.188,-0.188,PUNT,0.0
4872,Team 16,16,15,KICK,0.903348789058409,1,3,2.6273,KICK,0.0
4873,Team 04,21,11,KICK,0.8468362842349139,1,3,2.3971,KICK,0.0
4874,Team 09,81,2,GO,0.7111799598144781,1,2.76,1.1484,GO,0.0
4875,Team 16,66,10,PUNT,,,-0.228,-0.228,PUNT,0.0
4876,Team 13,53,4,GO,0.6403084946867348,0,-2.26,1.6715,GO,0.0
4877,Team 13,52,14,PUNT,,,-0.116,-0.116,PUNT,0.0
4878,Team 11,30,4,GO,0.38052964198407724,1,4.8,0.7115,KICK,0.9929
4879,Team 06,62,5,GO,0.4980552402097736,1,3.52,0.5284,GO,0.0
4880,Team 08,59,7,PUNT,,,-0.172,-0.172,PUNT,0.0
4881,Team 10,27,14,KICK,0.7464939833376621,1,3,1.9779,KICK,0.0
4882,Team 01,47,15,PUNT,,,-0.076,-0.076,PUNT,0.0
4883,Team 11,25,6,KICK,0.7841471891774855,1,3,2.1366,KICK,0.0
4884,Team 07,45,1,GO,0.7454553407611428,1,4.2,2.5964,GO,0.0
4885,Team 16,62,5,GO,0.5135670971823116,0,-2.44,0.6209,GO,0.0
4886,Team 03,87,15,PUNT,,,-0.396,-0.396,PUNT,0.0
4887,Team 13,35,6,GO,0.5341227138507878,1,4.6,1.5718,GO,0.0
4888,Team 05,18,5,GO,0.42135247739455595,0,-1.56,1.3221,KICK,1.2246
4889,Team 08,73,8,PUNT,,,-0.284,-0.284,PUNT,0.0
4890,Team 02,46,13,KICK,0.2859777732226985,1,3,-0.096,PUNT,0.028
4891,Team 10,34,11,KICK,0.5854045691294653,1,3,1.2819,KICK,0.0
4892,Team 04,70,6,PUNT,,,-0.26,-0.26,PUNT,0.0
4893,Team 15,59,4,GO,0.4948104192229929,1,3.64,0.5988,GO,0.0
4894,Team 09,65,14,KICK,0.051661435466084885,0,-1.64,-1.4003,PUNT,1.1803
4895,Team 15,70,13,PUNT,,,-0.26,-0.26,PUNT,0.0
4896,Team 14,87,6,PUNT,,,-0.396,-0.396,PUNT,0.0
4897,Team 07,90,1,GO,0.7454553407611428,1,2.4,1.0255,GO,0.0
4898,Team 04,63,4,GO,0.4639130714247188,0,-2.46,0.2956,GO,0.0
4899,Team 10,77,8,PUNT,,,-0.316,-0.316,PUNT,0.0
4900,Team 08,21,12,KICK,0.8468362842349139,0,-0.936,2.3971,KICK,0.0
4901,Team 03,16,15,KICK,0.903348789058409,1,3,2.6273,KICK,0.0
4902,Team 10,31,7,KICK,0.6592603884513855,0,-1.096,1.6043,KICK,0.0
4903,Team 15,16,9,KICK,0.903348789058409,1,3,2.6273,KICK,0.0
4904,Team 05,65,10,PUNT,,,-0.22,-0.22,PUNT,0.0
4905,Team 05,42,2,GO,0.5848647368258585,0,-2.04,1.6797,GO,0.0
4906,Team 05,68,10,PUNT,,,-0.244,-0.244,PUNT,0.0
4907,Team 01,51,3,GO,0.583186768451493,1,3.96,1.3841,GO,0.0
4908,Team 06,85,3,GO,0.6064038791149935,0,-2.9,0.4352,GO,0.0
4909,Team 10,79,9,PUNT,,,-0.332,-0.332,PUNT,0.0
4910,Team 05,63,7,GO,0.31924931227269765,1,3.48,-0.5637,PUNT,0.3597
4911,Team 14,26,5,KICK,0.7658456258197972,0,-1.016,2.0596,KICK,0.0
4912,Team 09,11,15,KICK,0.9404756340234984,1,3,2.7752,KICK,0.0
4913,Team 11,25,1,KICK,0.7841471891774855,1,3,2.1366,KICK,0.0
4914,Team 06,44,11,KICK,0.33070459722255413,0,-1.304,0.1194,KICK,0.0
4915,Team 13,75,11,GO,0.27621863611689645,0,-2.7,-1.1256,PUNT,0.8256
4916,Team 04,29,8,KICK,0.7047456979980911,0,-1.064,1.8001,KICK,0.0
4917,Team 12,37,6,GO,0.5115352589374579,0,-1.94,1.3645,GO,0.0
4918,Team 16,74,8,KICK,0.02073457758943501,0,-1.784,-1.6848,PUNT,1.3928
4919,Team 09,14,1,GO,0.7541967228490082,1,5.44,3.739,GO,0.0
4920,Team 09,10,12,KICK,0.9460888925720083,1,3,2.7973,KICK,0.0
4921,Team 01,85,9,PUNT,,,-0.38,-0.38,PUNT,0.0
4922,Team 11,63,12,PUNT,,,-0.204,-0.204,PUNT,0.0
4923,Team 14,14,14,KICK,0.9201950407592125,1,3,2.6948,KICK,0.0
4924,Team 12,40,12,KICK,0.42922838810550845,1,3,0.5799,KICK,0.0
4925,Team 06,78,10,PUNT,,,-0.324,-0.324,PUNT,0.0
4926,Team 14,15,2,KICK,0.9121360851706988,1,3,2.6626,KICK,0.0
4927,Team 13,80,9,PUNT,,,-0.34,-0.34,PUNT,0.0
4928,Team 10,32,13,KICK,0.6352948493228072,1,3,1.5003,KICK,0.0
4929,Team 09,86,7,GO,0.45044365998876706,1,2.56,-0.4516,PUNT,0.0636
4930,Team 05,85,1,GO,0.6370946554825867,0,-2.9,0.604,GO,0.0
4931,Team 14,24,13,PUNT,,,0.108,0.108,KICK,2.1007
4932,Team 02,38,11,PUNT,,,-0.004,-0.004,KICK,0.8211
4933,Team 11,56,8,KICK,0.12292695083285751,0,-1.496,-0.9433,PUNT,0.7953
4934,Team 15,70,15,PUNT,,,-0.26,-0.26,PUNT,0.0
4935,Team 06,84,12,PUNT,,,-0.372,-0.372,PUNT,0.0
4936,Team 06,14,4,KICK,0.9201950407592125,1,3,2.6948,KICK,0.0
4937,Team 16,10,9,KICK,0.9460888925720083,1,3,2.7973,KICK,0.0
4938,Team 16,41,15,KICK,0.40371730070321227,0,-1.256,0.4622,KICK,0.0
4939,Team 01,28,13,KICK,0.7261149812607792,1,3,1.8913,KICK,0.0
4940,Team 14,46,12,KICK,0.2859777732226985,0,-1.336,-0.096,PUNT,0.028
4941,Team 16,82,8,GO,0.35303653218502695,0,-2.84,-0.8771,PUNT,0.5211
4942,Team 05,43,13,KICK,0.35434369377420466,1,3,0.2314,KICK,0.0
4943,Team 12,77,5,GO,0.5661473020656971,0,-2.74,0.4644,GO,0.0
4944,Team 14,83,8,PUNT,,,-0.364,-0.364,PUNT,0.0
4945,Team 07,49,11,GO,0.2449960169720538,0,-2.18,-0.6561,PUNT,0.5641
4946,Team 05,71,9,PUNT,,,-0.268,-0.268,PUNT,0.0
4947,Team 05,44,15,PUNT,,,-0.052,-0.052,KICK,0.1714
4948,Team 03,23,11,KICK,0.8175744761936437,1,3,2.2761,KICK,0.0
4949,Team 02,44,8,PUNT,,,-0.052,-0.052,KICK,0.1714
4950,Team 05,36,6,PUNT,,,0.012,0.012,KICK,1.0407
4951,Team 16,55,13,PUNT,,,-0.14,-0.14,PUNT,0.0
4952,Team 02,80,1,PUNT,,,-0.34,-0.34,GO,1.2747
4953,Team 08,52,8,KICK,0.175809597088929,1,3,-0.6528,PUNT,0.5368
4954,Team 13,62,3,GO,0.6892688541839076,1,3.52,1.668,GO,0.0
4955,Team 11,53,6,PUNT,,,-0.124,-0.124,PUNT,0.0
4956,Team 08,70,8,PUNT,,,-0.26,-0.26,PUNT,0.0
4957,Team 06,33,14,PUNT,,,0.036,0.036,KICK,1.3567
4958,Team 10,76,14,PUNT,,,-0.308,-0.308,PUNT,0.0
4959,Team 03,61,4,PUNT,,,-0.188,-0.188,GO,0.3904
4960,Team 08,89,7,GO,0.3651035350617658,0,-2.98,-1.0011,PUNT,0.5891
4961,Team 03,51,4,GO,0.4385270604912484,0,-2.22,0.4901,GO,0.0
4962,Team 12,67,2,GO,0.7162933940110477,0,-2.54,1.6575,GO,0.0
4963,Team 14,64,9,PUNT,,,-0.212,-0.212,PUNT,0.0
4964,Team 01,66,11,PUNT,,,-0.228,-0.228,PUNT,0.0
4965,Team 04,46,1,GO,0.6260717063282923,1,4.16,1.8117,GO,0.0
4966,Team 08,67,12,PUNT,,,-0.236,-0.236,PUNT,0.0
4967,Team 06,15,15,KICK,0.9121360851706988,1,3,2.6626,KICK,0.0
4968,Team 02,79,2,GO,0.6163941829217663,1,2.84,0.6841,GO,0.0
4969,Team 02,76,4,GO,0.5085669512394625,0,-2.72,0.1687,GO,0.0
4970,Team 02,42,13,KICK,0.37871640480893237,1,3,0.3459,KICK,0.0
4971,Team 14,47,15,KICK,0.2650274005334813,0,-1.352,-0.1986,PUNT,0.1226
4972,Team 12,87,15,PUNT,,,-0.396,-0.396,PUNT,0.0
4973,Team 02,50,10,GO,0.2165766261264595,0,-2.2,-0.8572,PUNT,0.7572
4974,Team 04,36,15,KICK,0.533698835432901,1,3,1.0527,KICK,0.0
4975,Team 15,58,14,KICK,0.10201806918913042,0,-1.528,-1.0661,PUNT,0.9021
4976,Team 02,32,13,KICK,0.6352948493228072,0,-1.112,1.5003,KICK,0.0
4977,Team 06,46,7,GO,0.3898889396292549,1,4.16,0.3285,GO,0.0
4978,Team 03,50,6,PUNT,,,-0.1,-0.1,PUNT,0.0
4979,Team 08,69,2,GO,0.6333740470762804,1,3.24,1.1062,GO,0.0
4980,Team 02,79,1,GO,0.6669163928212177,0,-2.78,0.9681,GO,0.0
4981,Team 05,21,15,KICK,0.8468362842349139,1,3,2.3971,KICK,0.0
4982,Team 16,31,15,KICK,0.6592603884513855,1,3,1.6043,KICK,0.0
4983,Team 02,71,8,GO,0.30032959740928544,1,3.16,-0.8841,PUNT,0.6161
4984,Team 16,88,12,PUNT,,,-0.404,-0.404,PUNT,0.0
4985,Team 15,68,7,GO,0.3360919074183416,0,-2.56,-0.5972,PUNT,0.3532
4986,Team 03,14,6,KICK,0.9201950407592125,1,3,2.6948,KICK,0.0
4987,Team 15,73,2,GO,0.6033015971633345,1,3.08,0.803,GO,0.0
4988,Team 08,51,9,GO,0.27026451250767497,1,3.96,-0.5498,PUNT,0.4418
4989,Team 01,15,12,KICK,0.9121360851706988,1,3,2.6626,KICK,0.0
4990,Team 04,70,9,PUNT,,,-0.26,-0.26,PUNT,0.0
4991,Team 02,51,9,PUNT,,,-0.108,-0.108,PUNT,0.0
4992,Team 04,75,2,GO,0.5733178358600778,0,-2.7,0.5679,GO,0.0
4993,Team 01,29,10,KICK,0.7047456979980911,1,3,1.8001,KICK,0.0
4994,Team 04,89,10,GO,0.18776490647190214,1,2.44,-1.9623,PUNT,1.5503
4995,Team 12,53,2,GO,0.7162933940110477,1,3.88,2.138,GO,0.0
4996,Team 09,29,6,GO,0.5052802311918284,0,-1.78,1.565,KICK,0.2351
4997,Team 05,57,6,PUNT,,,-0.156,-0.156,GO,0.0511
4998,Team 10,88,5,KICK,0.004844764997639799,0,-2.008,-1.9837,PUNT,1.5797
4999,Team 11,64,1,GO,0.5430678179428203,1,3.44,0.735,GO,0.0
5000,Team 10,31,13,KICK,0.6592603884513855,1,3,1.6043,KICK,0.0
5001,Team 16,25,9,KICK,0.7841471891774855,1,3,2.1366,KICK,0.0
5002,Team 12,51,6,GO,0.5115352589374579,1,3.96,0.9413,GO,0.0
5003,Team 03,79,6,PUNT,,,-0.332,-0.332,PUNT,0.0
5004,Team 07,48,3,GO,0.6535134081523024,0,-2.16,1.9179,GO,0.0
5005,Team 14,50,1,GO,0.6384478943768523,1,4.0,1.7584,GO,0.0
5006,Team 04,74,3,GO,0.5188412894570203,0,-2.68,0.2878,GO,0.0
5007,Team 02,57,9,PUNT,,,-0.156,-0.156,PUNT,0.0
5008,Team 06,24,8,KICK,0.8013892651145572,1,3,2.2087,KICK,0.0
5009,Team 05,62,12,PUNT,,,-0.196,-0.196,PUNT,0.0
5010,Team 03,68,1,GO,0.6017729612434263,1,3.28,0.9544,GO,0.0
5011,Team 01,27,9,KICK,0.7464939833376621,1,3,1.9779,KICK,0.0
5012,Team 02,89,11,PUNT,,,-0.412,-0.412,PUNT,0.0
5013,Team 05,68,13,PUNT,,,-0.244,-0.244,PUNT,0.0
5014,Team 12,64,7,KICK,0.05705458259892049,0,-1.624,-1.3602,GO,1.5835
5015,Team 15,33,9,KICK,0.610639233949222,0,-1.128,1.3927,KICK,0.0
5016,Team 03,71,2,GO,0.5480655976092276,0,-2.62,0.5478,GO,0.0
5017,Team 16,64,1,GO,0.7179431443239072,1,3.44,1.7702,GO,0.0
5018,Team 04,36,12,KICK,0.533698835432901,0,-1.176,1.0527,KICK,0.0
5019,Team 03,40,13,KICK,0.42922838810550845,1,3,0.5799,KICK,0.0
5020,Team 15,50,9,PUNT,,,-0.1,-0.1,PUNT,0.0
5021,Team 04,44,5,KICK,0.33070459722255413,0,-1.304,0.1194,GO,0.3909
5022,Team 14,61,11,PUNT,,,-0.188,-0.188,PUNT,0.0
5023,Team 15,45,12,KICK,0.3078904956982119,1,3,0.0101,KICK,0.0
5024,Team 04,47,4,GO,0.4639130714247188,1,4.12,0.7641,GO,0.0
5025,Team 04,78,8,KICK,0.013721159282518925,0,-1.848,-1.7815,PUNT,1.4575
5026,Team 09,42,6,GO,0.5052802311918284,0,-2.04,1.1736,GO,0.0
5027,Team 02,73,3,GO,0.563227497954577,0,-2.66,0.5729,GO,0.0
5028,Team 07,32,4,GO,0.6021709365103962,0,-1.84,2.1102,GO,0.0
5029,Team 11,61,13,PUNT,,,-0.188,-0.188,PUNT,0.0
5030,Team 09,41,15,KICK,0.40371730070321227,1,3,0.4622,KICK,0.0
5031,Team 05,59,7,PUNT,,,-0.172,-0.172,PUNT,0.0
5032,Team 13,34,15,KICK,0.5854045691294653,0,-1.144,1.2819,KICK,0.0
5033,Team 01,53,13,PUNT,,,-0.124,-0.124,PUNT,0.0
5034,Team 08,13,14,KICK,0.9275735146384823,1,3,2.7242,KICK,0.0
5035,Team 13,44,15,KICK,0.33070459722255413,1,3,0.1194,KICK,0.0
5036,Team 06,19,7,GO,0.3898889396292549,0,-1.58,1.079,KICK,1.4218
5037,Team 11,20,13,KICK,0.8599650843722273,1,3,2.4511,KICK,0.0
5038,Team 14,72,2,GO,0.5862862634331419,1,3.12,0.737,GO,0.0
5039,Team 11,22,5,KICK,0.8327160444615168,0,-0.952,2.3389,KICK,0.0
5040,Team 02,85,6,PUNT,,,-0.38,-0.38,PUNT,0.0
5041,Team 15,77,13,PUNT,,,-0.316,-0.316,PUNT,0.0
5042,Team 07,69,7,PUNT,,,-0.252,-0.252,GO,0.2266
5043,Team 10,18,14,KICK,0.8833970308388606,1,3,2.5466,KICK,0.0
5044,Team 06,79,9,GO,0.29156836022871013,1,2.84,-1.1414,PUNT,0.8094
5045,Team 02,25,13,KICK,0.7841471891774855,1,3,2.1366,KICK,0.0
5046,Team 03,33,6,KICK,0.610639233949222,1,3,1.3927,KICK,0.0
5047,Team 09,85,6,GO,0.5052802311918284,0,-2.9,-0.121,GO,0.0
5048,Team 05,13,2,KICK,0.9275735146384823,1,3,2.7242,KICK,0.0
5049,Team 05,45,12,KICK,0.3078904956982119,1,3,0.0101,KICK,0.0
5050,Team 02,88,1,GO,0.6669163928212177,1,2.48,0.668,GO,0.0
5051,Team 08,25,5,GO,0.4717100045295637,1,5.0,1.4605,KICK,0.6761
5052,Team 05,54,13,PUNT,,,-0.132,-0.132,PUNT,0.0
5053,Team 13,20,8,KICK,0.8599650843722273,1,3,2.4511,KICK,0.0
5054,Team 07,64,8,PUNT,,,-0.212,-0.212,GO,0.0153
5055,Team 14,13,3,KICK,0.9275735146384823,1,3,2.7242,KICK,0.0
5056,Team 06,62,1,GO,0.7052076153533808,0,-2.44,1.763,GO,0.0
5057,Team 08,36,13,KICK,0.533698835432901,1,3,1.0527,KICK,0.0
5058,Team 07,61,5,GO,0.5484769739869401,0,-2.42,0.8599,GO,0.0
5059,Team 06,60,2,GO,0.6575107676168527,1,3.6,1.5451,GO,0.0
5060,Team 04,16,3,GO,0.5188412894570203,1,5.36,2.0496,KICK,0.5777
5061,Team 05,49,9,PUNT,,,-0.092,-0.092,PUNT,0.0
5062,Team 11,48,5,GO,0.3301955444039654,1,4.08,-0.0996,PUNT,0.0156
5063,Team 11,81,5,PUNT,,,-0.348,-0.348,PUNT,0.0
5064,Team 15,84,15,PUNT,,,-0.372,-0.372,PUNT,0.0
5065,Team 13,37,15,KICK,0.5074994375506204,1,3,0.9354,KICK,0.0
5066,Team 10,64,2,GO,0.5164308431129125,0,-2.48,0.5773,GO,0.0
5067,Team 12,90,3,GO,0.6695497215555487,0,-3.0,0.6156,GO,0.0
5068,Team 16,44,3,GO,0.6211145745754056,1,4.24,1.8454,GO,0.0
5069,Team 15,52,5,GO,0.4400992987044506,0,-2.24,0.471,GO,0.0
5070,Team 07,26,6,KICK,0.7658456258197972,1,3,2.0596,KICK,0.0
5071,Team 04,41,4,GO,0.4639130714247188,1,4.36,0.9398,GO,0.0
5072,Team 15,57,1,GO,0.6545818519692127,0,-2.34,1.6268,GO,0.0
5073,Team 12,76,5,GO,0.5661473020656971,0,-2.72,0.4957,GO,0.0
5074,Team 01,52,3,GO,0.583186768451493,1,3.92,1.3524,GO,0.0
5075,Team 05,88,6,PUNT,,,-0.404,-0.404,PUNT,0.0
5076,Team 16,78,2,GO,0.6713465706923882,0,-2.76,1.0264,GO,0.0
5077,Team 09,33,11,KICK,0.610639233949222,0,-1.128,1.3927,KICK,0.0
5078,Team 14,72,2,GO,0.5862862634331419,1,3.12,0.737,GO,0.0
5079,Team 10,15,8,KICK,0.9121360851706988,1,3,2.6626,KICK,0.0
5080,Team 12,89,9,GO,0.35118128519705183,0,-2.98,-1.0766,PUNT,0.6646
5081,Team 01,57,4,GO,0.5289349488921719,0,-2.34,0.8653,GO,0.0
5082,Team 12,42,15,KICK,0.37871640480893237,1,3,0.3459,KICK,0.0
5083,Team 03,88,15,PUNT,,,-0.404,-0.404,PUNT,0.0
5084,Team 11,25,1,GO,0.5430678179428203,1,5.0,1.9386,KICK,0.198
5085,Team 16,27,8,KICK,0.7464939833376621,1,3,1.9779,KICK,0.0
5086,Team 12,10,3,GO,0.6695497215555487,1,5.6,3.2868,GO,0.0
5087,Team 06,20,2,KICK,0.8599650843722273,1,3,2.4511,GO,0.42
5088,Team 09,44,3,GO,0.6639890054498807,0,-2.08,2.1164,GO,0.0
5089,Team 06,26,7,KICK,0.7658456258197972,1,3,2.0596,KICK,0.0
5090,Team 11,80,4,PUNT,,,-0.34,-0.34,PUNT,0.0
5091,Team 07,74,13,PUNT,,,-0.292,-0.292,PUNT,0.0
5092,Team 06,66,14,PUNT,,,-0.228,-0.228,PUNT,0.0
5093,Team 03,22,5,KICK,0.8327160444615168,1,3,2.3389,KICK,0.0
5094,Team 05,24,9,KICK,0.8013892651145572,1,3,2.2087,KICK,0.0
5095,Team 09,57,2,GO,0.7111799598144781,1,3.72,1.9698,GO,0.0
5096,Team 06,78,13,PUNT,,,-0.324,-0.324,PUNT,0.0
5097,Team 11,19,9,KICK,0.8721384336809187,1,3,2.5008,KICK,0.0
5098,Team 12,15,9,KICK,0.9121360851706988,0,-0.84,2.6626,KICK,0.0
5099,Team 02,67,15,PUNT,,,-0.236,-0.236,PUNT,0.0
5100,Team 02,76,13,KICK,0.016873391437354078,0,-1.816,-1.7347,PUNT,1.4267
5101,Team 06,13,13,KICK,0.9275735146384823,0,-0.808,2.7242,KICK,0.0
5102,Team 01,38,9,KICK,0.4812587841214649,0,-1.208,0.8171,KICK,0.0
5103,Team 07,74,13,PUNT,,,-0.292,-0.292,PUNT,0.0
5104,Team 09,27,4,GO,0.6132802431683475,0,-1.74,2.3444,GO,0.0
5105,Team 07,41,6,KICK,0.40371730070321227,0,-1.256,0.4622,GO,0.6671
5106,Team 14,75,3,GO,0.532114204592694,1,3.0,0.3331,GO,0.0
5107,Team 11,84,6,PUNT,,,-0.372,-0.372,PUNT,0.0
5108,Team 06,14,7,KICK,0.9201950407592125,1,3,2.6948,KICK,0.0
5109,Team 07,56,13,PUNT,,,-0.148,-0.148,PUNT,0.0
5110,Team 12,79,3,GO,0.6695497215555487,0,-2.78,0.9829,GO,0.0
5111,Team 10,28,1,GO,0.570954621992401,0,-1.76,2.0311,GO,0.0
5112,Team 16,72,10,GO,0.26004815453768654,0,-2.64,-1.1421,PUNT,0.8661
5113,Team 13,85,6,GO,0.5341227138507878,0,-2.9,0.0377,GO,0.0
5114,Team 05,15,8,KICK,0.9121360851706988,1,3,2.6626,KICK,0.0
5115,Team 11,50,1,GO,0.5430678179428203,0,-2.2,1.167,GO,0.0
5116,Team 16,14,9,KICK,0.9201950407592125,1,3,2.6948,KICK,0.0
5117,Team 05,21,5,KICK,0.8468362842349139,1,3,2.3971,KICK,0.0
5118,Team 16,32,14,KICK,0.6352948493228072,1,3,1.5003,KICK,0.0
5119,Team 05,79,15,PUNT,,,-0.332,-0.332,PUNT,0.0
5120,Team 06,39,14,KICK,0.45512110762641994,0,-1.224,0.6984,KICK,0.0
5121,Team 08,61,6,GO,0.41744252810344173,0,-2.42,0.0763,GO,0.0
5122,Team 14,53,4,KICK,0.1611089495765853,0,-1.448,-0.7314,GO,1.4012
5123,Team 14,20,10,KICK,0.8599650843722273,0,-0.92,2.4511,KICK,0.0
5124,Team 15,64,1,GO,0.6545818519692127,1,3.44,1.3951,GO,0.0
5125,Team 09,33,6,GO,0.5052802311918284,0,-1.86,1.4445,GO,0.0
5126,Team 07,70,14,PUNT,,,-0.26,-0.26,PUNT,0.0
5127,Team 04,64,8,PUNT,,,-0.212,-0.212,PUNT,0.0
5128,Team 01,72,8,GO,0.3177501098281303,0,-2.64,-0.8098,PUNT,0.5338
5129,Team 08,52,10,PUNT,,,-0.116,-0.116,PUNT,0.0
5130,Team 11,39,5,GO,0.3301955444039654,0,-1.98,0.1399,KICK,0.5586
5131,Team 08,81,3,GO,0.5809608534948784,0,-2.82,0.4218,GO,0.0
5132,Team 10,11,3,KICK,0.9404756340234984,1,3,2.7752,KICK,0.0
5133,Team 12,85,11,PUNT,,,-0.38,-0.38,PUNT,0.0
5134,Team 02,29,11,KICK,0.7047456979980911,1,3,1.8001,KICK,0.0
5135,Team 16,29,2,GO,0.6713465706923882,1,4.84,2.6643,GO,0.0
5136,Team 07,53,10,PUNT,,,-0.124,-0.124,PUNT,0.0
5137,Team 01,47,10,KICK,0.2650274005334813,0,-1.352,-0.1986,PUNT,0.1226
5138,Team 15,25,4,GO,0.4948104192229929,0,-1.7,1.6152,KICK,0.5214
5139,Team 10,14,1,KICK,0.9201950407592125,1,3,2.6948,KICK,0.0
5140,Team 03,63,13,PUNT,,,-0.204,-0.204,PUNT,0.0
5141,Team 16,57,9,PUNT,,,-0.156,-0.156,PUNT,0.0
5142,Team 09,58,10,PUNT,,,-0.164,-0.164,PUNT,0.0
5143,Team 09,33,15,KICK,0.610639233949222,1,3,1.3927,KICK,0.0
5144,Team 04,16,7,KICK,0.903348789058409,1,3,2.6273,KICK,0.0
5145,Team 06,81,6,PUNT,,,-0.348,-0.348,GO,0.0016
5146,Team 14,76,4,GO,0.4771743507269338,0,-2.72,-0.0096,GO,0.0
5147,Team 15,57,3,GO,0.5496461081640299,1,3.72,0.9909,GO,0.0
5148,Team 14,69,9,PUNT,,,-0.252,-0.252,PUNT,0.0
5149,Team 10,59,1,GO,0.570954621992401,0,-2.38,1.0571,GO,0.0
5150,Team 08,74,4,PUNT,,,-0.292,-0.292,GO,0.6245
5151,Team 07,33,7,GO,0.4389360721152808,0,-1.86,1.0106,KICK,0.3821
5152,Team 10,11,8,KICK,0.9404756340234984,1,3,2.7752,KICK,0.0
5153,Team 10,29,4,KICK,0.7047456979980911,1,3,1.8001,KICK,0.0
5154,Team 01,75,7,GO,0.3672271904706913,0,-2.7,-0.6068,PUNT,0.3068
5155,Team 09,39,15,KICK,0.45512110762641994,0,-1.224,0.6984,KICK,0.0
5156,Team 13,53,10,PUNT,,,-0.124,-0.124,PUNT,0.0
5157,Team 11,75,5,PUNT,,,-0.3,-0.3,PUNT,0.0
5158,Team 12,26,6,KICK,0.7658456258197972,1,3,2.0596,KICK,0.0
5159,Team 15,41,4,KICK,0.40371730070321227,1,3,0.4622,GO,0.6747
5160,Team 06,78,13,PUNT,,,-0.324,-0.324,PUNT,0.0
5161,Team 07,67,9,GO,0.3350390841574315,0,-2.54,-0.5767,PUNT,0.3407
5162,Team 04,67,5,PUNT,,,-0.236,-0.236,GO,0.0977
5163,Team 15,42,9,PUNT,,,-0.036,-0.036,KICK,0.3819
5164,Team 06,63,9,PUNT,,,-0.204,-0.204,PUNT,0.0
5165,Team 04,10,8,KICK,0.9460888925720083,1,3,2.7973,KICK,0.0
5166,Team 03,32,9,KICK,0.6352948493228072,1,3,1.5003,KICK,0.0
5167,Team 11,81,4,PUNT,,,-0.348,-0.348,PUNT,0.0
5168,Team 09,51,10,GO,0.29757375628027694,0,-2.22,-0.381,PUNT,0.273
5169,Team 06,50,15,KICK,0.20833350927014557,1,3,-0.4833,PUNT,0.3833
5170,Team 01,11,1,KICK,0.9404756340234984,1,3,2.7752,GO,0.5846
5171,Team 12,47,11,GO,0.2584863321099704,0,-2.14,-0.5219,PUNT,0.4459
5172,Team 15,23,10,KICK,0.8175744761936437,1,3,2.2761,KICK,0.0
5173,Team 12,38,2,GO,0.7162933940110477,1,4.48,2.6529,GO,0.0
5174,Team 09,62,4,GO,0.6132802431683475,0,-2.44,1.2152,GO,0.0
5175,Team 08,23,1,GO,0.682810727672691,1,5.08,2.9421,GO,0.0
5176,Team 14,77,1,GO,0.6384478943768523,1,2.92,0.8736,GO,0.0
5177,Team 11,64,14,PUNT,,,-0.212,-0.212,PUNT,0.0
5178,Team 06,45,10,KICK,0.3078904956982119,1,3,0.0101,KICK,0.0
5179,Team 05,77,1,GO,0.6370946554825867,0,-2.74,0.866,GO,0.0
5180,Team 08,90,1,GO,0.682810727672691,1,2.4,0.6872,GO,0.0
5181,Team 08,71,2,GO,0.6333740470762804,0,-2.62,1.0409,GO,0.0
5182,Team 07,31,13,KICK,0.6592603884513855,1,3,1.6043,KICK,0.0
5183,Team 13,62,1,GO,0.7749896631651041,1,3.52,2.1789,GO,0.0
5184,Team 11,40,10,KICK,0.42922838810550845,0,-1.24,0.5799,KICK,0.0
5185,Team 07,48,3,GO,0.6535134081523024,1,4.08,1.9179,GO,0.0
5186,Team 09,56,11,KICK,0.12292695083285751,0,-1.496,-0.9433,PUNT,0.7953
5187,Team 06,72,7,PUNT,,,-0.276,-0.276,PUNT,0.0
5188,Team 14,53,11,PUNT,,,-0.124,-0.124,PUNT,0.0
5189,Team 03,45,9,KICK,0.3078904956982119,0,-1.32,0.0101,KICK,0.0
5190,Team 06,28,5,KICK,0.7261149812607792,1,3,1.8913,KICK,0.0
5191,Team 01,19,9,KICK,0.8721384336809187,1,3,2.5008,KICK,0.0
5192,Team 12,31,10,KICK,0.6592603884513855,1,3,1.6043,KICK,0.0
5193,Team 01,37,12,PUNT,,,0.004,0.004,KICK,0.9314
5194,Team 04,82,4,GO,0.4639130714247188,1,2.72,-0.2606,GO,0.0
5195,Team 14,83,11,PUNT,,,-0.364,-0.364,PUNT,0.0
5196,Team 01,53,12,KICK,0.1611089495765853,0,-1.448,-0.7314,PUNT,0.6074
5197,Team 06,15,11,KICK,0.9121360851706988,1,3,2.6626,KICK,0.0
5198,Team 11,50,11,PUNT,,,-0.1,-0.1,PUNT,0.0
5199,Team 02,64,8,PUNT,,,-0.212,-0.212,PUNT,0.0
5200,Team 16,67,15,PUNT,,,-0.236,-0.236,PUNT,0.0
5201,Team 15,71,11,PUNT,,,-0.268,-0.268,PUNT,0.0
5202,Team 15,66,6,PUNT,,,-0.228,-0.228,PUNT,0.0
5203,Team 12,53,15,PUNT,,,-0.124,-0.124,PUNT,0.0
5204,Team 04,23,14,KICK,0.8175744761936437,1,3,2.2761,KICK,0.0
5205,Team 09,31,11,KICK,0.6592603884513855,0,-1.096,1.6043,KICK,0.0
5206,Team 02,47,11,KICK,0.2650274005334813,1,3,-0.1986,PUNT,0.1226
5207,Team 08,22,6,KICK,0.8327160444615168,1,3,2.3389,KICK,0.0
5208,Team 11,89,1,GO,0.5430678179428203,0,-2.98,-0.0366,GO,0.0
5209,Team 02,85,2,PUNT,,,-0.38,-0.38,GO,0.8702
5210,Team 08,41,6,KICK,0.40371730070321227,0,-1.256,0.4622,GO,0.1811
5211,Team 02,59,13,PUNT,,,-0.172,-0.172,PUNT,0.0
5212,Team 12,21,15,KICK,0.8468362842349139,1,3,2.3971,KICK,0.0
5213,Team 13,23,11,KICK,0.8175744761936437,1,3,2.2761,KICK,0.0
5214,Team 15,23,6,KICK,0.8175744761936437,1,3,2.2761,KICK,0.0
5215,Team 15,36,7,KICK,0.533698835432901,0,-1.176,1.0527,KICK,0.0
5216,Team 07,78,6,GO,0.4936300767509541,0,-2.76,0.0241,GO,0.0
5217,Team 11,89,2,GO,0.48817701060294577,0,-2.98,-0.3341,GO,0.0
5218,Team 12,81,10,PUNT,,,-0.348,-0.348,PUNT,0.0
5219,Team 01,16,13,KICK,0.903348789058409,1,3,2.6273,KICK,0.0
5220,Team 02,90,5,GO,0.4537008049433731,0,-3.0,-0.55,PUNT,0.13
5221,Team 15,84,13,PUNT,,,-0.372,-0.372,PUNT,0.0
5222,Team 02,78,3,GO,0.563227497954577,0,-2.76,0.4166,GO,0.0
5223,Team 14,54,12,PUNT,,,-0.132,-0.132,PUNT,0.0
5224,Team 06,16,3,GO,0.6064038791149935,1,5.36,2.6521,GO,0.0
5225,Team 02,33,15,KICK,0.610639233949222,1,3,1.3927,KICK,0.0
5226,Team 12,19,4,KICK,0.8721384336809187,1,3,2.5008,GO,0.1421
5227,Team 11,38,12,KICK,0.4812587841214649,0,-1.208,0.8171,KICK,0.0
5228,Team 06,88,3,GO,0.6064038791149935,0,-2.96,0.3388,GO,0.0
5229,Team 07,72,15,KICK,0.025456451452111294,0,-1.752,-1.631,PUNT,1.355
5230,Team 02,43,3,GO,0.563227497954577,1,4.28,1.5109,GO,0.0
5231,Team 04,89,7,PUNT,,,-0.412,-0.412,PUNT,0.0
5232,Team 15,87,3,PUNT,,,-0.396,-0.396,GO,0.4571
5233,Team 13,51,12,PUNT,,,-0.108,-0.108,PUNT,0.0
5234,Team 13,16,3,KICK,0.903348789058409,1,3,2.6273,GO,0.5949
5235,Team 01,84,10,PUNT,,,-0.372,-0.372,PUNT,0.0
5236,Team 03,10,1,KICK,0.9460888925720083,1,3,2.7973,GO,0.0151
5237,Team 14,46,9,GO,0.23301469843774303,1,4.16,-0.6567,PUNT,0.5887
5238,Team 15,59,9,PUNT,,,-0.172,-0.172,PUNT,0.0
5239,Team 16,32,4,KICK,0.6352948493228072,1,3,1.5003,GO,0.3867
5240,Team 16,80,1,PUNT,,,-0.34,-0.34,GO,1.5605
5241,Team 08,59,6,GO,0.41744252810344173,0,-2.38,0.133,GO,0.0
5242,Team 16,31,4,GO,0.5681437558388193,0,-1.82,1.9184,GO,0.0
5243,Team 11,49,2,GO,0.48817701060294577,0,-2.18,0.8565,GO,0.0
5244,Team 10,22,2,KICK,0.8327160444615168,1,3,2.3389,KICK,0.0
5245,Team 05,22,3,KICK,0.8327160444615168,1,3,2.3389,KICK,0.0
5246,Team 02,57,3,GO,0.563227497954577,0,-2.34,1.0732,GO,0.0
5247,Team 08,64,6,PUNT,,,-0.212,-0.212,GO,0.2033
5248,Team 11,65,14,KICK,0.051661435466084885,0,-1.64,-1.4003,PUNT,1.1803
5249,Team 08,37,9,KICK,0.5074994375506204,1,3,0.9354,KICK,0.0
5250,Team 13,41,12,PUNT,,,-0.028,-0.028,KICK,0.4902
5251,Team 02,38,7,GO,0.34847963982711555,0,-1.96,0.2842,KICK,0.5329
5252,Team 13,28,3,GO,0.6892688541839076,0,-1.76,2.8167,GO,0.0
5253,Team 03,79,11,PUNT,,,-0.332,-0.332,PUNT,0.0
5254,Team 06,60,5,GO,0.4980552402097736,1,3.6,0.5883,GO,0.0
5255,Team 06,23,4,KICK,0.8175744761936437,1,3,2.2761,KICK,0.0
5256,Team 08,81,12,PUNT,,,-0.348,-0.348,PUNT,0.0
5257,Team 04,73,10,PUNT,,,-0.284,-0.284,PUNT,0.0
5258,Team 04,70,5,PUNT,,,-0.26,-0.26,GO,0.0371
5259,Team 12,51,6,GO,0.5115352589374579,1,3.96,0.9413,GO,0.0
5260,Team 02,61,9,PUNT,,,-0.188,-0.188,PUNT,0.0
5261,Team 02,88,12,PUNT,,,-0.404,-0.404,PUNT,0.0
5262,Team 01,83,15,PUNT,,,-0.364,-0.364,PUNT,0.0
5263,Team 11,33,13,KICK,0.610639233949222,0,-1.128,1.3927,KICK,0.0
5264,Team 09,57,13,PUNT,,,-0.156,-0.156,PUNT,0.0
5265,Team 03,83,11,PUNT,,,-0.364,-0.364,PUNT,0.0
5266,Team 16,11,11,KICK,0.9404756340234984,1,3,2.7752,KICK,0.0
5267,Team 10,68,4,PUNT,,,-0.244,-0.244,GO,0.0639
5268,Team 09,66,8,PUNT,,,-0.228,-0.228,GO,0.0411
5269,Team 07,44,12,KICK,0.33070459722255413,0,-1.304,0.1194,KICK,0.0
5270,Team 15,62,11,KICK,0.06946090590056407,0,-1.592,-1.273,PUNT,1.077
5271,Team 15,24,7,KICK,0.8013892651145572,0,-0.984,2.2087,KICK,0.0
5272,Team 10,56,1,GO,0.570954621992401,1,3.76,1.1514,GO,0.0
5273,Team 01,83,9,GO,0.2720729233363795,0,-2.86,-1.3527,PUNT,0.9887
5274,Team 05,56,12,KICK,0.12292695083285751,0,-1.496,-0.9433,PUNT,0.7953
5275,Team 08,82,12,PUNT,,,-0.356,-0.356,PUNT,0.0
5276,Team 14,41,15,KICK,0.40371730070321227,1,3,0.4622,KICK,0.0
5277,Team 07,28,10,KICK,0.7261149812607792,0,-1.048,1.8913,KICK,0.0
5278,Team 08,65,5,GO,0.4717100045295637,0,-2.5,0.2831,GO,0.0
5279,Team 05,86,11,PUNT,,,-0.388,-0.388,PUNT,0.0
5280,Team 05,13,14,KICK,0.9275735146384823,1,3,2.7242,KICK,0.0
5281,Team 14,28,15,KICK,0.7261149812607792,1,3,1.8913,KICK,0.0
5282,Team 12,55,10,PUNT,,,-0.14,-0.14,PUNT,0.0
5283,Team 04,30,2,KICK,0.6824383021930649,1,3,1.7043,GO,0.2795
5284,Team 07,12,2,GO,0.7015142308273599,1,5.52,3.4425,GO,0.0
5285,Team 11,60,13,PUNT,,,-0.18,-0.18,PUNT,0.0
5286,Team 12,48,13,PUNT,,,-0.084,-0.084,PUNT,0.0
5287,Team 15,18,14,KICK,0.8833970308388606,1,3,2.5466,KICK,0.0
5288,Team 07,70,6,GO,0.4936300767509541,0,-2.6,0.2631,GO,0.0
5289,Team 14,69,9,PUNT,,,-0.252,-0.252,PUNT,0.0
5290,Team 12,46,6,GO,0.5115352589374579,1,4.16,1.0924,GO,0.0
5291,Team 07,44,12,KICK,0.33070459722255413,1,3,0.1194,KICK,0.0
5292,Team 03,29,12,KICK,0.7047456979980911,0,-1.064,1.8001,KICK,0.0
5293,Team 03,26,4,GO,0.4385270604912484,1,4.96,1.2094,KICK,0.8503
5294,Team 11,37,8,KICK,0.5074994375506204,0,-1.192,0.9354,KICK,0.0
5295,Team 15,48,14,KICK,0.24508501313237172,0,-1.368,-0.2975,PUNT,0.2135
5296,Team 09,88,7,GO,0.45044365998876706,0,-2.96,-0.5096,PUNT,0.1056
5297,Team 03,88,8,PUNT,,,-0.404,-0.404,PUNT,0.0
5298,Team 04,52,14,PUNT,,,-0.116,-0.116,PUNT,0.0
5299,Team 01,30,1,GO,0.6847891621792315,1,4.8,2.7196,GO,0.0
5300,Team 13,28,14,KICK,0.7261149812607792,0,-1.048,1.8913,KICK,0.0
5301,Team 05,57,14,PUNT,,,-0.156,-0.156,PUNT,0.0
5302,Team 12,51,10,KICK,0.19154534856146757,1,3,-0.5701,PUNT,0.4621
5303,Team 11,20,2,KICK,0.8599650843722273,1,3,2.4511,KICK,0.0
5304,Team 10,17,15,KICK,0.8937850083248244,0,-0.872,2.5887,KICK,0.0
5305,Team 03,61,9,PUNT,,,-0.188,-0.188,PUNT,0.0
5306,Team 14,13,4,KICK,0.9275735146384823,0,-0.808,2.7242,KICK,0.0
5307,Team 02,14,1,GO,0.6669163928212177,1,5.44,3.1351,GO,0.0
5308,Team 02,25,2,GO,0.6163941829217663,1,5.0,2.4298,GO,0.0
5309,Team 07,21,8,KICK,0.8468362842349139,1,3,2.3971,KICK,0.0
5310,Team 13,20,5,KICK,0.8599650843722273,1,3,2.4511,KICK,0.0
5311,Team 02,78,7,PUNT,,,-0.324,-0.324,PUNT,0.0
5312,Team 14,89,3,GO,0.532114204592694,1,2.44,-0.0959,GO,0.0
5313,Team 10,26,11,PUNT,,,0.092,0.092,KICK,1.9676
5314,Team 01,11,8,KICK,0.9404756340234984,1,3,2.7752,KICK,0.0
5315,Team 07,66,10,PUNT,,,-0.228,-0.228,PUNT,0.0
5316,Team 14,18,1,KICK,0.8833970308388606,1,3,2.5466,GO,0.2603
5317,Team 01,70,3,GO,0.583186768451493,0,-2.6,0.7825,GO,0.0
5318,Team 02,11,13,KICK,0.9404756340234984,1,3,2.7752,KICK,0.0
5319,Team 09,19,11,KICK,0.8721384336809187,0,-0.904,2.5008,KICK,0.0
5320,Team 13,61,13,PUNT,,,-0.188,-0.188,PUNT,0.0
5321,Team 11,26,6,KICK,0.7658456258197972,1,3,2.0596,KICK,0.0
5322,Team 10,31,12,KICK,0.6592603884513855,0,-1.096,1.6043,KICK,0.0
5323,Team 09,51,11,KICK,0.19154534856146757,0,-1.416,-0.5701,PUNT,0.4621
5324,Team 09,73,10,PUNT,,,-0.284,-0.284,PUNT,0.0
5325,Team 08,18,10,KICK,0.8833970308388606,1,3,2.5466,KICK,0.0
5326,Team 08,80,2,GO,0.6333740470762804,1,2.8,0.7469,GO,0.0
5327,Team 15,23,10,KICK,0.8175744761936437,1,3,2.2761,KICK,0.0
5328,Team 11,11,11,KICK,0.9404756340234984,1,3,2.7752,KICK,0.0
5329,Team 11,53,9,KICK,0.1611089495765853,0,-1.448,-0.7314,PUNT,0.6074
5330,Team 02,66,7,GO,0.34847963982711555,0,-2.52,-0.4709,PUNT,0.2429
5331,Team 13,14,1,GO,0.7749896631651041,1,5.44,3.8829,GO,0.0
5332,Team 10,72,5,PUNT,,,-0.276,-0.276,PUNT,0.0
5333,Team 12,56,5,GO,0.5661473020656971,0,-2.32,1.1222,GO,0.0
5334,Team 04,56,3,GO,0.5188412894570203,1,3.76,0.8346,GO,0.0
5335,Team 15,55,9,PUNT,,,-0.14,-0.14,PUNT,0.0
5336,Team 15,89,12,PUNT,,,-0.412,-0.412,PUNT,0.0
5337,Team 13,89,5,GO,0.5882421741646358,0,-2.98,0.2083,GO,0.0
5338,Team 01,40,12,KICK,0.42922838810550845,1,3,0.5799,KICK,0.0
5339,Team 05,22,15,KICK,0.8327160444615168,1,3,2.3389,KICK,0.0
5340,Team 11,21,7,KICK,0.8468362842349139,0,-0.936,2.3971,KICK,0.0
5341,Team 07,38,15,KICK,0.4812587841214649,0,-1.208,0.8171,KICK,0.0
5342,Team 02,11,1,KICK,0.9404756340234984,1,3,2.7752,GO,0.4598
5343,Team 04,19,6,KICK,0.8721384336809187,1,3,2.5008,KICK,0.0
5344,Team 04,49,2,GO,0.5733178358600778,1,4.04,1.386,GO,0.0
5345,Team 04,52,4,GO,0.4639130714247188,0,-2.24,0.6177,GO,0.0
5346,Team 04,66,2,GO,0.5733178358600778,1,3.36,0.8511,GO,0.0
5347,Team 07,34,8,KICK,0.5854045691294653,1,3,1.2819,KICK,0.0
5348,Team 05,78,1,GO,0.6370946554825867,1,2.88,0.8332,GO,0.0
5349,Team 16,29,7,PUNT,,,0.068,0.068,KICK,1.7321
5350,Team 15,50,15,PUNT,,,-0.1,-0.1,PUNT,0.0
5351,Team 02,15,1,KICK,0.9121360851706988,1,3,2.6626,GO,0.4391
5352,Team 13,51,12,PUNT,,,-0.108,-0.108,PUNT,0.0
5353,Team 14,65,14,PUNT,,,-0.22,-0.22,PUNT,0.0
5354,Team 01,17,15,KICK,0.8937850083248244,1,3,2.5887,KICK,0.0
5355,Team 10,13,5,KICK,0.9275735146384823,1,3,2.7242,KICK,0.0
5356,Team 15,64,2,GO,0.6033015971633345,1,3.44,1.0915,GO,0.0
5357,Team 04,11,15,KICK,0.9404756340234984,1,3,2.7752,KICK,0.0
5358,Team 08,79,14,PUNT,,,-0.332,-0.332,PUNT,0.0
5359,Team 04,55,1,GO,0.6260717063282923,1,3.8,1.519,GO,0.0
5360,Team 16,79,7,PUNT,,,-0.332,-0.332,PUNT,0.0
5361,Team 14,35,15,KICK,0.5597136492671929,0,-1.16,1.1684,KICK,0.0
5362,Team 01,43,4,PUNT,,,-0.044,-0.044,GO,1.3374
5363,Team 08,27,7,KICK,0.7464939833376621,1,3,1.9779,KICK,0.0
5364,Team 16,13,1,GO,0.7179431443239072,1,5.48,3.5225,GO,0.0
5365,Team 13,44,2,GO,0.7343299545462806,1,4.24,2.561,GO,0.0
5366,Team 05,49,4,KICK,0.22618142573054625,1,3,-0.3924,GO,1.1714
5367,Team 04,11,8,KICK,0.9404756340234984,1,3,2.7752,KICK,0.0
5368,Team 05,76,1,GO,0.6370946554825867,1,2.96,0.8987,GO,0.0
5369,Team 09,72,8,PUNT,,,-0.276,-0.276,PUNT,0.0
5370,Team 09,10,15,KICK,0.9460888925720083,1,3,2.7973,KICK,0.0
5371,Team 08,54,13,PUNT,,,-0.132,-0.132,PUNT,0.0
5372,Team 15,58,1,GO,0.6545818519692127,1,3.68,1.5937,GO,0.0
5373,Team 07,45,9,KICK,0.3078904956982119,0,-1.32,0.0101,GO,0.0007
5374,Team 15,17,13,KICK,0.8937850083248244,1,3,2.5887,KICK,0.0
5375,Team 09,82,7,GO,0.45044365998876706,1,2.72,-0.3355,GO,0.0
5376,Team 02,62,3,PUNT,,,-0.196,-0.196,GO,1.1128
5377,Team 14,80,9,PUNT,,,-0.34,-0.34,PUNT,0.0
5378,Team 01,77,5,PUNT,,,-0.316,-0.316,GO,0.2588
5379,Team 06,12,8,KICK,0.9343184948673792,1,3,2.7509,KICK,0.0
5380,Team 01,21,13,KICK,0.8468362842349139,1,3,2.3971,KICK,0.0
5381,Team 12,31,13,KICK,0.6592603884513855,1,3,1.6043,KICK,0.0
5382,Team 06,25,6,GO,0.4433001665920852,1,5.0,1.2701,KICK,0.8665
5383,Team 03,70,5,PUNT,,,-0.26,-0.26,PUNT,0.0
5384,Team 10,71,9,PUNT,,,-0.268,-0.268,PUNT,0.0
5385,Team 16,65,8,PUNT,,,-0.22,-0.22,PUNT,0.0
5386,Team 06,76,4,GO,0.55285699926031,0,-2.72,0.4202,GO,0.0
5387,Team 02,10,14,KICK,0.9460888925720083,0,-0.76,2.7973,KICK,0.0
5388,Team 15,66,9,PUNT,,,-0.228,-0.228,PUNT,0.0
5389,Team 08,11,14,KICK,0.9404756340234984,1,3,2.7752,KICK,0.0
5390,Team 10,30,12,KICK,0.6824383021930649,0,-1.08,1.7043,KICK,0.0
5391,Team 03,74,9,PUNT,,,-0.292,-0.292,PUNT,0.0
5392,Team 08,63,3,PUNT,,,-0.204,-0.204,GO,1.1949
5393,Team 13,45,15,KICK,0.3078904956982119,1,3,0.0101,KICK,0.0
5394,Team 07,74,8,GO,0.3856863695078365,0,-2.68,-0.4739,PUNT,0.1819
5395,Team 02,70,5,PUNT,,,-0.26,-0.26,GO,0.2915
5396,Team 10,85,11,PUNT,,,-0.38,-0.38,PUNT,0.0
5397,Team 14,63,1,GO,0.6384478943768523,0,-2.46,1.3324,GO,0.0
5398,Team 14,61,8,PUNT,,,-0.188,-0.188,PUNT,0.0
5399,Team 13,22,4,GO,0.6403084946867348,1,5.12,2.6885,GO,0.0
5400,Team 14,40,10,KICK,0.42922838810550845,1,3,0.5799,KICK,0.0
5401,Team 08,18,12,KICK,0.8833970308388606,1,3,2.5466,KICK,0.0
5402,Team 07,78,13,PUNT,,,-0.324,-0.324,PUNT,0.0
5403,Team 14,38,3,GO,0.532114204592694,1,4.48,1.4668,GO,0.0
5404,Team 10,85,8,PUNT,,,-0.38,-0.38,PUNT,0.0
5405,Team 04,30,12,PUNT,,,0.06,0.06,KICK,1.6443
5406,Team 09,26,13,KICK,0.7658456258197972,1,3,2.0596,KICK,0.0
5407,Team 07,88,7,PUNT,,,-0.404,-0.404,PUNT,0.0
5408,Team 03,25,4,KICK,0.7841471891774855,0,-1.0,2.1366,KICK,0.0
5409,Team 09,64,6,GO,0.5052802311918284,0,-2.48,0.5113,GO,0.0
5410,Team 04,36,4,GO,0.4639130714247188,0,-1.92,1.0862,GO,0.0
5411,Team 13,32,8,GO,0.4247517878519248,1,4.72,0.9464,KICK,0.554
5412,Team 15,55,8,GO,0.2888945335324451,0,-2.3,-0.5377,PUNT,0.3977
5413,Team 03,70,9,PUNT,,,-0.26,-0.26,PUNT,0.0
5414,Team 07,23,6,KICK,0.8175744761936437,1,3,2.2761,KICK,0.0
5415,Team 04,41,5,PUNT,,,-0.028,-0.028,GO,0.6228
5416,Team 16,43,6,PUNT,,,-0.044,-0.044,GO,0.8919
5417,Team 09,37,6,KICK,0.5074994375506204,0,-1.192,0.9354,GO,0.3887
5418,Team 09,85,10,PUNT,,,-0.38,-0.38,PUNT,0.0
5419,Team 15,82,10,PUNT,,,-0.356,-0.356,PUNT,0.0
5420,Team 05,90,10,PUNT,,,-0.42,-0.42,PUNT,0.0
5421,Team 08,35,6,GO,0.41744252810344173,0,-1.9,0.8134,KICK,0.355
5422,Team 15,89,15,PUNT,,,-0.412,-0.412,PUNT,0.0
5423,Team 13,33,9,KICK,0.610639233949222,0,-1.128,1.3927,KICK,0.0
5424,Team 08,46,15,KICK,0.2859777732226985,1,3,-0.096,PUNT,0.028
5425,Team 01,21,5,KICK,0.8468362842349139,1,3,2.3971,KICK,0.0
5426,Team 12,90,13,PUNT,,,-0.42,-0.42,PUNT,0.0
5427,Team 15,22,3,KICK,0.8327160444615168,0,-0.952,2.3389,KICK,0.0
5428,Team 07,55,13,PUNT,,,-0.14,-0.14,PUNT,0.0
5429,Team 05,47,6,GO,0.36883363288543497,1,4.12,0.1689,GO,0.0
5430,Team 01,69,7,GO,0.3672271904706913,0,-2.58,-0.4427,PUNT,0.1907
5431,Team 03,51,13,PUNT,,,-0.108,-0.108,PUNT,0.0
5432,Team 01,24,11,KICK,0.8013892651145572,1,3,2.2087,KICK,0.0
5433,Team 06,33,5,KICK,0.610639233949222,0,-1.128,1.3927,GO,0.0046
5434,Team 14,85,5,PUNT,,,-0.38,-0.38,PUNT,0.0
5435,Team 13,86,7,PUNT,,,-0.388,-0.388,GO,0.0939
5436,Team 14,21,11,KICK,0.8468362842349139,0,-0.936,2.3971,KICK,0.0
5437,Team 01,33,11,PUNT,,,0.036,0.036,KICK,1.3567
5438,Team 11,67,1,GO,0.5430678179428203,1,3.32,0.6424,GO,0.0
5439,Team 13,34,9,KICK,0.5854045691294653,0,-1.144,1.2819,KICK,0.0
5440,Team 03,58,6,KICK,0.10201806918913042,0,-1.528,-1.0661,PUNT,0.9021
5441,Team 06,72,2,GO,0.6575107676168527,1,3.12,1.1473,GO,0.0
5442,Team 05,65,8,PUNT,,,-0.22,-0.22,PUNT,0.0
5443,Team 06,76,5,PUNT,,,-0.308,-0.308,GO,0.417
5444,Team 14,50,12,GO,0.13571258068519226,0,-2.2,-1.3586,PUNT,1.2586
5445,Team 06,24,15,KICK,0.8013892651145572,1,3,2.2087,KICK,0.0
5446,Team 06,84,6,GO,0.4433001665920852,1,2.64,-0.433,PUNT,0.061
5447,Team 16,80,13,PUNT,,,-0.34,-0.34,PUNT,0.0
5448,Team 12,77,5,PUNT,,,-0.316,-0.316,GO,0.7804
5449,Team 15,57,14,PUNT,,,-0.156,-0.156,PUNT,0.0
5450,Team 01,46,15,PUNT,,,-0.068,-0.068,PUNT,0.0
5451,Team 16,37,11,KICK,0.5074994375506204,1,3,0.9354,KICK,0.0
5452,Team 16,77,3,GO,0.6211145745754056,1,2.92,0.7755,GO,0.0
5453,Team 03,70,3,GO,0.4932149019395633,1,3.2,0.2606,GO,0.0
5454,Team 14,14,7,KICK,0.9201950407592125,1,3,2.6948,KICK,0.0
5455,Team 03,52,3,GO,0.4932149019395633,0,-2.24,0.7982,GO,0.0
5456,Team 06,36,6,GO,0.4433001665920852,0,-1.92,0.9526,KICK,0.1001
5457,Team 05,54,4,GO,0.47571317758111337,1,3.84,0.6314,GO,0.0
5458,Team 11,20,2,KICK,0.8599650843722273,1,3,2.4511,KICK,0.0
5459,Team 07,62,14,PUNT,,,-0.196,-0.196,PUNT,0.0
5460,Team 08,90,9,PUNT,,,-0.42,-0.42,PUNT,0.0
5461,Team 02,79,3,PUNT,,,-0.332,-0.332,GO,0.7173
5462,Team 02,55,7,PUNT,,,-0.14,-0.14,PUNT,0.0
5463,Team 16,56,15,KICK,0.12292695083285751,0,-1.496,-0.9433,PUNT,0.7953
5464,Team 05,19,2,KICK,0.8721384336809187,0,-0.904,2.5008,KICK,0.0
5465,Team 14,24,3,KICK,0.8013892651145572,1,3,2.2087,KICK,0.0
5466,Team 04,48,15,KICK,0.24508501313237172,0,-1.368,-0.2975,PUNT,0.2135
5467,Team 08,17,15,KICK,0.8937850083248244,1,3,2.5887,KICK,0.0
5468,Team 08,55,13,PUNT,,,-0.14,-0.14,PUNT,0.0
5469,Team 13,18,4,GO,0.6403084946867348,1,5.28,2.8197,GO,0.0
5470,Team 01,38,1,GO,0.6847891621792315,1,4.48,2.45,GO,0.0
5471,Team 08,17,3,GO,0.5809608534948784,1,5.32,2.4454,KICK,0.1433
5472,Team 04,57,5,PUNT,,,-0.156,-0.156,GO,0.2997
5473,Team 08,36,4,KICK,0.533698835432901,0,-1.176,1.0527,GO,0.44
5474,Team 05,64,1,GO,0.6370946554825867,1,3.44,1.2916,GO,0.0
5475,Team 16,41,2,GO,0.6713465706923882,0,-2.02,2.2632,GO,0.0
5476,Team 13,20,6,KICK,0.8599650843722273,0,-0.92,2.4511,KICK,0.0
5477,Team 02,33,11,PUNT,,,0.036,0.036,KICK,1.3567
5478,Team 03,43,13,PUNT,,,-0.044,-0.044,KICK,0.2754
5479,Team 05,67,7,GO,0.31924931227269765,0,-2.54,-0.6692,PUNT,0.4332
5480,Team 03,62,3,GO,0.4932149019395633,1,3.52,0.4996,GO,0.0
5481,Team 14,52,14,PUNT,,,-0.116,-0.116,PUNT,0.0
5482,Team 15,76,9,PUNT,,,-0.308,-0.308,PUNT,0.0
5483,Team 14,68,4,PUNT,,,-0.244,-0.244,GO,0.4707
5484,Team 05,46,4,GO,0.47571317758111337,0,-2.12,0.8675,GO,0.0
5485,Team 13,19,5,KICK,0.8721384336809187,1,3,2.5008,KICK,0.0
5486,Team 14,29,11,KICK,0.7047456979980911,1,3,1.8001,KICK,0.0
5487,Team 07,51,3,GO,0.6535134081523024,1,3.96,1.8187,GO,0.0
5488,Team 12,16,10,GO,0.30283146014450685,1,5.36,0.5635,KICK,2.0638
5489,Team 08,16,3,GO,0.5809608534948784,1,5.36,2.477,KICK,0.1503
5490,Team 12,41,13,KICK,0.40371730070321227,0,-1.256,0.4622,KICK,0.0
5491,Team 01,46,11,PUNT,,,-0.068,-0.068,PUNT,0.0
5492,Team 03,58,1,GO,0.6017729612434263,0,-2.36,1.2747,GO,0.0
5493,Team 12,73,15,PUNT,,,-0.284,-0.284,PUNT,0.0
5494,Team 03,61,4,GO,0.4385270604912484,0,-2.42,0.2024,GO,0.0
5495,Team 15,60,5,PUNT,,,-0.18,-0.18,GO,0.4206
5496,Team 13,43,4,GO,0.6403084946867348,1,4.28,1.9996,GO,0.0
5497,Team 02,82,13,PUNT,,,-0.356,-0.356,PUNT,0.0
5498,Team 05,65,15,PUNT,,,-0.22,-0.22,PUNT,0.0
5499,Team 12,90,15,PUNT,,,-0.42,-0.42,PUNT,0.0
5500,Team 03,24,7,KICK,0.8013892651145572,1,3,2.2087,KICK,0.0
5501,Team 04,31,11,KICK,0.6592603884513855,1,3,1.6043,KICK,0.0
5502,Team 07,49,4,GO,0.6021709365103962,1,4.04,1.5655,GO,0.0
5503,Team 15,13,14,KICK,0.9275735146384823,1,3,2.7242,KICK,0.0
5504,Team 15,24,10,KICK,0.8013892651145572,1,3,2.2087,KICK,0.0
5505,Team 14,12,11,KICK,0.9343184948673792,1,3,2.7509,KICK,0.0
5506,Team 03,89,15,PUNT,,,-0.412,-0.412,PUNT,0.0
5507,Team 10,22,11,KICK,0.8327160444615168,0,-0.952,2.3389,KICK,0.0
5508,Team 10,41,4,PUNT,,,-0.028,-0.028,GO,0.6079
5509,Team 15,31,13,KICK,0.6592603884513855,1,3,1.6043,KICK,0.0
5510,Team 04,25,2,KICK,0.7841471891774855,0,-1.0,2.1366,GO,0.0046
5511,Team 02,51,14,KICK,0.19154534856146757,0,-1.416,-0.5701,PUNT,0.4621
5512,Team 01,50,8,PUNT,,,-0.1,-0.1,PUNT,0.0
5513,Team 14,85,1,GO,0.6384478943768523,1,2.6,0.6115,GO,0.0
5514,Team 05,34,8,PUNT,,,0.028,0.028,KICK,1.2539
5515,Team 03,30,3,GO,0.4932149019395633,0,-1.8,1.4552,KICK,0.2491
5516,Team 15,31,7,KICK,0.6592603884513855,1,3,1.6043,KICK,0.0
5517,Team 02,56,11,PUNT,,,-0.148,-0.148,PUNT,0.0
5518,Team 04,11,11,KICK,0.9404756340234984,1,3,2.7752,KICK,0.0
5519,Team 14,29,10,KICK,0.7047456979980911,1,3,1.8001,KICK,0.0
5520,Team 10,58,8,GO,0.2219648004204538,0,-2.36,-1.0193,PUNT,0.8553
5521,Team 08,82,9,PUNT,,,-0.356,-0.356,PUNT,0.0
5522,Team 07,85,8,GO,0.3856863695078365,0,-2.9,-0.7787,PUNT,0.3987
5523,Team 08,82,7,KICK,0.009058068762720846,0,-1.912,-1.8675,PUNT,1.5115
5524,Team 04,56,7,GO,0.3090425788856058,1,3.76,-0.441,PUNT,0.293
5525,Team 05,41,8,KICK,0.40371730070321227,1,3,0.4622,KICK,0.0
5526,Team 13,52,5,GO,0.5882421741646358,1,3.92,1.3836,GO,0.0
5527,Team 08,24,8,KICK,0.8013892651145572,1,3,2.2087,KICK,0.0
5528,Team 10,18,9,KICK,0.8833970308388606,1,3,2.5466,KICK,0.0
5529,Team 12,57,5,GO,0.5661473020656971,1,3.72,1.0909,GO,0.0
5530,Team 12,35,9,KICK,0.5597136492671929,1,3,1.1684,KICK,0.0
5531,Team 16,22,7,KICK,0.8327160444615168,0,-0.952,2.3389,KICK,0.0
5532,Team 11,85,4,PUNT,,,-0.38,-0.38,PUNT,0.0
5533,Team 10,77,12,GO,0.10581192006446227,0,-2.74,-2.1411,PUNT,1.8251
5534,Team 06,84,9,PUNT,,,-0.372,-0.372,PUNT,0.0
5535,Team 14,26,5,KICK,0.7658456258197972,1,3,2.0596,KICK,0.0
5536,Team 10,31,3,KICK,0.6592603884513855,1,3,1.6043,KICK,0.0
5537,Team 10,56,6,GO,0.3069849581582148,0,-2.32,-0.4535,PUNT,0.3055
5538,Team 01,23,1,GO,0.6847891621792315,1,5.08,2.9555,GO,0.0
5539,Team 01,89,4,GO,0.5289349488921719,0,-2.98,-0.1132,GO,0.0
5540,Team 09,50,13,KICK,0.20833350927014557,1,3,-0.4833,PUNT,0.3833
5541,Team 02,39,1,GO,0.6669163928212177,0,-1.98,2.3016,GO,0.0
5542,Team 05,22,5,GO,0.42135247739455595,1,5.12,1.2083,KICK,1.1306
5543,Team 04,87,4,GO,0.4639130714247188,0,-2.94,-0.407,PUNT,0.011
5544,Team 04,43,11,PUNT,,,-0.044,-0.044,KICK,0.2754
5545,Team 07,13,13,KICK,0.9275735146384823,1,3,2.7242,KICK,0.0
5546,Team 01,59,7,PUNT,,,-0.172,-0.172,GO,0.0027
5547,Team 07,67,12,PUNT,,,-0.236,-0.236,PUNT,0.0
5548,Team 08,77,1,GO,0.682810727672691,1,2.92,1.1247,GO,0.0
5549,Team 05,61,13,PUNT,,,-0.188,-0.188,PUNT,0.0
5550,Team 06,32,6,KICK,0.6352948493228072,1,3,1.5003,KICK,0.0
5551,Team 09,61,10,KICK,0.0765621973518122,0,-1.576,-1.2257,PUNT,1.0377
5552,Team 03,24,11,KICK,0.8013892651145572,1,3,2.2087,KICK,0.0
5553,Team 16,78,5,PUNT,,,-0.324,-0.324,GO,0.4605
5554,Team 10,67,12,PUNT,,,-0.236,-0.236,PUNT,0.0
5555,Team 14,13,5,GO,0.422781323781126,1,5.48,1.4741,KICK,1.2501
5556,Team 15,69,11,KICK,0.034556230286276544,0,-1.704,-1.5414,PUNT,1.2894
5557,Team 06,65,3,GO,0.6064038791149935,1,3.4,1.0778,GO,0.0
5558,Team 11,25,10,KICK,0.7841471891774855,1,3,2.1366,KICK,0.0
5559,Team 10,68,14,PUNT,,,-0.244,-0.244,PUNT,0.0
5560,Team 14,37,5,GO,0.422781323781126,1,4.52,0.7912,KICK,0.1443
5561,Team 14,51,4,PUNT,,,-0.108,-0.108,GO,0.8369
5562,Team 03,27,7,KICK,0.7464939833376621,1,3,1.9779,KICK,0.0
5563,Team 06,44,1,GO,0.7052076153533808,1,4.24,2.3769,GO,0.0
5564,Team 01,61,10,PUNT,,,-0.188,-0.188,PUNT,0.0
5565,Team 03,19,15,KICK,0.8721384336809187,1,3,2.5008,KICK,0.0
5566,Team 14,16,4,KICK,0.903348789058409,1,3,2.6273,KICK,0.0
5567,Team 07,18,15,KICK,0.8833970308388606,1,3,2.5466,KICK,0.0
5568,Team 12,72,1,GO,0.7588068543713931,1,3.12,1.7307,GO,0.0
5569,Team 09,88,2,GO,0.7111799598144781,1,2.48,0.9088,GO,0.0
5570,Team 13,40,3,GO,0.6892688541839076,0,-2.0,2.4113,GO,0.0
5571,Team 12,18,12,KICK,0.8833970308388606,1,3,2.5466,KICK,0.0
5572,Team 04,84,3,PUNT,,,-0.372,-0.372,GO,0.356
5573,Team 12,43,6,GO,0.5115352589374579,1,4.28,1.1831,GO,0.0
5574,Team 03,33,1,GO,0.6017729612434263,1,4.68,2.0756,GO,0.0
5575,Team 16,58,9,GO,0.30455117633797296,0,-2.36,-0.5205,PUNT,0.3565
5576,Team 09,38,8,KICK,0.4812587841214649,0,-1.208,0.8171,KICK,0.0
5577,Team 07,86,2,GO,0.7015142308273599,0,-2.92,0.9243,GO,0.0
5578,Team 09,87,4,GO,0.6132802431683475,1,2.52,0.4085,GO,0.0
5579,Team 11,65,9,PUNT,,,-0.22,-0.22,PUNT,0.0
5580,Team 04,20,14,PUNT,,,0.14,0.14,KICK,2.3111
5581,Team 09,27,11,KICK,0.7464939833376621,0,-1.032,1.9779,KICK,0.0
5582,Team 16,56,13,PUNT,,,-0.148,-0.148,PUNT,0.0
5583,Team 16,78,1,GO,0.7179431443239072,1,2.88,1.2892,GO,0.0
5584,Team 04,44,4,GO,0.4639130714247188,0,-2.08,0.8519,GO,0.0
5585,Team 07,68,10,PUNT,,,-0.244,-0.244,PUNT,0.0
5586,Team 11,28,6,KICK,0.7261149812607792,0,-1.048,1.8913,KICK,0.0
5587,Team 14,52,7,KICK,0.175809597088929,0,-1.432,-0.6528,PUNT,0.5368
5588,Team 10,50,4,GO,0.4075137590184509,1,4.0,0.3266,GO,0.0
5589,Team 13,89,9,PUNT,,,-0.412,-0.412,PUNT,0.0
5590,Team 10,81,8,PUNT,,,-0.348,-0.348,PUNT,0.0
5591,Team 04,57,1,GO,0.6260717063282923,1,3.72,1.454,GO,0.0
5592,Team 13,62,12,PUNT,,,-0.196,-0.196,PUNT,0.0
5593,Team 05,63,2,GO,0.5848647368258585,0,-2.46,1.0141,GO,0.0
5594,Team 08,40,5,KICK,0.42922838810550845,0,-1.24,0.5799,GO,0.439
5595,Team 14,16,4,GO,0.4771743507269338,1,5.36,1.763,KICK,0.8644
5596,Team 12,63,3,GO,0.6695497215555487,1,3.48,1.5171,GO,0.0
5597,Team 06,63,4,GO,0.55285699926031,0,-2.46,0.824,GO,0.0
5598,Team 09,29,6,GO,0.5052802311918284,0,-1.78,1.565,KICK,0.2351
5599,Team 14,20,8,KICK,0.8599650843722273,0,-0.92,2.4511,KICK,0.0
5600,Team 05,23,10,KICK,0.8175744761936437,1,3,2.2761,KICK,0.0
5601,Team 09,11,4,KICK,0.9404756340234984,1,3,2.7752,GO,0.0855
5602,Team 14,40,3,GO,0.532114204592694,1,4.4,1.4055,GO,0.0
5603,Team 12,64,12,PUNT,,,-0.212,-0.212,PUNT,0.0
5604,Team 08,13,4,KICK,0.9275735146384823,1,3,2.7242,KICK,0.0
5605,Team 16,15,4,GO,0.5681437558388193,1,5.4,2.4202,KICK,0.2424
5606,Team 04,29,1,KICK,0.7047456979980911,1,3,1.8001,GO,0.5645
5607,Team 12,86,2,GO,0.7162933940110477,0,-2.92,1.0053,GO,0.0
5608,Team 13,11,8,KICK,0.9404756340234984,1,3,2.7752,KICK,0.0
5609,Team 01,70,13,PUNT,,,-0.26,-0.26,PUNT,0.0
5610,Team 15,26,3,GO,0.5496461081640299,1,4.96,1.9516,KICK,0.108
5611,Team 16,40,8,PUNT,,,-0.02,-0.02,KICK,0.5999
5612,Team 06,85,14,PUNT,,,-0.38,-0.38,PUNT,0.0
5613,Team 04,25,11,KICK,0.7841471891774855,0,-1.0,2.1366,KICK,0.0
5614,Team 09,25,1,GO,0.7541967228490082,1,5.0,3.3531,GO,0.0
5615,Team 16,12,14,KICK,0.9343184948673792,0,-0.792,2.7509,KICK,0.0
5616,Team 10,54,13,PUNT,,,-0.132,-0.132,PUNT,0.0
5617,Team 11,81,6,PUNT,,,-0.348,-0.348,PUNT,0.0
5618,Team 15,81,5,PUNT,,,-0.348,-0.348,PUNT,0.0
5619,Team 06,84,8,PUNT,,,-0.372,-0.372,PUNT,0.0
5620,Team 05,29,7,KICK,0.7047456979980911,1,3,1.8001,KICK,0.0
5621,Team 08,18,9,KICK,0.8833970308388606,0,-0.888,2.5466,KICK,0.0
5622,Team 06,22,2,GO,0.6575107676168527,1,5.12,2.8048,GO,0.0
5623,Team 12,13,10,KICK,0.9275735146384823,1,3,2.7242,KICK,0.0
5624,Team 03,77,7,PUNT,,,-0.316,-0.316,PUNT,0.0
5625,Team 03,16,14,KICK,0.903348789058409,0,-0.856,2.6273,KICK,0.0
5626,Team 03,75,15,PUNT,,,-0.3,-0.3,PUNT,0.0
5627,Team 10,53,8,PUNT,,,-0.124,-0.124,PUNT,0.0
5628,Team 12,16,8,KICK,0.903348789058409,1,3,2.6273,KICK,0.0
5629,Team 10,66,9,GO,0.18629704637845504,0,-2.52,-1.4246,PUNT,1.1966
5630,Team 02,54,12,PUNT,,,-0.132,-0.132,PUNT,0.0
5631,Team 04,24,3,KICK,0.8013892651145572,1,3,2.2087,KICK,0.0
5632,Team 06,23,3,GO,0.6064038791149935,0,-1.66,2.4272,GO,0.0
5633,Team 02,11,11,KICK,0.9404756340234984,1,3,2.7752,KICK,0.0
5634,Team 11,78,10,PUNT,,,-0.324,-0.324,PUNT,0.0
5635,Team 09,22,2,KICK,0.8327160444615168,1,3,2.3389,GO,0.8287
5636,Team 07,15,5,GO,0.5484769739869401,1,5.4,2.2845,KICK,0.3781
5637,Team 10,14,3,GO,0.4615130443401682,0,-1.48,1.7137,KICK,0.9812
5638,Team 16,40,3,GO,0.6211145745754056,0,-2.0,1.9751,GO,0.0
5639,Team 01,43,11,KICK,0.35434369377420466,0,-1.288,0.2314,KICK,0.0
5640,Team 05,83,3,GO,0.5306555509303387,0,-2.86,0.0798,GO,0.0
5641,Team 16,28,1,GO,0.7179431443239072,0,-1.76,3.0071,GO,0.0
5642,Team 03,49,10,PUNT,,,-0.092,-0.092,PUNT,0.0
5643,Team 01,85,13,PUNT,,,-0.38,-0.38,PUNT,0.0
5644,Team 02,43,2,GO,0.6163941829217663,1,4.28,1.8479,GO,0.0
5645,Team 02,89,1,GO,0.6669163928212177,1,2.44,0.6347,GO,0.0
5646,Team 13,12,5,KICK,0.9343184948673792,1,3,2.7509,KICK,0.0
5647,Team 11,33,1,GO,0.5430678179428203,1,4.68,1.6917,GO,0.0
5648,Team 03,24,13,KICK,0.8013892651145572,1,3,2.2087,KICK,0.0
5649,Team 07,25,3,KICK,0.7841471891774855,1,3,2.1366,GO,0.542
5650,Team 11,13,6,KICK,0.9275735146384823,1,3,2.7242,KICK,0.0
5651,Team 02,83,10,PUNT,,,-0.364,-0.364,PUNT,0.0
5652,Team 03,56,14,PUNT,,,-0.148,-0.148,PUNT,0.0
5653,Team 01,35,11,KICK,0.5597136492671929,1,3,1.1684,KICK,0.0
5654,Team 01,18,15,KICK,0.8833970308388606,1,3,2.5466,KICK,0.0
5655,Team 09,48,5,GO,0.5599900585150124,0,-2.16,1.3343,GO,0.0
5656,Team 04,13,6,GO,0.3578750197347471,0,-1.46,1.0237,KICK,1.7005
5657,Team 08,87,1,GO,0.682810727672691,0,-2.94,0.7881,GO,0.0
5658,Team 02,38,8,KICK,0.4812587841214649,1,3,0.8171,KICK,0.0
5659,Team 02,19,3,KICK,0.8721384336809187,1,3,2.5008,KICK,0.0
5660,Team 07,13,11,KICK,0.9275735146384823,1,3,2.7242,KICK,0.0
5661,Team 11,37,4,GO,0.38052964198407724,1,4.52,0.5182,KICK,0.4172
5662,Team 03,48,1,GO,0.6017729612434263,0,-2.16,1.5951,GO,0.0
5663,Team 13,25,6,KICK,0.7841471891774855,1,3,2.1366,KICK,0.0
5664,Team 10,32,14,KICK,0.6352948493228072,1,3,1.5003,KICK,0.0
5665,Team 08,69,11,PUNT,,,-0.252,-0.252,PUNT,0.0
5666,Team 13,75,8,GO,0.4247517878519248,0,-2.7,-0.2789,GO,0.0
5667,Team 16,30,11,KICK,0.6824383021930649,0,-1.08,1.7043,KICK,0.0
5668,Team 15,60,4,GO,0.4948104192229929,1,3.6,0.5689,GO,0.0
5669,Team 12,37,10,KICK,0.5074994375506204,0,-1.192,0.9354,KICK,0.0
5670,Team 05,42,13,PUNT,,,-0.036,-0.036,KICK,0.3819
5671,Team 13,29,13,KICK,0.7047456979980911,1,3,1.8001,KICK,0.0
5672,Team 15,19,6,KICK,0.8721384336809187,1,3,2.5008,KICK,0.0
5673,Team 10,21,5,KICK,0.8468362842349139,1,3,2.3971,KICK,0.0
5674,Team 03,26,12,KICK,0.7658456258197972,0,-1.016,2.0596,KICK,0.0
5675,Team 07,11,13,KICK,0.9404756340234984,1,3,2.7752,KICK,0.0
5676,Team 01,83,7,PUNT,,,-0.364,-0.364,PUNT,0.0
5677,Team 02,79,1,GO,0.6669163928212177,0,-2.78,0.9681,GO,0.0
5678,Team 01,61,9,PUNT,,,-0.188,-0.188,PUNT,0.0
5679,Team 08,43,11,KICK,0.35434369377420466,0,-1.288,0.2314,KICK,0.0
5680,Team 07,82,15,KICK,0.009058068762720846,0,-1.912,-1.8675,PUNT,1.5115
5681,Team 16,17,9,KICK,0.8937850083248244,1,3,2.5887,KICK,0.0
5682,Team 09,42,13,KICK,0.37871640480893237,0,-1.272,0.3459,KICK,0.0
5683,Team 14,33,9,KICK,0.610639233949222,1,3,1.3927,KICK,0.0
5684,Team 14,37,11,KICK,0.5074994375506204,0,-1.192,0.9354,KICK,0.0
5685,Team 08,11,1,KICK,0.9404756340234984,1,3,2.7752,GO,0.5708
5686,Team 04,89,9,PUNT,,,-0.412,-0.412,PUNT,0.0
5687,Team 12,49,8,PUNT,,,-0.092,-0.092,GO,0.4174
5688,Team 09,68,12,PUNT,,,-0.244,-0.244,PUNT,0.0
5689,Team 07,90,11,PUNT,,,-0.42,-0.42,PUNT,0.0
5690,Team 04,73,6,GO,0.3578750197347471,0,-2.66,-0.6058,PUNT,0.3218
5691,Team 04,11,7,KICK,0.9404756340234984,1,3,2.7752,KICK,0.0
5692,Team 09,45,5,GO,0.5599900585150124,1,4.2,1.4279,GO,0.0
5693,Team 08,56,8,PUNT,,,-0.148,-0.148,PUNT,0.0
5694,Team 12,68,2,PUNT,,,-0.244,-0.244,GO,1.8672
5695,Team 10,56,7,KICK,0.12292695083285751,0,-1.496,-0.9433,PUNT,0.7953
5696,Team 04,89,10,PUNT,,,-0.412,-0.412,PUNT,0.0
5697,Team 15,67,10,PUNT,,,-0.236,-0.236,PUNT,0.0
5698,Team 08,46,12,PUNT,,,-0.068,-0.068,PUNT,0.0
5699,Team 15,39,1,GO,0.6545818519692127,0,-1.98,2.2224,GO,0.0
5700,Team 06,42,9,KICK,0.37871640480893237,0,-1.272,0.3459,KICK,0.0
5701,Team 12,41,7,GO,0.4566464446563816,0,-2.02,0.8934,GO,0.0
5702,Team 04,15,2,KICK,0.9121360851706988,1,3,2.6626,KICK,0.0
5703,Team 14,79,12,PUNT,,,-0.332,-0.332,PUNT,0.0
5704,Team 07,51,12,PUNT,,,-0.108,-0.108,PUNT,0.0
5705,Team 03,37,7,PUNT,,,0.004,0.004,KICK,0.9314
5706,Team 04,74,12,PUNT,,,-0.292,-0.292,PUNT,0.0
5707,Team 08,23,5,GO,0.4717100045295637,1,5.08,1.5193,KICK,0.7568
5708,Team 07,25,1,GO,0.7454553407611428,0,-1.7,3.2946,GO,0.0
5709,Team 01,64,14,PUNT,,,-0.212,-0.212,PUNT,0.0
5710,Team 15,76,6,GO,0.386805767152458,1,2.96,-0.5229,PUNT,0.2149
5711,Team 06,72,7,GO,0.3898889396292549,1,3.12,-0.3942,PUNT,0.1182
5712,Team 01,42,12,KICK,0.37871640480893237,0,-1.272,0.3459,KICK,0.0
5713,Team 03,42,11,PUNT,,,-0.036,-0.036,KICK,0.3819
5714,Team 14,58,13,PUNT,,,-0.164,-0.164,PUNT,0.0
5715,Team 03,10,9,KICK,0.9460888925720083,1,3,2.7973,KICK,0.0
5716,Team 11,50,9,GO,0.16976399799278502,0,-2.2,-1.1475,PUNT,1.0475
5717,Team 16,48,13,KICK,0.24508501313237172,1,3,-0.2975,PUNT,0.2135
5718,Team 14,68,10,PUNT,,,-0.244,-0.244,PUNT,0.0
5719,Team 07,31,4,GO,0.6021709365103962,0,-1.82,2.1423,GO,0.0
5720,Team 16,27,11,KICK,0.7464939833376621,1,3,1.9779,KICK,0.0
5721,Team 04,25,6,KICK,0.7841471891774855,1,3,2.1366,KICK,0.0
5722,Team 04,21,4,KICK,0.8468362842349139,0,-0.936,2.3971,KICK,0.0
5723,Team 13,87,4,GO,0.6403084946867348,0,-2.94,0.5561,GO,0.0
5724,Team 13,30,15,KICK,0.6824383021930649,0,-1.08,1.7043,KICK,0.0
5725,Team 08,62,5,GO,0.4717100045295637,0,-2.44,0.3714,GO,0.0
5726,Team 03,81,3,GO,0.4932149019395633,1,2.76,-0.0679,GO,0.0
5727,Team 05,78,15,PUNT,,,-0.324,-0.324,PUNT,0.0
5728,Team 11,63,3,GO,0.4335698705359307,1,3.48,0.1154,GO,0.0
5729,Team 05,62,12,KICK,0.06946090590056407,0,-1.592,-1.273,PUNT,1.077
5730,Team 09,18,5,GO,0.5599900585150124,1,5.28,2.2703,KICK,0.2763
5731,Team 13,87,1,GO,0.7749896631651041,1,2.52,1.2914,GO,0.0
5732,Team 05,56,2,GO,0.5848647368258585,1,3.76,1.236,GO,0.0
5733,Team 04,58,5,GO,0.4098467016511046,1,3.68,0.1155,GO,0.0
5734,Team 05,14,13,KICK,0.9201950407592125,1,3,2.6948,KICK,0.0
5735,Team 08,50,6,GO,0.41744252810344173,0,-2.2,0.3881,GO,0.0
5736,Team 11,83,4,PUNT,,,-0.364,-0.364,PUNT,0.0
5737,Team 16,11,11,KICK,0.9404756340234984,1,3,2.7752,KICK,0.0
5738,Team 01,58,7,PUNT,,,-0.164,-0.164,GO,0.0221
5739,Team 06,39,4,GO,0.55285699926031,1,4.44,1.5693,GO,0.0
5740,Team 12,32,9,GO,0.35118128519705183,1,4.72,0.4637,KICK,1.0366
5741,Team 14,31,1,GO,0.6384478943768523,1,4.76,2.381,GO,0.0
5742,Team 07,85,11,PUNT,,,-0.38,-0.38,PUNT,0.0
5743,Team 09,60,14,PUNT,,,-0.18,-0.18,PUNT,0.0
5744,Team 02,23,12,KICK,0.8175744761936437,1,3,2.2761,KICK,0.0
5745,Team 12,69,11,GO,0.2584863321099704,0,-2.58,-1.0756,PUNT,0.8236
5746,Team 03,21,5,KICK,0.8468362842349139,0,-0.936,2.3971,KICK,0.0
5747,Team 15,31,11,KICK,0.6592603884513855,1,3,1.6043,KICK,0.0
5748,Team 02,63,9,GO,0.2562161887145722,0,-2.46,-0.9381,PUNT,0.7341
5749,Team 16,85,5,GO,0.5135670971823116,0,-2.9,-0.0754,GO,0.0
5750,Team 06,26,7,KICK,0.7658456258197972,1,3,2.0596,KICK,0.0
5751,Team 16,38,6,GO,0.45866498212655793,1,4.48,0.9938,GO,0.0
5752,Team 09,59,10,PUNT,,,-0.172,-0.172,PUNT,0.0
5753,Team 01,30,12,KICK,0.6824383021930649,1,3,1.7043,KICK,0.0
5754,Team 09,59,6,GO,0.5052802311918284,0,-2.38,0.6618,GO,0.0
5755,Team 11,20,3,KICK,0.8599650843722273,1,3,2.4511,KICK,0.0
5756,Team 12,76,3,GO,0.6695497215555487,1,2.96,1.083,GO,0.0
5757,Team 01,11,7,KICK,0.9404756340234984,1,3,2.7752,KICK,0.0
5758,Team 02,23,8,KICK,0.8175744761936437,1,3,2.2761,KICK,0.0
5759,Team 07,80,9,PUNT,,,-0.34,-0.34,PUNT,0.0
5760,Team 01,35,13,KICK,0.5597136492671929,1,3,1.1684,KICK,0.0
5761,Team 16,83,9,PUNT,,,-0.364,-0.364,PUNT,0.0
5762,Team 10,47,5,GO,0.35565962521942324,1,4.12,0.0864,GO,0.0
5763,Team 10,10,4,KICK,0.9460888925720083,1,3,2.7973,KICK,0.0
5764,Team 14,13,12,KICK,0.9275735146384823,1,3,2.7242,KICK,0.0
5765,Team 02,12,3,KICK,0.9343184948673792,1,3,2.7509,KICK,0.0
5766,Team 01,71,7,GO,0.3672271904706913,1,3.16,-0.4974,PUNT,0.2294
5767,Team 10,89,11,PUNT,,,-0.412,-0.412,PUNT,0.0
5768,Team 16,72,12,PUNT,,,-0.276,-0.276,PUNT,0.0
5769,Team 09,60,15,PUNT,,,-0.18,-0.18,PUNT,0.0
5770,Team 01,20,13,KICK,0.8599650843722273,1,3,2.4511,KICK,0.0
5771,Team 11,16,12,KICK,0.903348789058409,1,3,2.6273,KICK,0.0
5772,Team 06,16,2,KICK,0.903348789058409,1,3,2.6273,GO,0.3764
5773,Team 01,52,8,KICK,0.175809597088929,0,-1.432,-0.6528,PUNT,0.5368
5774,Team 02,62,7,PUNT,,,-0.196,-0.196,PUNT,0.0
5775,Team 14,71,12,PUNT,,,-0.268,-0.268,PUNT,0.0
5776,Team 14,31,13,KICK,0.6592603884513855,0,-1.096,1.6043,KICK,0.0
5777,Team 09,74,10,PUNT,,,-0.292,-0.292,PUNT,0.0
5778,Team 07,27,12,KICK,0.7464939833376621,0,-1.032,1.9779,KICK,0.0
5779,Team 02,89,2,GO,0.6163941829217663,1,2.44,0.3609,GO,0.0
5780,Team 10,43,9,GO,0.18629704637845504,1,4.28,-0.8789,KICK,1.1103
5781,Team 12,83,5,PUNT,,,-0.364,-0.364,GO,0.6405
5782,Team 15,19,11,KICK,0.8721384336809187,1,3,2.5008,KICK,0.0
5783,Team 12,62,6,GO,0.5115352589374579,1,3.52,0.6088,GO,0.0
5784,Team 01,45,11,KICK,0.3078904956982119,0,-1.32,0.0101,KICK,0.0
5785,Team 02,12,10,KICK,0.9343184948673792,1,3,2.7509,KICK,0.0
5786,Team 08,22,2,GO,0.6333740470762804,0,-1.64,2.6416,GO,0.0
5787,Team 03,43,12,PUNT,,,-0.044,-0.044,KICK,0.2754
5788,Team 01,80,14,PUNT,,,-0.34,-0.34,PUNT,0.0
5789,Team 15,86,2,GO,0.6033015971633345,1,2.56,0.3861,GO,0.0
5790,Team 12,23,4,GO,0.6191988694215159,1,5.08,2.5134,GO,0.0
5791,Team 14,87,2,GO,0.5862862634331419,0,-2.94,0.2611,GO,0.0
5792,Team 12,35,15,KICK,0.5597136492671929,1,3,1.1684,KICK,0.0
5793,Team 02,63,4,GO,0.5085669512394625,1,3.48,0.5609,GO,0.0
5794,Team 09,87,14,PUNT,,,-0.396,-0.396,PUNT,0.0
5795,Team 10,81,3,GO,0.4615130443401682,0,-2.82,-0.2448,GO,0.0
5796,Team 04,75,14,PUNT,,,-0.3,-0.3,PUNT,0.0
5797,Team 08,64,13,PUNT,,,-0.212,-0.212,PUNT,0.0
5798,Team 10,27,8,KICK,0.7464939833376621,1,3,1.9779,KICK,0.0
5799,Team 07,67,13,PUNT,,,-0.236,-0.236,PUNT,0.0
5800,Team 13,72,9,PUNT,,,-0.276,-0.276,PUNT,0.0
5801,Team 10,38,15,KICK,0.4812587841214649,0,-1.208,0.8171,KICK,0.0
5802,Team 12,63,14,PUNT,,,-0.204,-0.204,PUNT,0.0
5803,Team 14,60,2,GO,0.5862862634331419,1,3.6,1.1177,GO,0.0
5804,Team 16,90,1,GO,0.7179431443239072,1,2.4,0.8769,GO,0.0
5805,Team 08,67,10,PUNT,,,-0.236,-0.236,PUNT,0.0
5806,Team 03,32,11,KICK,0.6352948493228072,0,-1.112,1.5003,KICK,0.0
5807,Team 09,60,11,GO,0.25371834854844727,0,-2.4,-0.8777,PUNT,0.6977
5808,Team 05,21,1,GO,0.6370946554825867,0,-1.62,2.6995,GO,0.0
5809,Team 09,90,12,PUNT,,,-0.42,-0.42,PUNT,0.0
5810,Team 16,44,4,GO,0.5681437558388193,1,4.24,1.5107,GO,0.0
5811,Team 02,52,4,KICK,0.175809597088929,0,-1.432,-0.6528,GO,1.5456
5812,Team 03,51,14,KICK,0.19154534856146757,0,-1.416,-0.5701,PUNT,0.4621
5813,Team 12,35,3,GO,0.6695497215555487,0,-1.9,2.4521,GO,0.0
5814,Team 07,21,8,GO,0.3856863695078365,0,-1.62,0.995,KICK,1.4022
5815,Team 05,49,7,PUNT,,,-0.092,-0.092,PUNT,0.0
5816,Team 14,71,13,PUNT,,,-0.268,-0.268,PUNT,0.0
5817,Team 08,69,3,GO,0.5809608534948784,1,3.24,0.8012,GO,0.0
5818,Team 05,81,11,PUNT,,,-0.348,-0.348,PUNT,0.0
5819,Team 01,24,7,KICK,0.8013892651145572,1,3,2.2087,KICK,0.0
5820,Team 11,27,14,KICK,0.7464939833376621,0,-1.032,1.9779,KICK,0.0
5821,Team 12,43,10,KICK,0.35434369377420466,0,-1.288,0.2314,KICK,0.0
5822,Team 14,52,9,PUNT,,,-0.116,-0.116,PUNT,0.0
5823,Team 09,12,9,KICK,0.9343184948673792,1,3,2.7509,KICK,0.0
5824,Team 10,12,2,GO,0.5164308431129125,0,-1.44,2.1544,KICK,0.5966
5825,Team 14,77,12,PUNT,,,-0.316,-0.316,PUNT,0.0
5826,Team 03,80,15,PUNT,,,-0.34,-0.34,PUNT,0.0
5827,Team 11,16,10,KICK,0.903348789058409,1,3,2.6273,KICK,0.0
5828,Team 15,83,1,GO,0.6545818519692127,1,2.68,0.7664,GO,0.0
5829,Team 05,84,3,GO,0.5306555509303387,1,2.64,0.0492,GO,0.0
5830,Team 02,40,5,KICK,0.42922838810550845,0,-1.24,0.5799,GO,0.3238
5831,Team 09,41,1,GO,0.7541967228490082,1,4.36,2.7918,GO,0.0
5832,Team 08,74,12,GO,0.1606660103871182,0,-2.68,-1.761,PUNT,1.469
5833,Team 15,24,13,KICK,0.8013892651145572,1,3,2.2087,KICK,0.0
5834,Team 11,30,6,KICK,0.6824383021930649,0,-1.08,1.7043,KICK,0.0
5835,Team 09,18,2,GO,0.7111799598144781,1,5.28,3.3045,GO,0.0
5836,Team 13,87,5,GO,0.5882421741646358,1,2.52,0.2718,GO,0.0
5837,Team 03,14,13,KICK,0.9201950407592125,1,3,2.6948,KICK,0.0
5838,Team 08,24,6,GO,0.41744252810344173,0,-1.68,1.1252,KICK,1.0835
5839,Team 09,22,1,KICK,0.8327160444615168,0,-0.952,2.3389,GO,1.1195
5840,Team 14,58,13,PUNT,,,-0.164,-0.164,PUNT,0.0
5841,Team 08,89,5,PUNT,,,-0.412,-0.412,PUNT,0.0
5842,Team 07,62,12,PUNT,,,-0.196,-0.196,PUNT,0.0
5843,Team 07,27,12,KICK,0.7464939833376621,0,-1.032,1.9779,KICK,0.0
5844,Team 03,65,3,GO,0.4932149019395633,0,-2.5,0.41,GO,0.0
5845,Team 06,30,3,GO,0.6064038791149935,0,-1.8,2.2023,GO,0.0
5846,Team 03,55,1,GO,0.6017729612434263,0,-2.3,1.3708,GO,0.0
5847,Team 13,34,14,KICK,0.5854045691294653,1,3,1.2819,KICK,0.0
5848,Team 06,57,13,PUNT,,,-0.156,-0.156,PUNT,0.0
5849,Team 15,12,12,KICK,0.9343184948673792,1,3,2.7509,KICK,0.0
5850,Team 02,76,10,PUNT,,,-0.308,-0.308,PUNT,0.0
5851,Team 15,67,7,PUNT,,,-0.236,-0.236,PUNT,0.0
5852,Team 07,80,12,PUNT,,,-0.34,-0.34,PUNT,0.0
5853,Team 01,46,3,GO,0.583186768451493,1,4.16,1.5424,GO,0.0
5854,Team 02,90,1,GO,0.6669163928212177,0,-3.0,0.6013,GO,0.0
5855,Team 11,59,6,PUNT,,,-0.172,-0.172,PUNT,0.0
5856,Team 12,70,11,PUNT,,,-0.26,-0.26,PUNT,0.0
5857,Team 03,79,13,PUNT,,,-0.332,-0.332,PUNT,0.0
5858,Team 05,27,6,PUNT,,,0.084,0.084,KICK,1.8939
5859,Team 01,52,1,GO,0.6847891621792315,0,-2.24,1.9783,GO,0.0
5860,Team 04,31,7,KICK,0.6592603884513855,1,3,1.6043,KICK,0.0
5861,Team 06,21,4,GO,0.55285699926031,0,-1.62,2.1284,KICK,0.2688
5862,Team 07,79,13,PUNT,,,-0.332,-0.332,PUNT,0.0
5863,Team 01,49,14,PUNT,,,-0.092,-0.092,PUNT,0.0
5864,Team 05,48,5,PUNT,,,-0.084,-0.084,GO,0.5532
5865,Team 05,77,8,GO,0.2734429893849809,0,-2.74,-1.1923,PUNT,0.8763
5866,Team 01,79,9,PUNT,,,-0.332,-0.332,PUNT,0.0
5867,Team 04,33,6,KICK,0.610639233949222,1,3,1.3927,KICK,0.0
5868,Team 16,66,2,GO,0.6713465706923882,1,3.36,1.4275,GO,0.0
5869,Team 13,68,4,PUNT,,,-0.244,-0.244,GO,1.4234
5870,Team 06,57,1,GO,0.7052076153533808,1,3.72,1.9336,GO,0.0
5871,Team 13,78,12,PUNT,,,-0.324,-0.324,PUNT,0.0
5872,Team 08,76,13,PUNT,,,-0.308,-0.308,PUNT,0.0
5873,Team 04,59,13,PUNT,,,-0.172,-0.172,PUNT,0.0
5874,Team 02,82,15,PUNT,,,-0.356,-0.356,PUNT,0.0
5875,Team 07,82,11,PUNT,,,-0.356,-0.356,PUNT,0.0
5876,Team 07,18,6,KICK,0.8833970308388606,1,3,2.5466,KICK,0.0
5877,Team 15,72,7,PUNT,,,-0.276,-0.276,PUNT,0.0
5878,Team 09,60,10,PUNT,,,-0.18,-0.18,PUNT,0.0
5879,Team 05,54,14,KICK,0.14741766105380757,0,-1.464,-0.8059,PUNT,0.6739
5880,Team 14,57,6,PUNT,,,-0.156,-0.156,GO,0.0594
5881,Team 08,49,9,GO,0.27026451250767497,0,-2.18,-0.499,PUNT,0.407
5882,Team 12,25,10,KICK,0.7841471891774855,1,3,2.1366,KICK,0.0
5883,Team 16,73,14,PUNT,,,-0.284,-0.284,PUNT,0.0
5884,Team 07,80,7,GO,0.4389360721152808,1,2.8,-0.342,PUNT,0.002
5885,Team 16,87,15,PUNT,,,-0.396,-0.396,PUNT,0.0
5886,Team 06,38,6,KICK,0.4812587841214649,0,-1.208,0.8171,GO,0.0777
5887,Team 15,79,11,PUNT,,,-0.332,-0.332,PUNT,0.0
5888,Team 13,44,10,PUNT,,,-0.052,-0.052,KICK,0.1714
5889,Team 01,41,15,PUNT,,,-0.028,-0.028,KICK,0.4902
5890,Team 01,55,8,GO,0.3177501098281303,0,-2.3,-0.3617,PUNT,0.2217
5891,Team 11,60,2,GO,0.48817701060294577,0,-2.4,0.5291,GO,0.0
5892,Team 10,10,2,GO,0.5164308431129125,0,-1.4,2.215,KICK,0.5823
5893,Team 07,45,13,PUNT,,,-0.06,-0.06,KICK,0.0701
5894,Team 02,58,7,PUNT,,,-0.164,-0.164,PUNT,0.0
5895,Team 06,12,7,KICK,0.9343184948673792,1,3,2.7509,KICK,0.0
5896,Team 10,49,8,PUNT,,,-0.092,-0.092,PUNT,0.0
5897,Team 15,86,15,PUNT,,,-0.388,-0.388,PUNT,0.0
5898,Team 02,10,6,KICK,0.9460888925720083,1,3,2.7973,KICK,0.0
5899,Team 11,60,13,PUNT,,,-0.18,-0.18,PUNT,0.0
5900,Team 01,15,9,KICK,0.9121360851706988,1,3,2.6626,KICK,0.0
5901,Team 03,44,2,GO,0.5480655976092276,1,4.24,1.3838,GO,0.0
5902,Team 02,46,15,KICK,0.2859777732226985,0,-1.336,-0.096,PUNT,0.028
5903,Team 03,52,5,GO,0.38529290273260947,0,-2.24,0.1334,GO,0.0
5904,Team 04,79,6,PUNT,,,-0.332,-0.332,PUNT,0.0
5905,Team 15,54,8,KICK,0.14741766105380757,1,3,-0.8059,PUNT,0.6739
5906,Team 10,14,4,KICK,0.9201950407592125,1,3,2.6948,KICK,0.0
5907,Team 12,21,4,KICK,0.8468362842349139,1,3,2.3971,GO,0.181
5908,Team 16,15,12,KICK,0.9121360851706988,1,3,2.6626,KICK,0.0
5909,Team 04,23,2,GO,0.5733178358600778,0,-1.66,2.2042,KICK,0.072
5910,Team 04,48,15,KICK,0.24508501313237172,0,-1.368,-0.2975,PUNT,0.2135
5911,Team 14,68,13,PUNT,,,-0.244,-0.244,PUNT,0.0
5912,Team 05,53,5,GO,0.42135247739455595,1,3.88,0.3271,GO,0.0
5913,Team 13,77,3,PUNT,,,-0.316,-0.316,GO,1.4773
5914,Team 14,67,9,PUNT,,,-0.236,-0.236,PUNT,0.0
5915,Team 12,90,1,GO,0.7588068543713931,1,2.4,1.0976,GO,0.0
5916,Team 11,13,1,KICK,0.9275735146384823,1,3,2.7242,KICK,0.0
5917,Team 10,84,14,PUNT,,,-0.372,-0.372,PUNT,0.0
5918,Team 15,52,13,KICK,0.175809597088929,0,-1.432,-0.6528,PUNT,0.5368
5919,Team 10,62,3,GO,0.4615130443401682,0,-2.44,0.3106,GO,0.0
5920,Team 09,63,13,PUNT,,,-0.204,-0.204,PUNT,0.0
5921,Team 16,24,15,KICK,0.8013892651145572,1,3,2.2087,KICK,0.0
5922,Team 04,28,6,KICK,0.7261149812607792,0,-1.048,1.8913,KICK,0.0
5923,Team 01,32,5,PUNT,,,0.044,0.044,KICK,1.4563
5924,Team 01,62,12,GO,0.16190377509342493,0,-2.44,-1.4751,PUNT,1.2791
5925,Team 11,25,3,KICK,0.7841471891774855,1,3,2.1366,KICK,0.0
5926,Team 10,12,15,KICK,0.9343184948673792,1,3,2.7509,KICK,0.0
5927,Team 14,53,15,PUNT,,,-0.124,-0.124,PUNT,0.0
5928,Team 15,36,15,KICK,0.533698835432901,0,-1.176,1.0527,KICK,0.0
5929,Team 11,20,2,KICK,0.8599650843722273,1,3,2.4511,KICK,0.0
5930,Team 05,67,14,PUNT,,,-0.236,-0.236,PUNT,0.0
5931,Team 10,67,9,PUNT,,,-0.236,-0.236,PUNT,0.0
5932,Team 04,38,4,GO,0.4639130714247188,1,4.48,1.0276,GO,0.0
5933,Team 04,46,12,KICK,0.2859777732226985,0,-1.336,-0.096,PUNT,0.028
5934,Team 15,39,12,KICK,0.45512110762641994,0,-1.224,0.6984,KICK,0.0
5935,Team 15,14,15,KICK,0.9201950407592125,1,3,2.6948,KICK,0.0
5936,Team 05,87,8,PUNT,,,-0.396,-0.396,PUNT,0.0
5937,Team 10,63,8,PUNT,,,-0.204,-0.204,PUNT,0.0
5938,Team 11,51,15,GO,0.05179383749489911,0,-2.22,-1.8999,PUNT,1.7919
5939,Team 01,47,6,GO,0.41966938533727444,0,-2.14,0.4871,GO,0.0
5940,Team 11,54,11,PUNT,,,-0.132,-0.132,PUNT,0.0
5941,Team 08,54,9,GO,0.27026451250767497,1,3.84,-0.626,PUNT,0.494
5942,Team 16,11,8,KICK,0.9404756340234984,1,3,2.7752,KICK,0.0
5943,Team 04,60,7,PUNT,,,-0.18,-0.18,PUNT,0.0
5944,Team 11,35,4,KICK,0.5597136492671929,0,-1.16,1.1684,KICK,0.0
5945,Team 06,50,15,PUNT,,,-0.1,-0.1,PUNT,0.0
5946,Team 10,18,4,GO,0.4075137590184509,1,5.28,1.2274,KICK,1.3193
5947,Team 14,25,2,KICK,0.7841471891774855,1,3,2.1366,GO,0.0915
5948,Team 06,18,10,KICK,0.8833970308388606,1,3,2.5466,KICK,0.0
5949,Team 14,79,11,PUNT,,,-0.332,-0.332,PUNT,0.0
5950,Team 02,52,5,GO,0.4537008049433731,0,-2.24,0.5548,GO,0.0
5951,Team 06,42,2,GO,0.6575107676168527,0,-2.04,2.1418,GO,0.0
5952,Team 06,12,15,KICK,0.9343184948673792,1,3,2.7509,KICK,0.0
5953,Team 13,38,7,GO,0.4791878692587739,1,4.48,1.126,GO,0.0
5954,Team 13,82,9,PUNT,,,-0.356,-0.356,PUNT,0.0
5955,Team 12,20,14,KICK,0.8599650843722273,1,3,2.4511,KICK,0.0
5956,Team 10,28,12,KICK,0.7261149812607792,1,3,1.8913,KICK,0.0
5957,Team 01,81,7,GO,0.3672271904706913,1,2.76,-0.7709,PUNT,0.4229
5958,Team 09,80,14,GO,0.1494554685954466,0,-2.8,-1.963,PUNT,1.623
5959,Team 14,15,4,GO,0.4771743507269338,0,-1.5,1.7925,KICK,0.8701
5960,Team 05,41,4,GO,0.47571317758111337,1,4.36,1.0151,GO,0.0
5961,Team 15,37,11,KICK,0.5074994375506204,0,-1.192,0.9354,KICK,0.0
5962,Team 16,55,4,GO,0.5681437558388193,1,3.8,1.1657,GO,0.0
5963,Team 06,19,2,KICK,0.8721384336809187,1,3,2.5008,GO,0.4034
5964,Team 16,76,12,PUNT,,,-0.308,-0.308,PUNT,0.0
5965,Team 15,11,11,KICK,0.9404756340234984,1,3,2.7752,KICK,0.0
5966,Team 08,53,7,GO,0.3651035350617658,0,-2.26,-0.0183,GO,0.0
5967,Team 15,48,15,KICK,0.24508501313237172,0,-1.368,-0.2975,PUNT,0.2135
5968,Team 04,80,2,GO,0.5733178358600778,1,2.8,0.4106,GO,0.0
5969,Team 08,47,5,GO,0.4717100045295637,0,-2.14,0.8129,GO,0.0
5970,Team 13,73,3,GO,0.6892688541839076,0,-2.66,1.2964,GO,0.0
5971,Team 06,53,4,GO,0.55285699926031,0,-2.26,1.1345,GO,0.0
5972,Team 14,43,14,KICK,0.35434369377420466,1,3,0.2314,KICK,0.0
5973,Team 03,60,5,GO,0.38529290273260947,1,3.6,-0.0882,GO,0.0
5974,Team 05,13,1,GO,0.6370946554825867,1,5.48,2.9614,GO,0.0
5975,Team 12,42,12,KICK,0.37871640480893237,1,3,0.3459,KICK,0.0
5976,Team 16,14,3,GO,0.6211145745754056,0,-1.48,2.8181,GO,0.0
5977,Team 15,30,10,KICK,0.6824383021930649,0,-1.08,1.7043,KICK,0.0
5978,Team 13,35,10,GO,0.3222836779454518,0,-1.9,0.1948,KICK,0.9736
5979,Team 07,12,11,KICK,0.9343184948673792,1,3,2.7509,KICK,0.0
5980,Team 05,58,8,PUNT,,,-0.164,-0.164,PUNT,0.0
5981,Team 10,36,3,KICK,0.533698835432901,1,3,1.0527,GO,0.0179
5982,Team 07,87,15,PUNT,,,-0.396,-0.396,PUNT,0.0
5983,Team 10,69,5,GO,0.35565962521942324,0,-2.58,-0.5101,PUNT,0.2581
5984,Team 06,77,11,GO,0.2095269689848933,0,-2.74,-1.5541,PUNT,1.2381
5985,Team 02,76,13,KICK,0.016873391437354078,0,-1.816,-1.7347,PUNT,1.4267
5986,Team 05,89,3,PUNT,,,-0.412,-0.412,GO,0.3082
5987,Team 03,23,14,KICK,0.8175744761936437,1,3,2.2761,KICK,0.0
5988,Team 10,87,14,PUNT,,,-0.396,-0.396,PUNT,0.0
5989,Team 03,33,13,PUNT,,,0.036,0.036,KICK,1.3567
5990,Team 14,79,7,PUNT,,,-0.332,-0.332,PUNT,0.0
5991,Team 14,76,12,PUNT,,,-0.308,-0.308,PUNT,0.0
5992,Team 06,24,8,KICK,0.8013892651145572,1,3,2.2087,KICK,0.0
5993,Team 09,18,2,GO,0.7111799598144781,1,5.28,3.3045,GO,0.0
5994,Team 07,60,3,GO,0.6535134081523024,0,-2.4,1.5211,GO,0.0
5995,Team 08,51,12,PUNT,,,-0.108,-0.108,PUNT,0.0
5996,Team 12,24,2,GO,0.7162933940110477,1,5.04,3.1335,GO,0.0
5997,Team 16,75,10,GO,0.26004815453768654,0,-2.7,-1.2177,PUNT,0.9177
5998,Team 07,55,7,GO,0.4389360721152808,1,3.8,0.3775,GO,0.0
5999,Team 12,32,9,KICK,0.6352948493228072,1,3,1.5003,KICK,0.0
6000,Team 11,11,2,GO,0.48817701060294577,0,-1.42,1.9875,KICK,0.7878
6001,Team 08,69,2,GO,0.6333740470762804,0,-2.58,1.1062,GO,0.0
6002,Team 15,57,9,KICK,0.11204703855699037,0,-1.512,-1.0064,PUNT,0.8504
6003,Team 02,47,2,GO,0.6163941829217663,1,4.12,1.7186,GO,0.0
6004,Team 01,43,2,GO,0.6354962284153843,1,4.28,1.969,GO,0.0
6005,Team 14,78,10,PUNT,,,-0.324,-0.324,PUNT,0.0
6006,Team 15,82,9,PUNT,,,-0.356,-0.356,PUNT,0.0
6007,Team 06,61,13,PUNT,,,-0.188,-0.188,PUNT,0.0
6008,Team 03,80,4,GO,0.4385270604912484,0,-2.8,-0.3442,PUNT,0.0042
6009,Team 06,74,8,PUNT,,,-0.292,-0.292,PUNT,0.0
6010,Team 05,12,7,KICK,0.9343184948673792,1,3,2.7509,KICK,0.0
6011,Team 07,75,1,GO,0.7454553407611428,0,-2.7,1.5491,GO,0.0
6012,Team 09,22,12,KICK,0.8327160444615168,1,3,2.3389,KICK,0.0
6013,Team 02,62,3,GO,0.563227497954577,1,3.52,0.9168,GO,0.0
6014,Team 09,57,15,PUNT,,,-0.156,-0.156,PUNT,0.0
6015,Team 15,65,15,PUNT,,,-0.22,-0.22,PUNT,0.0
6016,Team 08,81,13,PUNT,,,-0.348,-0.348,PUNT,0.0
6017,Team 08,55,10,KICK,0.13470305195202817,0,-1.48,-0.8765,PUNT,0.7365
6018,Team 03,13,11,KICK,0.9275735146384823,1,3,2.7242,KICK,0.0
6019,Team 11,88,11,PUNT,,,-0.404,-0.404,PUNT,0.0
6020,Team 10,73,2,PUNT,,,-0.284,-0.284,GO,0.5883
6021,Team 10,56,1,GO,0.570954621992401,1,3.76,1.1514,GO,0.0
6022,Team 01,52,5,GO,0.4739908119572121,1,3.92,0.6798,GO,0.0
6023,Team 12,35,12,KICK,0.5597136492671929,1,3,1.1684,KICK,0.0
6024,Team 02,43,15,KICK,0.35434369377420466,0,-1.288,0.2314,KICK,0.0
6025,Team 13,66,3,GO,0.6892688541839076,1,3.36,1.5329,GO,0.0
6026,Team 13,65,9,GO,0.3720816900525986,1,3.4,-0.3047,PUNT,0.0847
6027,Team 04,66,7,PUNT,,,-0.228,-0.228,PUNT,0.0
6028,Team 14,60,14,PUNT,,,-0.18,-0.18,PUNT,0.0
6029,Team 12,81,13,KICK,0.010050813883473765,0,-1.896,-1.8468,PUNT,1.4988
6030,Team 08,60,7,GO,0.3651035350617658,1,3.6,-0.2094,PUNT,0.0294
6031,Team 03,31,7,KICK,0.6592603884513855,0,-1.096,1.6043,KICK,0.0
6032,Team 08,34,8,KICK,0.5854045691294653,1,3,1.2819,KICK,0.0
6033,Team 16,74,15,PUNT,,,-0.292,-0.292,PUNT,0.0
6034,Team 05,10,13,KICK,0.9460888925720083,1,3,2.7973,KICK,0.0
6035,Team 05,18,11,KICK,0.8833970308388606,1,3,2.5466,KICK,0.0
6036,Team 10,24,1,GO,0.570954621992401,1,5.04,2.1568,KICK,0.0519
6037,Team 10,85,6,PUNT,,,-0.38,-0.38,PUNT,0.0
6038,Team 12,22,11,KICK,0.8327160444615168,1,3,2.3389,KICK,0.0
6039,Team 03,42,9,PUNT,,,-0.036,-0.036,KICK,0.3819
6040,Team 02,86,14,PUNT,,,-0.388,-0.388,PUNT,0.0
6041,Team 04,42,4,KICK,0.37871640480893237,0,-1.272,0.3459,GO,0.5646
6042,Team 14,83,11,PUNT,,,-0.364,-0.364,PUNT,0.0
6043,Team 01,85,12,PUNT,,,-0.38,-0.38,PUNT,0.0
6044,Team 15,35,13,KICK,0.5597136492671929,0,-1.16,1.1684,KICK,0.0
6045,Team 02,14,3,KICK,0.9201950407592125,1,3,2.6948,KICK,0.0
6046,Team 06,82,6,GO,0.4433001665920852,0,-2.84,-0.3753,PUNT,0.0193
6047,Team 14,35,8,PUNT,,,0.02,0.02,KICK,1.1484
6048,Team 11,73,12,PUNT,,,-0.284,-0.284,PUNT,0.0
6049,Team 02,74,11,PUNT,,,-0.292,-0.292,PUNT,0.0
6050,Team 12,44,7,KICK,0.33070459722255413,0,-1.304,0.1194,GO,0.6867
6051,Team 01,29,1,KICK,0.7047456979980911,1,3,1.8001,GO,0.9532
6052,Team 11,41,14,PUNT,,,-0.028,-0.028,KICK,0.4902
6053,Team 14,79,14,PUNT,,,-0.332,-0.332,PUNT,0.0
6054,Team 06,28,11,KICK,0.7261149812607792,1,3,1.8913,KICK,0.0
6055,Team 14,18,9,KICK,0.8833970308388606,1,3,2.5466,KICK,0.0
6056,Team 07,38,3,GO,0.6535134081523024,1,4.48,2.2486,GO,0.0
6057,Team 04,38,2,GO,0.5733178358600778,1,4.48,1.7322,GO,0.0
6058,Team 13,87,7,GO,0.4791878692587739,0,-2.94,-0.3236,GO,0.0
6059,Team 04,20,2,KICK,0.8599650843722273,1,3,2.4511,KICK,0.0
6060,Team 08,87,6,PUNT,,,-0.396,-0.396,PUNT,0.0
6061,Team 10,15,11,KICK,0.9121360851706988,1,3,2.6626,KICK,0.0
6062,Team 14,72,5,PUNT,,,-0.276,-0.276,GO,0.0712
6063,Team 14,21,13,KICK,0.8468362842349139,0,-0.936,2.3971,KICK,0.0
6064,Team 09,40,11,KICK,0.42922838810550845,0,-1.24,0.5799,KICK,0.0
6065,Team 10,28,6,KICK,0.7261149812607792,0,-1.048,1.8913,KICK,0.0
6066,Team 12,22,1,GO,0.7588068543713931,1,5.12,3.4895,GO,0.0
6067,Team 16,45,14,PUNT,,,-0.06,-0.06,KICK,0.0701
6068,Team 16,80,1,GO,0.7179431443239072,1,2.8,1.2205,GO,0.0
6069,Team 10,16,12,KICK,0.903348789058409,1,3,2.6273,KICK,0.0
6070,Team 03,67,13,PUNT,,,-0.236,-0.236,PUNT,0.0
6071,Team 14,90,4,GO,0.4771743507269338,1,2.4,-0.4233,PUNT,0.0033
6072,Team 04,83,13,PUNT,,,-0.364,-0.364,PUNT,0.0
6073,Team 01,88,10,PUNT,,,-0.404,-0.404,PUNT,0.0
6074,Team 01,77,8,GO,0.3177501098281303,0,-2.74,-0.9415,PUNT,0.6255
6075,Team 02,57,5,PUNT,,,-0.156,-0.156,GO,0.5654
6076,Team 09,61,10,PUNT,,,-0.188,-0.188,PUNT,0.0
6077,Team 02,67,2,GO,0.6163941829217663,0,-2.54,1.0721,GO,0.0
6078,Team 14,56,4,GO,0.4771743507269338,0,-2.32,0.5812,GO,0.0
6079,Team 16,74,6,GO,0.45866498212655793,1,3.04,-0.0564,GO,0.0
6080,Team 04,62,1,GO,0.6260717063282923,0,-2.44,1.2914,GO,0.0
6081,Team 13,34,11,KICK,0.5854045691294653,1,3,1.2819,KICK,0.0
6082,Team 08,81,15,PUNT,,,-0.348,-0.348,PUNT,0.0
6083,Team 03,58,10,PUNT,,,-0.164,-0.164,PUNT,0.0
6084,Team 01,43,10,PUNT,,,-0.044,-0.044,KICK,0.2754
6085,Team 03,89,1,GO,0.6017729612434263,1,2.44,0.2816,GO,0.0
6086,Team 08,80,5,GO,0.4717100045295637,1,2.8,-0.1584,GO,0.0
6087,Team 15,63,12,KICK,0.06297335605699649,0,-1.608,-1.3178,PUNT,1.1138
6088,Team 16,17,6,GO,0.45866498212655793,0,-1.54,1.6064,KICK,0.9823
6089,Team 01,80,4,PUNT,,,-0.34,-0.34,GO,0.502
6090,Team 06,51,2,GO,0.6575107676168527,0,-2.22,1.8434,GO,0.0
6091,Team 03,56,6,PUNT,,,-0.148,-0.148,PUNT,0.0
6092,Team 08,47,2,GO,0.6333740470762804,1,4.12,1.8249,GO,0.0
6093,Team 06,77,11,PUNT,,,-0.316,-0.316,PUNT,0.0
6094,Team 08,23,10,KICK,0.8175744761936437,1,3,2.2761,KICK,0.0
6095,Team 02,31,7,KICK,0.6592603884513855,0,-1.096,1.6043,KICK,0.0
6096,Team 11,22,10,KICK,0.8327160444615168,0,-0.952,2.3389,KICK,0.0
6097,Team 01,38,14,KICK,0.4812587841214649,1,3,0.8171,KICK,0.0
6098,Team 02,71,10,PUNT,,,-0.268,-0.268,PUNT,0.0
6099,Team 08,73,2,PUNT,,,-0.284,-0.284,GO,1.2596
6100,Team 03,89,13,PUNT,,,-0.412,-0.412,PUNT,0.0
6101,Team 04,86,9,PUNT,,,-0.388,-0.388,PUNT,0.0
6102,Team 13,51,14,KICK,0.19154534856146757,0,-1.416,-0.5701,PUNT,0.4621
6103,Team 03,27,11,KICK,0.7464939833376621,1,3,1.9779,KICK,0.0
6104,Team 12,56,9,PUNT,,,-0.148,-0.148,PUNT,0.0
6105,Team 07,50,7,KICK,0.20833350927014557,0,-1.4,-0.4833,GO,1.0047
6106,Team 01,60,5,GO,0.4739908119572121,0,-2.4,0.4439,GO,0.0
6107,Team 16,33,4,KICK,0.610639233949222,0,-1.128,1.3927,GO,0.4629
6108,Team 03,88,14,PUNT,,,-0.404,-0.404,PUNT,0.0
6109,Team 12,84,14,PUNT,,,-0.372,-0.372,PUNT,0.0
6110,Team 09,72,9,PUNT,,,-0.276,-0.276,PUNT,0.0
6111,Team 08,45,3,KICK,0.3078904956982119,0,-1.32,0.0101,GO,1.55
6112,Team 11,48,5,GO,0.3301955444039654,0,-2.16,-0.0996,PUNT,0.0156
6113,Team 13,50,9,GO,0.3720816900525986,0,-2.2,0.1069,GO,0.0
6114,Team 02,64,14,PUNT,,,-0.212,-0.212,PUNT,0.0
6115,Team 07,85,3,GO,0.6535134081523024,0,-2.9,0.6943,GO,0.0
6116,Team 14,44,14,KICK,0.33070459722255413,1,3,0.1194,KICK,0.0
6117,Team 06,32,11,PUNT,,,0.044,0.044,KICK,1.4563
6118,Team 14,75,2,GO,0.5862862634331419,1,3.0,0.6418,GO,0.0
6119,Team 14,58,12,PUNT,,,-0.164,-0.164,PUNT,0.0
6120,Team 04,55,14,KICK,0.13470305195202817,0,-1.48,-0.8765,PUNT,0.7365
6121,Team 07,13,10,KICK,0.9275735146384823,1,3,2.7242,KICK,0.0
6122,Team 15,77,10,PUNT,,,-0.316,-0.316,PUNT,0.0
6123,Team 02,28,12,KICK,0.7261149812607792,1,3,1.8913,KICK,0.0
6124,Team 15,35,14,PUNT,,,0.02,0.02,KICK,1.1484
6125,Team 10,54,15,PUNT,,,-0.132,-0.132,PUNT,0.0
6126,Team 03,25,2,KICK,0.7841471891774855,0,-1.0,2.1366,KICK,0.0
6127,Team 07,16,14,KICK,0.903348789058409,1,3,2.6273,KICK,0.0
6128,Team 16,41,10,KICK,0.40371730070321227,0,-1.256,0.4622,KICK,0.0
6129,Team 02,57,3,GO,0.563227497954577,0,-2.34,1.0732,GO,0.0
6130,Team 01,29,2,GO,0.6354962284153843,1,4.84,2.427,GO,0.0
6131,Team 08,34,4,GO,0.5266544657992237,1,4.64,1.5538,GO,0.0
6132,Team 07,20,4,GO,0.6021709365103962,0,-1.6,2.4948,GO,0.0
6133,Team 11,49,11,PUNT,,,-0.092,-0.092,PUNT,0.0
6134,Team 07,78,3,PUNT,,,-0.324,-0.324,GO,1.2498
6135,Team 12,42,11,KICK,0.37871640480893237,0,-1.272,0.3459,KICK,0.0
6136,Team 04,65,10,PUNT,,,-0.22,-0.22,PUNT,0.0
6137,Team 03,11,12,KICK,0.9404756340234984,1,3,2.7752,KICK,0.0
6138,Team 14,28,2,GO,0.5862862634331419,1,4.88,2.1329,GO,0.0
6139,Team 04,33,6,KICK,0.610639233949222,1,3,1.3927,KICK,0.0
6140,Team 05,76,3,GO,0.5306555509303387,0,-2.72,0.2941,GO,0.0
6141,Team 06,22,6,KICK,0.8327160444615168,1,3,2.3389,KICK,0.0
6142,Team 05,63,5,GO,0.42135247739455595,0,-2.46,0.0428,GO,0.0
6143,Team 14,20,7,KICK,0.8599650843722273,1,3,2.4511,KICK,0.0
6144,Team 05,40,10,KICK,0.42922838810550845,1,3,0.5799,KICK,0.0
6145,Team 10,24,7,KICK,0.8013892651145572,1,3,2.2087,KICK,0.0
6146,Team 10,65,11,PUNT,,,-0.22,-0.22,PUNT,0.0
6147,Team 13,33,6,KICK,0.610639233949222,0,-1.128,1.3927,GO,0.2404
6148,Team 03,33,7,KICK,0.610639233949222,1,3,1.3927,KICK,0.0
6149,Team 08,37,5,GO,0.4717100045295637,0,-1.94,1.1072,GO,0.0
6150,Team 09,36,2,GO,0.7111799598144781,1,4.56,2.6884,GO,0.0
6151,Team 11,35,13,KICK,0.5597136492671929,0,-1.16,1.1684,KICK,0.0
6152,Team 15,75,13,PUNT,,,-0.3,-0.3,PUNT,0.0
6153,Team 07,71,5,GO,0.5484769739869401,0,-2.62,0.5502,GO,0.0
6154,Team 11,29,14,KICK,0.7047456979980911,1,3,1.8001,KICK,0.0
6155,Team 08,47,6,KICK,0.2650274005334813,1,3,-0.1986,GO,0.6718
6156,Team 01,76,5,PUNT,,,-0.308,-0.308,GO,0.2803
6157,Team 05,25,5,KICK,0.7841471891774855,1,3,2.1366,KICK,0.0
6158,Team 12,40,13,KICK,0.42922838810550845,0,-1.24,0.5799,KICK,0.0
6159,Team 03,59,6,PUNT,,,-0.172,-0.172,PUNT,0.0
6160,Team 13,50,15,PUNT,,,-0.1,-0.1,PUNT,0.0
6161,Team 07,63,8,KICK,0.06297335605699649,0,-1.608,-1.3178,GO,1.1488
6162,Team 09,59,13,PUNT,,,-0.172,-0.172,PUNT,0.0
6163,Team 15,76,1,GO,0.6545818519692127,0,-2.72,0.998,GO,0.0
6164,Team 12,77,15,PUNT,,,-0.316,-0.316,PUNT,0.0
6165,Team 05,47,13,PUNT,,,-0.076,-0.076,PUNT,0.0
6166,Team 04,47,14,PUNT,,,-0.076,-0.076,PUNT,0.0
6167,Team 15,10,11,KICK,0.9460888925720083,1,3,2.7973,KICK,0.0
6168,Team 06,18,8,KICK,0.8833970308388606,1,3,2.5466,KICK,0.0
6169,Team 08,37,11,KICK,0.5074994375506204,1,3,0.9354,KICK,0.0
6170,Team 01,68,8,GO,0.3177501098281303,1,3.28,-0.7043,PUNT,0.4603
6171,Team 12,54,5,GO,0.5661473020656971,1,3.84,1.1848,GO,0.0
6172,Team 10,15,6,KICK,0.9121360851706988,1,3,2.6626,KICK,0.0
6173,Team 10,40,5,KICK,0.42922838810550845,0,-1.24,0.5799,KICK,0.0
6174,Team 06,25,15,KICK,0.7841471891774855,1,3,2.1366,KICK,0.0
6175,Team 07,30,15,KICK,0.6824383021930649,1,3,1.7043,KICK,0.0
6176,Team 02,31,8,KICK,0.6592603884513855,0,-1.096,1.6043,KICK,0.0
6177,Team 09,32,7,KICK,0.6352948493228072,1,3,1.5003,KICK,0.0
6178,Team 16,79,12,PUNT,,,-0.332,-0.332,PUNT,0.0
6179,Team 14,84,9,PUNT,,,-0.372,-0.372,PUNT,0.0
6180,Team 02,33,3,GO,0.563227497954577,1,4.68,1.8235,GO,0.0
6181,Team 10,61,7,PUNT,,,-0.188,-0.188,PUNT,0.0
6182,Team 09,35,12,KICK,0.5597136492671929,1,3,1.1684,KICK,0.0
6183,Team 05,38,8,KICK,0.4812587841214649,0,-1.208,0.8171,KICK,0.0
6184,Team 07,24,7,KICK,0.8013892651145572,1,3,2.2087,KICK,0.0
6185,Team 13,61,6,GO,0.5341227138507878,0,-2.42,0.7741,GO,0.0
6186,Team 04,12,11,KICK,0.9343184948673792,1,3,2.7509,KICK,0.0
6187,Team 09,42,5,GO,0.5599900585150124,1,4.32,1.5215,GO,0.0
6188,Team 13,40,15,PUNT,,,-0.02,-0.02,KICK,0.5999
6189,Team 16,36,9,KICK,0.533698835432901,1,3,1.0527,KICK,0.0
6190,Team 07,57,5,PUNT,,,-0.156,-0.156,GO,1.1398
6191,Team 03,30,13,KICK,0.6824383021930649,1,3,1.7043,KICK,0.0
6192,Team 03,34,4,KICK,0.5854045691294653,1,3,1.2819,KICK,0.0
6193,Team 13,64,6,GO,0.5341227138507878,0,-2.48,0.682,GO,0.0
6194,Team 08,51,3,GO,0.5809608534948784,1,3.96,1.3703,GO,0.0
6195,Team 07,69,1,GO,0.7454553407611428,0,-2.58,1.7586,GO,0.0
6196,Team 06,74,14,PUNT,,,-0.292,-0.292,PUNT,0.0
6197,Team 03,85,10,PUNT,,,-0.38,-0.38,PUNT,0.0
6198,Team 13,90,7,PUNT,,,-0.42,-0.42,GO,0.0076
6199,Team 02,36,2,GO,0.6163941829217663,0,-1.92,2.0742,GO,0.0
6200,Team 10,44,14,KICK,0.33070459722255413,0,-1.304,0.1194,KICK,0.0
6201,Team 13,34,3,GO,0.6892688541839076,1,4.64,2.614,GO,0.0
6202,Team 04,42,11,PUNT,,,-0.036,-0.036,KICK,0.3819
6203,Team 01,15,7,KICK,0.9121360851706988,1,3,2.6626,KICK,0.0
6204,Team 15,81,14,PUNT,,,-0.348,-0.348,PUNT,0.0
6205,Team 07,85,14,PUNT,,,-0.38,-0.38,PUNT,0.0
6206,Team 11,26,3,KICK,0.7658456258197972,1,3,2.0596,KICK,0.0
6207,Team 12,27,14,KICK,0.7464939833376621,1,3,1.9779,KICK,0.0
6208,Team 09,32,8,KICK,0.6352948493228072,0,-1.112,1.5003,KICK,0.0
6209,Team 03,36,5,KICK,0.533698835432901,0,-1.176,1.0527,KICK,0.0
6210,Team 01,76,1,GO,0.6847891621792315,1,2.96,1.1696,GO,0.0
6211,Team 06,46,10,KICK,0.2859777732226985,0,-1.336,-0.096,PUNT,0.028
6212,Team 01,38,5,GO,0.4739908119572121,1,4.48,1.0925,GO,0.0
6213,Team 06,14,6,KICK,0.9201950407592125,1,3,2.6948,KICK,0.0
6214,Team 03,53,5,GO,0.38529290273260947,0,-2.26,0.1057,GO,0.0
6215,Team 05,48,7,GO,0.31924931227269765,0,-2.16,-0.1679,PUNT,0.0839
6216,Team 05,35,4,KICK,0.5597136492671929,1,3,1.1684,GO,0.0237
6217,Team 12,46,13,KICK,0.2859777732226985,0,-1.336,-0.096,PUNT,0.028
6218,Team 01,47,14,PUNT,,,-0.076,-0.076,PUNT,0.0
6219,Team 13,21,6,KICK,0.8468362842349139,0,-0.936,2.3971,KICK,0.0
6220,Team 04,13,6,KICK,0.9275735146384823,1,3,2.7242,KICK,0.0
6221,Team 03,79,12,GO,0.1184550887462918,0,-2.78,-2.1143,PUNT,1.7823
6222,Team 01,29,8,KICK,0.7047456979980911,0,-1.064,1.8001,KICK,0.0
6223,Team 10,75,6,PUNT,,,-0.3,-0.3,PUNT,0.0
6224,Team 12,31,1,GO,0.7588068543713931,1,4.76,3.1729,GO,0.0
6225,Team 13,60,5,GO,0.5882421741646358,1,3.6,1.1295,GO,0.0
6226,Team 08,11,5,GO,0.4717100045295637,0,-1.42,1.8725,KICK,0.9027
6227,Team 05,32,14,KICK,0.6352948493228072,1,3,1.5003,KICK,0.0
6228,Team 10,21,8,KICK,0.8468362842349139,1,3,2.3971,KICK,0.0
6229,Team 12,23,8,KICK,0.8175744761936437,1,3,2.2761,KICK,0.0
6230,Team 09,68,2,GO,0.7111799598144781,1,3.28,1.5933,GO,0.0
6231,Team 06,68,6,GO,0.4433001665920852,1,3.28,0.0289,GO,0.0
6232,Team 12,11,13,KICK,0.9404756340234984,1,3,2.7752,KICK,0.0
6233,Team 15,63,8,GO,0.2888945335324451,1,3.48,-0.744,PUNT,0.54
6234,Team 02,73,14,PUNT,,,-0.284,-0.284,PUNT,0.0
6235,Team 02,50,3,GO,0.563227497954577,0,-2.2,1.292,GO,0.0
6236,Team 07,76,7,PUNT,,,-0.308,-0.308,GO,0.0812
6237,Team 03,47,14,KICK,0.2650274005334813,0,-1.352,-0.1986,PUNT,0.1226
6238,Team 11,49,12,PUNT,,,-0.092,-0.092,PUNT,0.0
6239,Team 13,54,3,GO,0.6892688541839076,1,3.84,1.9383,GO,0.0
6240,Team 09,52,1,GO,0.7541967228490082,1,3.92,2.4059,GO,0.0
6241,Team 10,47,7,PUNT,,,-0.076,-0.076,PUNT,0.0
6242,Team 12,86,2,GO,0.7162933940110477,0,-2.92,1.0053,GO,0.0
6243,Team 07,26,9,KICK,0.7658456258197972,1,3,2.0596,KICK,0.0
6244,Team 07,24,10,KICK,0.8013892651145572,1,3,2.2087,KICK,0.0
6245,Team 14,48,3,GO,0.532114204592694,0,-2.16,1.1604,GO,0.0
6246,Team 16,29,13,KICK,0.7047456979980911,1,3,1.8001,KICK,0.0
6247,Team 14,11,5,KICK,0.9404756340234984,1,3,2.7752,KICK,0.0
6248,Team 05,35,1,GO,0.6370946554825867,0,-1.9,2.2411,GO,0.0
6249,Team 05,74,2,PUNT,,,-0.292,-0.292,GO,0.9574
6250,Team 03,55,12,PUNT,,,-0.14,-0.14,PUNT,0.0
6251,Team 14,38,14,KICK,0.4812587841214649,0,-1.208,0.8171,KICK,0.0
6252,Team 11,73,9,KICK,0.022977369910025632,0,-1.768,-1.6584,PUNT,1.3744
6253,Team 10,52,15,PUNT,,,-0.116,-0.116,PUNT,0.0
6254,Team 11,61,1,GO,0.5430678179428203,1,3.56,0.8275,GO,0.0
6255,Team 02,46,7,GO,0.34847963982711555,0,-2.12,0.0685,GO,0.0
6256,Team 12,67,5,GO,0.5661473020656971,0,-2.54,0.7776,GO,0.0
6257,Team 11,10,3,KICK,0.9460888925720083,1,3,2.7973,KICK,0.0
6258,Team 07,66,9,GO,0.3350390841574315,0,-2.52,-0.55,PUNT,0.322
6259,Team 12,67,9,GO,0.35118128519705183,0,-2.54,-0.4821,PUNT,0.2461
6260,Team 15,44,14,PUNT,,,-0.052,-0.052,KICK,0.1714
6261,Team 06,14,2,GO,0.6575107676168527,1,5.44,3.07,GO,0.0
6262,Team 04,41,2,GO,0.5733178358600778,1,4.36,1.6378,GO,0.0
6263,Team 16,60,12,PUNT,,,-0.18,-0.18,PUNT,0.0
6264,Team 06,63,10,PUNT,,,-0.204,-0.204,PUNT,0.0
6265,Team 12,48,6,KICK,0.24508501313237172,0,-1.368,-0.2975,GO,1.3294
6266,Team 04,22,13,KICK,0.8327160444615168,1,3,2.3389,KICK,0.0
6267,Team 10,55,6,KICK,0.13470305195202817,0,-1.48,-0.8765,PUNT,0.7365
6268,Team 11,19,5,GO,0.3301955444039654,0,-1.58,0.6719,KICK,1.8289
6269,Team 11,51,5,PUNT,,,-0.108,-0.108,PUNT,0.0
6270,Team 01,90,10,PUNT,,,-0.42,-0.42,PUNT,0.0
6271,Team 07,48,15,PUNT,,,-0.084,-0.084,PUNT,0.0
6272,Team 08,55,13,KICK,0.13470305195202817,0,-1.48,-0.8765,PUNT,0.7365
6273,Team 09,84,4,PUNT,,,-0.372,-0.372,GO,0.8773
6274,Team 14,88,4,GO,0.4771743507269338,0,-2.96,-0.3642,GO,0.0
6275,Team 15,56,2,GO,0.6033015971633345,1,3.76,1.3481,GO,0.0
6276,Team 11,74,5,PUNT,,,-0.292,-0.292,PUNT,0.0
6277,Team 09,31,15,KICK,0.6592603884513855,1,3,1.6043,KICK,0.0
6278,Team 14,84,6,PUNT,,,-0.372,-0.372,PUNT,0.0
6279,Team 12,43,1,GO,0.7588068543713931,1,4.28,2.7508,GO,0.0
6280,Team 03,65,6,GO,0.3346691378560442,1,3.4,-0.5255,PUNT,0.3055
6281,Team 05,87,1,GO,0.6370946554825867,0,-2.94,0.5385,GO,0.0
6282,Team 01,82,14,PUNT,,,-0.356,-0.356,PUNT,0.0
6283,Team 12,77,2,GO,0.7162933940110477,1,2.92,1.3142,GO,0.0
6284,Team 03,50,15,PUNT,,,-0.1,-0.1,PUNT,0.0
6285,Team 03,57,3,GO,0.4932149019395633,1,3.72,0.6489,GO,0.0
6286,Team 04,54,14,PUNT,,,-0.132,-0.132,PUNT,0.0
6287,Team 11,20,7,KICK,0.8599650843722273,0,-0.92,2.4511,KICK,0.0
6288,Team 05,30,10,KICK,0.6824383021930649,0,-1.08,1.7043,KICK,0.0
6289,Team 11,68,12,PUNT,,,-0.244,-0.244,PUNT,0.0
6290,Team 07,72,8,PUNT,,,-0.276,-0.276,PUNT,0.0
6291,Team 11,57,9,PUNT,,,-0.156,-0.156,PUNT,0.0
6292,Team 03,77,8,PUNT,,,-0.316,-0.316,PUNT,0.0
6293,Team 12,75,8,GO,0.402790649617937,0,-2.7,-0.4041,PUNT,0.1041
6294,Team 13,70,7,PUNT,,,-0.26,-0.26,GO,0.4393
6295,Team 03,69,6,PUNT,,,-0.252,-0.252,PUNT,0.0
6296,Team 06,35,1,GO,0.7052076153533808,0,-1.9,2.6838,GO,0.0
6297,Team 16,33,6,KICK,0.610639233949222,1,3,1.3927,KICK,0.0
6298,Team 10,48,8,GO,0.2219648004204538,1,4.08,-0.7749,PUNT,0.6909
6299,Team 04,32,2,GO,0.5733178358600778,1,4.72,1.921,GO,0.0
6300,Team 07,73,13,PUNT,,,-0.284,-0.284,PUNT,0.0
6301,Team 02,54,1,GO,0.6669163928212177,0,-2.28,1.8015,GO,0.0
6302,Team 12,33,8,KICK,0.610639233949222,1,3,1.3927,KICK,0.0
6303,Team 14,39,15,KICK,0.45512110762641994,0,-1.224,0.6984,KICK,0.0
6304,Team 06,54,14,PUNT,,,-0.132,-0.132,PUNT,0.0
6305,Team 15,44,2,PUNT,,,-0.052,-0.052,GO,1.7849
6306,Team 16,82,9,PUNT,,,-0.356,-0.356,PUNT,0.0
6307,Team 11,81,6,PUNT,,,-0.348,-0.348,PUNT,0.0
6308,Team 06,48,5,GO,0.4980552402097736,0,-2.16,0.9479,GO,0.0
6309,Team 07,86,4,GO,0.6021709365103962,1,2.56,0.3799,GO,0.0
6310,Team 12,62,14,PUNT,,,-0.196,-0.196,PUNT,0.0
6311,Team 06,12,6,KICK,0.9343184948673792,1,3,2.7509,KICK,0.0
6312,Team 04,23,9,KICK,0.8175744761936437,1,3,2.2761,KICK,0.0
6313,Team 06,28,7,KICK,0.7261149812607792,1,3,1.8913,KICK,0.0
6314,Team 10,36,10,KICK,0.533698835432901,1,3,1.0527,KICK,0.0
6315,Team 03,14,2,KICK,0.9201950407592125,1,3,2.6948,KICK,0.0
6316,Team 15,60,5,KICK,0.08432369642147458,0,-1.56,-1.1755,GO,1.4161
6317,Team 10,60,2,GO,0.5164308431129125,1,3.6,0.6986,GO,0.0
6318,Team 02,58,13,PUNT,,,-0.164,-0.164,PUNT,0.0
6319,Team 04,10,14,KICK,0.9460888925720083,1,3,2.7973,KICK,0.0
6320,Team 15,74,4,GO,0.4948104192229929,0,-2.68,0.1503,GO,0.0
6321,Team 04,62,6,PUNT,,,-0.196,-0.196,PUNT,0.0
6322,Team 05,77,1,GO,0.6370946554825867,1,2.92,0.866,GO,0.0
6323,Team 02,47,6,GO,0.39993670574892176,1,4.12,0.3636,GO,0.0
6324,Team 15,77,6,PUNT,,,-0.316,-0.316,PUNT,0.0
6325,Team 04,58,15,PUNT,,,-0.164,-0.164,PUNT,0.0
6326,Team 06,78,15,PUNT,,,-0.324,-0.324,PUNT,0.0
6327,Team 04,61,15,KICK,0.0765621973518122,0,-1.576,-1.2257,PUNT,1.0377
6328,Team 06,89,7,GO,0.3898889396292549,0,-2.98,-0.8668,PUNT,0.4548
6329,Team 02,12,14,KICK,0.9343184948673792,1,3,2.7509,KICK,0.0
6330,Team 01,72,8,GO,0.3177501098281303,0,-2.64,-0.8098,PUNT,0.5338
6331,Team 07,61,15,PUNT,,,-0.188,-0.188,PUNT,0.0
6332,Team 02,40,6,KICK,0.42922838810550845,0,-1.24,0.5799,KICK,0.0
6333,Team 01,17,12,KICK,0.8937850083248244,1,3,2.5887,KICK,0.0
6334,Team 07,83,11,PUNT,,,-0.364,-0.364,PUNT,0.0
6335,Team 07,89,6,GO,0.4936300767509541,1,2.44,-0.3045,GO,0.0
6336,Team 01,85,3,GO,0.583186768451493,1,2.6,0.3075,GO,0.0
6337,Team 14,70,5,PUNT,,,-0.26,-0.26,GO,0.1121
6338,Team 10,28,4,KICK,0.7261149812607792,0,-1.048,1.8913,KICK,0.0
6339,Team 03,72,2,PUNT,,,-0.276,-0.276,GO,0.7929
6340,Team 09,37,5,GO,0.5599900585150124,0,-1.94,1.6775,GO,0.0
6341,Team 12,84,13,GO,0.1833444504468946,0,-2.88,-1.8679,PUNT,1.4959
6342,Team 15,27,10,KICK,0.7464939833376621,1,3,1.9779,KICK,0.0
6343,Team 02,36,15,PUNT,,,0.012,0.012,KICK,1.0407
6344,Team 15,34,6,KICK,0.5854045691294653,1,3,1.2819,KICK,0.0
6345,Team 07,73,2,GO,0.7015142308273599,0,-2.66,1.3667,GO,0.0
6346,Team 16,30,8,KICK,0.6824383021930649,1,3,1.7043,KICK,0.0
6347,Team 02,80,1,GO,0.6669163928212177,0,-2.8,0.9347,GO,0.0
6348,Team 05,87,13,PUNT,,,-0.396,-0.396,PUNT,0.0
6349,Team 04,67,11,PUNT,,,-0.236,-0.236,PUNT,0.0
6350,Team 16,63,15,PUNT,,,-0.204,-0.204,PUNT,0.0
6351,Team 11,48,11,PUNT,,,-0.084,-0.084,PUNT,0.0
6352,Team 06,16,5,KICK,0.903348789058409,1,3,2.6273,KICK,0.0
6353,Team 06,64,13,PUNT,,,-0.212,-0.212,PUNT,0.0
6354,Team 02,22,12,KICK,0.8327160444615168,1,3,2.3389,KICK,0.0
6355,Team 14,71,9,PUNT,,,-0.268,-0.268,PUNT,0.0
6356,Team 12,79,7,GO,0.4566464446563816,1,2.84,-0.2136,GO,0.0
6357,Team 10,36,12,KICK,0.533698835432901,1,3,1.0527,KICK,0.0
6358,Team 16,36,4,GO,0.5681437558388193,0,-1.92,1.7616,GO,0.0
6359,Team 12,79,14,PUNT,,,-0.332,-0.332,PUNT,0.0
6360,Team 08,41,13,KICK,0.40371730070321227,0,-1.256,0.4622,KICK,0.0
6361,Team 07,69,12,PUNT,,,-0.252,-0.252,PUNT,0.0
6362,Team 16,50,4,GO,0.5681437558388193,1,4.0,1.3225,GO,0.0
6363,Team 09,33,8,KICK,0.610639233949222,0,-1.128,1.3927,KICK,0.0
6364,Team 16,20,10,KICK,0.8599650843722273,1,3,2.4511,KICK,0.0
6365,Team 06,37,15,KICK,0.5074994375506204,1,3,0.9354,KICK,0.0
6366,Team 12,33,10,KICK,0.610639233949222,1,3,1.3927,KICK,0.0
6367,Team 01,42,15,KICK,0.37871640480893237,0,-1.272,0.3459,KICK,0.0
6368,Team 10,18,5,KICK,0.8833970308388606,1,3,2.5466,KICK,0.0
6369,Team 16,56,12,PUNT,,,-0.148,-0.148,PUNT,0.0
6370,Team 11,71,3,GO,0.4335698705359307,0,-2.62,-0.114,GO,0.0
6371,Team 08,26,15,KICK,0.7658456258197972,1,3,2.0596,KICK,0.0
6372,Team 12,14,4,GO,0.6191988694215159,1,5.44,2.8049,GO,0.0
6373,Team 14,26,5,KICK,0.7658456258197972,1,3,2.0596,KICK,0.0
6374,Team 07,67,5,PUNT,,,-0.236,-0.236,GO,0.9101
6375,Team 15,82,8,PUNT,,,-0.356,-0.356,PUNT,0.0
6376,Team 09,56,14,PUNT,,,-0.148,-0.148,PUNT,0.0
6377,Team 14,26,10,KICK,0.7658456258197972,1,3,2.0596,KICK,0.0
6378,Team 11,37,2,KICK,0.5074994375506204,0,-1.192,0.9354,GO,0.2782
6379,Team 01,32,12,KICK,0.6352948493228072,0,-1.112,1.5003,KICK,0.0
6380,Team 08,69,10,PUNT,,,-0.252,-0.252,PUNT,0.0
6381,Team 13,31,6,GO,0.5341227138507878,1,4.76,1.6945,GO,0.0
6382,Team 03,82,7,PUNT,,,-0.356,-0.356,PUNT,0.0
6383,Team 15,70,13,PUNT,,,-0.26,-0.26,PUNT,0.0
6384,Team 04,84,10,PUNT,,,-0.372,-0.372,PUNT,0.0
6385,Team 09,50,10,PUNT,,,-0.1,-0.1,PUNT,0.0
6386,Team 13,73,10,PUNT,,,-0.284,-0.284,PUNT,0.0
6387,Team 13,22,8,GO,0.4247517878519248,1,5.12,1.2313,KICK,1.1076
6388,Team 08,56,2,GO,0.6333740470762804,1,3.76,1.5309,GO,0.0
6389,Team 14,64,6,PUNT,,,-0.212,-0.212,PUNT,0.0
6390,Team 15,58,11,PUNT,,,-0.164,-0.164,PUNT,0.0
6391,Team 15,50,7,PUNT,,,-0.1,-0.1,PUNT,0.0
6392,Team 02,84,1,GO,0.6669163928212177,1,2.64,0.8014,GO,0.0
6393,Team 04,59,15,PUNT,,,-0.172,-0.172,PUNT,0.0
6394,Team 05,30,3,GO,0.5306555509303387,0,-1.8,1.7023,KICK,0.002
6395,Team 05,77,5,PUNT,,,-0.316,-0.316,PUNT,0.0
6396,Team 12,38,12,KICK,0.4812587841214649,0,-1.208,0.8171,KICK,0.0
6397,Team 01,88,12,PUNT,,,-0.404,-0.404,PUNT,0.0
6398,Team 06,34,4,KICK,0.5854045691294653,0,-1.144,1.2819,GO,0.4427
6399,Team 03,19,2,KICK,0.8721384336809187,0,-0.904,2.5008,KICK,0.0
6400,Team 08,19,14,KICK,0.8721384336809187,1,3,2.5008,KICK,0.0
6401,Team 09,23,4,GO,0.6132802431683475,1,5.08,2.4735,GO,0.0
6402,Team 12,69,7,PUNT,,,-0.252,-0.252,GO,0.3297
6403,Team 07,21,1,GO,0.7454553407611428,1,5.16,3.4342,GO,0.0
6404,Team 15,49,14,GO,0.0979017451793225,0,-2.18,-1.5711,PUNT,1.4791
6405,Team 06,38,10,KICK,0.4812587841214649,1,3,0.8171,KICK,0.0
6406,Team 11,84,10,PUNT,,,-0.372,-0.372,PUNT,0.0
6407,Team 05,12,7,KICK,0.9343184948673792,0,-0.792,2.7509,KICK,0.0
6408,Team 03,49,8,KICK,0.22618142573054625,0,-1.384,-0.3924,PUNT,0.3004
6409,Team 09,80,15,PUNT,,,-0.34,-0.34,PUNT,0.0
6410,Team 05,33,13,KICK,0.610639233949222,1,3,1.3927,KICK,0.0
6411,Team 01,37,11,GO,0.19401483007764866,1,4.52,-0.6867,KICK,1.6221
6412,Team 05,83,3,PUNT,,,-0.364,-0.364,GO,0.4438
6413,Team 15,11,1,GO,0.6545818519692127,1,5.56,3.149,GO,0.0
6414,Team 06,70,12,PUNT,,,-0.26,-0.26,PUNT,0.0
6415,Team 03,25,10,KICK,0.7841471891774855,1,3,2.1366,KICK,0.0
6416,Team 11,26,6,KICK,0.7658456258197972,1,3,2.0596,KICK,0.0
6417,Team 04,34,6,PUNT,,,0.028,0.028,KICK,1.2539
6418,Team 10,52,7,PUNT,,,-0.116,-0.116,PUNT,0.0
6419,Team 04,24,6,KICK,0.8013892651145572,1,3,2.2087,KICK,0.0
6420,Team 03,24,8,KICK,0.8013892651145572,1,3,2.2087,KICK,0.0
6421,Team 13,14,12,KICK,0.9201950407592125,1,3,2.6948,KICK,0.0
6422,Team 08,63,5,GO,0.4717100045295637,1,3.48,0.342,GO,0.0
6423,Team 11,73,8,GO,0.20305629695827773,0,-2.66,-1.4945,PUNT,1.2105
6424,Team 03,71,7,PUNT,,,-0.268,-0.268,PUNT,0.0
6425,Team 12,17,13,KICK,0.8937850083248244,1,3,2.5887,KICK,0.0
6426,Team 04,53,4,GO,0.4639130714247188,0,-2.26,0.5884,GO,0.0
6427,Team 11,89,6,PUNT,,,-0.412,-0.412,PUNT,0.0
6428,Team 02,80,5,GO,0.4537008049433731,1,2.8,-0.2593,GO,0.0
6429,Team 16,85,10,GO,0.26004815453768654,0,-2.9,-1.4697,PUNT,1.0897
6430,Team 09,59,5,GO,0.5599900585150124,1,3.64,0.9911,GO,0.0
6431,Team 09,14,2,KICK,0.9201950407592125,1,3,2.6948,GO,0.7465
6432,Team 08,54,3,GO,0.5809608534948784,1,3.84,1.2755,GO,0.0
6433,Team 12,68,10,PUNT,,,-0.244,-0.244,PUNT,0.0
6434,Team 09,76,7,GO,0.45044365998876706,0,-2.72,-0.1615,GO,0.0
6435,Team 02,26,8,KICK,0.7658456258197972,1,3,2.0596,KICK,0.0
6436,Team 12,40,12,KICK,0.42922838810550845,0,-1.24,0.5799,KICK,0.0
6437,Team 07,61,6,GO,0.4936300767509541,0,-2.42,0.5319,GO,0.0
6438,Team 15,41,1,GO,0.6545818519692127,1,4.36,2.1562,GO,0.0
6439,Team 03,50,3,PUNT,,,-0.1,-0.1,GO,0.9579
6440,Team 01,25,6,KICK,0.7841471891774855,1,3,2.1366,KICK,0.0
6441,Team 03,87,7,PUNT,,,-0.396,-0.396,PUNT,0.0
6442,Team 14,82,9,PUNT,,,-0.356,-0.356,PUNT,0.0
6443,Team 16,24,10,KICK,0.8013892651145572,1,3,2.2087,KICK,0.0
6444,Team 04,46,2,GO,0.5733178358600778,1,4.16,1.4804,GO,0.0
6445,Team 11,76,6,PUNT,,,-0.308,-0.308,PUNT,0.0
6446,Team 01,71,7,PUNT,,,-0.268,-0.268,PUNT,0.0
6447,Team 14,88,5,GO,0.422781323781126,0,-2.96,-0.6601,PUNT,0.2561
6448,Team 09,65,13,PUNT,,,-0.22,-0.22,PUNT,0.0
6449,Team 16,58,1,GO,0.7179431443239072,1,3.68,1.9764,GO,0.0
6450,Team 10,72,14,PUNT,,,-0.276,-0.276,PUNT,0.0
6451,Team 04,51,11,KICK,0.19154534856146757,0,-1.416,-0.5701,PUNT,0.4621
6452,Team 06,11,14,KICK,0.9404756340234984,1,3,2.7752,KICK,0.0
6453,Team 07,42,10,KICK,0.37871640480893237,0,-1.272,0.3459,KICK,0.0
6454,Team 16,73,15,PUNT,,,-0.284,-0.284,PUNT,0.0
6455,Team 11,27,9,KICK,0.7464939833376621,1,3,1.9779,KICK,0.0
6456,Team 05,73,10,PUNT,,,-0.284,-0.284,PUNT,0.0
6457,Team 14,30,9,KICK,0.6824383021930649,1,3,1.7043,KICK,0.0
6458,Team 04,78,12,PUNT,,,-0.324,-0.324,PUNT,0.0
6459,Team 16,33,15,KICK,0.610639233949222,1,3,1.3927,KICK,0.0
6460,Team 14,37,1,GO,0.6384478943768523,0,-1.94,2.1844,GO,0.0
6461,Team 15,42,6,KICK,0.37871640480893237,0,-1.272,0.3459,GO,0.0742
6462,Team 03,22,4,KICK,0.8327160444615168,0,-0.952,2.3389,KICK,0.0
6463,Team 01,47,8,KICK,0.2650274005334813,0,-1.352,-0.1986,PUNT,0.1226
6464,Team 06,27,3,KICK,0.7464939833376621,1,3,1.9779,GO,0.3208
6465,Team 16,23,2,KICK,0.8175744761936437,1,3,2.2761,GO,0.5887
6466,Team 09,90,7,PUNT,,,-0.42,-0.42,PUNT,0.0
6467,Team 02,24,10,KICK,0.8013892651145572,1,3,2.2087,KICK,0.0
6468,Team 02,16,12,KICK,0.903348789058409,1,3,2.6273,KICK,0.0
6469,Team 03,49,12,PUNT,,,-0.092,-0.092,PUNT,0.0
6470,Team 04,88,9,PUNT,,,-0.404,-0.404,PUNT,0.0
6471,Team 13,83,8,GO,0.4247517878519248,0,-2.86,-0.5069,PUNT,0.1429
6472,Team 05,72,6,PUNT,,,-0.276,-0.276,PUNT,0.0
6473,Team 11,80,2,PUNT,,,-0.34,-0.34,GO,0.2738
6474,Team 09,11,9,KICK,0.9404756340234984,1,3,2.7752,KICK,0.0
6475,Team 03,66,11,PUNT,,,-0.228,-0.228,PUNT,0.0
6476,Team 10,57,8,PUNT,,,-0.156,-0.156,PUNT,0.0
6477,Team 06,83,10,PUNT,,,-0.364,-0.364,PUNT,0.0
6478,Team 02,79,14,PUNT,,,-0.332,-0.332,PUNT,0.0
6479,Team 11,65,3,GO,0.4335698705359307,0,-2.5,0.0581,GO,0.0
6480,Team 11,63,1,GO,0.5430678179428203,1,3.48,0.7658,GO,0.0
6481,Team 13,44,14,KICK,0.33070459722255413,0,-1.304,0.1194,KICK,0.0
6482,Team 12,89,8,PUNT,,,-0.412,-0.412,PUNT,0.0
6483,Team 02,65,1,GO,0.6669163928212177,1,3.4,1.4348,GO,0.0
6484,Team 03,84,15,PUNT,,,-0.372,-0.372,PUNT,0.0
6485,Team 03,67,13,PUNT,,,-0.236,-0.236,PUNT,0.0
6486,Team 03,57,11,PUNT,,,-0.156,-0.156,PUNT,0.0
6487,Team 16,30,12,KICK,0.6824383021930649,0,-1.08,1.7043,KICK,0.0
6488,Team 05,49,8,GO,0.2734429893849809,0,-2.18,-0.4792,PUNT,0.3872
6489,Team 05,77,10,PUNT,,,-0.316,-0.316,PUNT,0.0
6490,Team 07,66,2,GO,0.7015142308273599,1,3.36,1.6049,GO,0.0
6491,Team 09,23,10,KICK,0.8175744761936437,1,3,2.2761,KICK,0.0
6492,Team 01,74,8,GO,0.3177501098281303,1,3.04,-0.8625,PUNT,0.5705
6493,Team 01,48,8,PUNT,,,-0.084,-0.084,PUNT,0.0
6494,Team 14,84,6,PUNT,,,-0.372,-0.372,PUNT,0.0
6495,Team 01,31,7,GO,0.3672271904706913,1,4.76,0.5964,KICK,1.008
6496,Team 06,22,13,KICK,0.8327160444615168,1,3,2.3389,KICK,0.0
6497,Team 13,63,9,PUNT,,,-0.204,-0.204,PUNT,0.0
6498,Team 01,23,6,GO,0.41966938533727444,1,5.08,1.1686,KICK,1.1076
6499,Team 04,30,15,PUNT,,,0.06,0.06,KICK,1.6443
6500,Team 01,80,5,PUNT,,,-0.34,-0.34,GO,0.1943
6501,Team 10,74,14,PUNT,,,-0.292,-0.292,PUNT,0.0
6502,Team 13,57,14,PUNT,,,-0.156,-0.156,PUNT,0.0
6503,Team 13,81,1,GO,0.7749896631651041,1,2.76,1.5044,GO,0.0
6504,Team 04,28,8,KICK,0.7261149812607792,0,-1.048,1.8913,KICK,0.0
6505,Team 13,72,1,GO,0.7749896631651041,1,3.12,1.8239,GO,0.0
6506,Team 11,48,14,PUNT,,,-0.084,-0.084,PUNT,0.0
6507,Team 10,22,11,KICK,0.8327160444615168,1,3,2.3389,KICK,0.0
6508,Team 03,86,3,GO,0.4932149019395633,1,2.56,-0.2172,GO,0.0
6509,Team 10,82,10,PUNT,,,-0.356,-0.356,PUNT,0.0
6510,Team 03,63,10,PUNT,,,-0.204,-0.204,PUNT,0.0
6511,Team 06,71,12,KICK,0.02819528797014257,0,-1.736,-1.6025,PUNT,1.3345
6512,Team 16,64,4,GO,0.5681437558388193,0,-2.48,0.8834,GO,0.0
6513,Team 15,39,11,KICK,0.45512110762641994,0,-1.224,0.6984,KICK,0.0
6514,Team 02,72,14,PUNT,,,-0.276,-0.276,PUNT,0.0
6515,Team 09,74,15,PUNT,,,-0.292,-0.292,PUNT,0.0
6516,Team 11,18,6,KICK,0.8833970308388606,0,-0.888,2.5466,KICK,0.0
6517,Team 01,29,12,KICK,0.7047456979980911,1,3,1.8001,KICK,0.0
6518,Team 06,61,7,GO,0.3898889396292549,1,3.56,-0.0885,GO,0.0
6519,Team 09,23,13,KICK,0.8175744761936437,1,3,2.2761,KICK,0.0
6520,Team 03,61,1,GO,0.6017729612434263,1,3.56,1.1786,GO,0.0
6521,Team 14,54,1,GO,0.6384478943768523,1,3.84,1.6273,GO,0.0
6522,Team 03,59,1,GO,0.6017729612434263,1,3.64,1.2427,GO,0.0
6523,Team 15,20,11,KICK,0.8599650843722273,1,3,2.4511,KICK,0.0
6524,Team 16,19,2,KICK,0.8721384336809187,1,3,2.5008,GO,0.4978
6525,Team 06,50,10,PUNT,,,-0.1,-0.1,PUNT,0.0
6526,Team 15,11,4,KICK,0.9404756340234984,1,3,2.7752,KICK,0.0
6527,Team 08,22,10,KICK,0.8327160444615168,1,3,2.3389,KICK,0.0
6528,Team 09,88,8,GO,0.3967851966138369,0,-2.96,-0.8015,PUNT,0.3975
6529,Team 09,46,10,GO,0.29757375628027694,0,-2.12,-0.2512,PUNT,0.1832
6530,Team 04,10,8,KICK,0.9460888925720083,1,3,2.7973,KICK,0.0
6531,Team 05,10,6,KICK,0.9460888925720083,1,3,2.7973,KICK,0.0
6532,Team 03,10,13,KICK,0.9460888925720083,1,3,2.7973,KICK,0.0
6533,Team 16,57,12,PUNT,,,-0.156,-0.156,PUNT,0.0
6534,Team 13,64,1,GO,0.7749896631651041,1,3.44,2.1079,GO,0.0
6535,Team 10,72,7,PUNT,,,-0.276,-0.276,PUNT,0.0
6536,Team 15,48,12,KICK,0.24508501313237172,0,-1.368,-0.2975,PUNT,0.2135
6537,Team 13,74,11,PUNT,,,-0.292,-0.292,PUNT,0.0
6538,Team 16,82,2,GO,0.6713465706923882,1,2.72,0.8927,GO,0.0
6539,Team 09,65,15,GO,0.12358849359346456,0,-2.5,-1.7708,PUNT,1.5508
6540,Team 02,87,8,PUNT,,,-0.396,-0.396,PUNT,0.0
6541,Team 13,21,1,GO,0.7749896631651041,1,5.16,3.6344,GO,0.0
6542,Team 01,46,15,PUNT,,,-0.068,-0.068,PUNT,0.0
6543,Team 05,13,3,KICK,0.9275735146384823,1,3,2.7242,KICK,0.0
6544,Team 07,46,5,GO,0.5484769739869401,1,4.16,1.3244,GO,0.0
6545,Team 03,48,10,KICK,0.24508501313237172,0,-1.368,-0.2975,PUNT,0.2135
6546,Team 16,42,8,KICK,0.37871640480893237,1,3,0.3459,KICK,0.0
6547,Team 05,65,15,PUNT,,,-0.22,-0.22,PUNT,0.0
6548,Team 03,35,4,KICK,0.5597136492671929,0,-1.16,1.1684,KICK,0.0
6549,Team 12,70,11,PUNT,,,-0.26,-0.26,PUNT,0.0
6550,Team 13,23,6,KICK,0.8175744761936437,1,3,2.2761,KICK,0.0
6551,Team 05,52,11,PUNT,,,-0.116,-0.116,PUNT,0.0
6552,Team 01,55,10,PUNT,,,-0.14,-0.14,PUNT,0.0
6553,Team 03,37,4,KICK,0.5074994375506204,1,3,0.9354,KICK,0.0
6554,Team 05,67,1,GO,0.6370946554825867,1,3.32,1.1934,GO,0.0
6555,Team 03,66,7,GO,0.28758501632281214,0,-2.52,-0.829,PUNT,0.601
6556,Team 04,85,9,PUNT,,,-0.38,-0.38,PUNT,0.0
6557,Team 14,43,7,PUNT,,,-0.044,-0.044,KICK,0.2754
6558,Team 14,71,15,PUNT,,,-0.268,-0.268,PUNT,0.0
6559,Team 11,75,7,PUNT,,,-0.3,-0.3,PUNT,0.0
6560,Team 05,77,3,GO,0.5306555509303387,0,-2.74,0.2635,GO,0.0
6561,Team 10,47,12,KICK,0.2650274005334813,0,-1.352,-0.1986,PUNT,0.1226
6562,Team 02,26,14,KICK,0.7658456258197972,1,3,2.0596,KICK,0.0
6563,Team 12,80,15,PUNT,,,-0.34,-0.34,PUNT,0.0
6564,Team 11,60,11,PUNT,,,-0.18,-0.18,PUNT,0.0
6565,Team 03,58,14,KICK,0.10201806918913042,0,-1.528,-1.0661,PUNT,0.9021
6566,Team 02,80,4,GO,0.5085669512394625,1,2.8,0.048,GO,0.0
6567,Team 10,67,14,PUNT,,,-0.236,-0.236,PUNT,0.0
6568,Team 09,75,13,PUNT,,,-0.3,-0.3,PUNT,0.0
6569,Team 07,76,4,GO,0.6021709365103962,0,-2.72,0.7003,GO,0.0
6570,Team 13,19,5,KICK,0.8721384336809187,1,3,2.5008,KICK,0.0
6571,Team 01,62,4,GO,0.5289349488921719,0,-2.44,0.7125,GO,0.0
6572,Team 05,37,11,KICK,0.5074994375506204,0,-1.192,0.9354,KICK,0.0
6573,Team 10,49,9,KICK,0.22618142573054625,0,-1.384,-0.3924,PUNT,0.3004
6574,Team 09,29,10,KICK,0.7047456979980911,1,3,1.8001,KICK,0.0
6575,Team 11,17,4,KICK,0.8937850083248244,1,3,2.5887,KICK,0.0
6576,Team 01,51,8,GO,0.3177501098281303,1,3.96,-0.2563,PUNT,0.1483
6577,Team 05,51,2,GO,0.5848647368258585,1,3.96,1.3945,GO,0.0
6578,Team 13,22,14,KICK,0.8327160444615168,1,3,2.3389,KICK,0.0
6579,Team 09,89,3,GO,0.6639890054498807,0,-2.98,0.6188,GO,0.0
6580,Team 09,22,8,KICK,0.8327160444615168,0,-0.952,2.3389,KICK,0.0
6581,Team 16,82,5,GO,0.5135670971823116,1,2.72,0.0154,GO,0.0
6582,Team 16,62,3,GO,0.6211145745754056,0,-2.44,1.2618,GO,0.0
6583,Team 08,54,3,GO,0.5809608534948784,0,-2.28,1.2755,GO,0.0
6584,Team 08,57,5,GO,0.4717100045295637,1,3.72,0.5186,GO,0.0
6585,Team 12,17,11,KICK,0.8937850083248244,1,3,2.5887,KICK,0.0
6586,Team 01,60,11,GO,0.19401483007764866,0,-2.4,-1.2359,PUNT,1.0559
6587,Team 07,55,3,GO,0.6535134081523024,0,-2.3,1.6864,GO,0.0
6588,Team 13,23,8,GO,0.4247517878519248,0,-1.66,1.2028,KICK,1.0733
6589,Team 12,82,12,PUNT,,,-0.356,-0.356,PUNT,0.0
6590,Team 16,22,1,GO,0.7179431443239072,1,5.12,3.2133,GO,0.0
6591,Team 07,65,1,GO,0.7454553407611428,1,3.4,1.8982,GO,0.0
6592,Team 08,52,3,GO,0.5809608534948784,1,3.92,1.3387,GO,0.0
6593,Team 03,16,11,KICK,0.903348789058409,1,3,2.6273,KICK,0.0
6594,Team 12,24,6,GO,0.5115352589374579,1,5.04,1.7575,KICK,0.4512
6595,Team 10,22,8,KICK,0.8327160444615168,0,-0.952,2.3389,KICK,0.0
6596,Team 13,30,7,GO,0.4791878692587739,1,4.8,1.3626,KICK,0.3417
6597,Team 05,10,4,KICK,0.9460888925720083,1,3,2.7973,KICK,0.0
6598,Team 03,69,14,PUNT,,,-0.252,-0.252,PUNT,0.0
6599,Team 06,81,15,PUNT,,,-0.348,-0.348,PUNT,0.0
6600,Team 02,23,9,KICK,0.8175744761936437,1,3,2.2761,KICK,0.0
6601,Team 05,49,11,GO,0.1628431744996628,0,-2.18,-1.1671,PUNT,1.0751
6602,Team 14,62,7,GO,0.32052370678858894,0,-2.44,-0.5297,PUNT,0.3337
6603,Team 10,24,12,KICK,0.8013892651145572,1,3,2.2087,KICK,0.0
6604,Team 02,54,8,PUNT,,,-0.132,-0.132,PUNT,0.0
6605,Team 13,49,2,GO,0.7343299545462806,1,4.04,2.3875,GO,0.0
6606,Team 04,78,11,PUNT,,,-0.324,-0.324,PUNT,0.0
6607,Team 04,53,7,PUNT,,,-0.124,-0.124,PUNT,0.0
6608,Team 12,18,12,KICK,0.8833970308388606,1,3,2.5466,KICK,0.0
6609,Team 04,53,12,PUNT,,,-0.124,-0.124,PUNT,0.0
6610,Team 15,27,1,GO,0.6545818519692127,0,-1.74,2.6195,GO,0.0
6611,Team 01,41,15,KICK,0.40371730070321227,1,3,0.4622,KICK,0.0
6612,Team 01,10,3,KICK,0.9460888925720083,1,3,2.7973,KICK,0.0
6613,Team 15,40,7,GO,0.3360919074183416,1,4.4,0.151,KICK,0.4289
6614,Team 02,16,15,KICK,0.903348789058409,1,3,2.6273,KICK,0.0
6615,Team 04,57,14,PUNT,,,-0.156,-0.156,PUNT,0.0
6616,Team 03,89,2,GO,0.5480655976092276,0,-2.98,-0.0095,GO,0.0
6617,Team 04,47,8,GO,0.2641325125711688,0,-2.14,-0.4865,PUNT,0.4105
6618,Team 15,23,8,KICK,0.8175744761936437,0,-0.968,2.2761,KICK,0.0
6619,Team 15,44,12,KICK,0.33070459722255413,0,-1.304,0.1194,KICK,0.0
6620,Team 13,35,7,KICK,0.5597136492671929,0,-1.16,1.1684,GO,0.0463
6621,Team 13,37,15,PUNT,,,0.004,0.004,KICK,0.9314
6622,Team 12,90,4,GO,0.6191988694215159,0,-3.0,0.3437,GO,0.0
6623,Team 01,10,9,KICK,0.9460888925720083,1,3,2.7973,KICK,0.0
6624,Team 05,21,7,KICK,0.8468362842349139,0,-0.936,2.3971,KICK,0.0
6625,Team 16,18,9,KICK,0.8833970308388606,1,3,2.5466,KICK,0.0
6626,Team 01,58,14,PUNT,,,-0.164,-0.164,PUNT,0.0
6627,Team 07,61,1,GO,0.7454553407611428,0,-2.42,2.0378,GO,0.0
6628,Team 02,65,14,PUNT,,,-0.22,-0.22,PUNT,0.0
6629,Team 11,53,3,GO,0.4335698705359307,0,-2.26,0.4021,GO,0.0
6630,Team 04,82,8,PUNT,,,-0.356,-0.356,PUNT,0.0
6631,Team 02,20,8,KICK,0.8599650843722273,1,3,2.4511,KICK,0.0
6632,Team 12,53,5,GO,0.5661473020656971,0,-2.26,1.2161,GO,0.0
6633,Team 04,90,14,PUNT,,,-0.42,-0.42,PUNT,0.0
6634,Team 07,84,10,PUNT,,,-0.372,-0.372,PUNT,0.0
6635,Team 10,40,9,KICK,0.42922838810550845,1,3,0.5799,KICK,0.0
6636,Team 03,19,1,KICK,0.8721384336809187,1,3,2.5008,GO,0.0233
6637,Team 15,47,3,GO,0.5496461081640299,0,-2.14,1.3008,GO,0.0
6638,Team 01,19,2,KICK,0.8721384336809187,1,3,2.5008,GO,0.2533
6639,Team 09,63,3,GO,0.6639890054498807,0,-2.46,1.4841,GO,0.0
6640,Team 03,16,10,KICK,0.903348789058409,1,3,2.6273,KICK,0.0
6641,Team 04,88,14,PUNT,,,-0.404,-0.404,PUNT,0.0
6642,Team 06,82,3,GO,0.6064038791149935,1,2.72,0.5316,GO,0.0
6643,Team 10,77,11,PUNT,,,-0.316,-0.316,PUNT,0.0
6644,Team 09,59,11,PUNT,,,-0.172,-0.172,PUNT,0.0
6645,Team 07,68,12,PUNT,,,-0.244,-0.244,PUNT,0.0
6646,Team 10,87,2,GO,0.5164308431129125,0,-2.94,-0.1203,GO,0.0
6647,Team 09,33,1,GO,0.7541967228490082,1,4.68,3.0724,GO,0.0
6648,Team 07,60,1,GO,0.7454553407611428,1,3.6,2.0727,GO,0.0
6649,Team 06,29,6,GO,0.4433001665920852,1,4.84,1.1546,KICK,0.6454
6650,Team 09,10,12,KICK,0.9460888925720083,1,3,2.7973,KICK,0.0
6651,Team 16,80,9,PUNT,,,-0.34,-0.34,PUNT,0.0
6652,Team 16,42,7,KICK,0.37871640480893237,0,-1.272,0.3459,GO,0.1883
6653,Team 15,74,2,PUNT,,,-0.292,-0.292,GO,1.0629
6654,Team 06,81,2,GO,0.6575107676168527,1,2.76,0.8489,GO,0.0
6655,Team 13,32,15,PUNT,,,0.044,0.044,KICK,1.4563
6656,Team 12,24,1,GO,0.7588068543713931,0,-1.68,3.4192,GO,0.0
6657,Team 07,64,13,PUNT,,,-0.212,-0.212,PUNT,0.0
6658,Team 02,72,3,GO,0.563227497954577,0,-2.64,0.6042,GO,0.0
6659,Team 09,22,14,KICK,0.8327160444615168,1,3,2.3389,KICK,0.0
6660,Team 09,80,15,PUNT,,,-0.34,-0.34,PUNT,0.0
6661,Team 15,12,6,GO,0.386805767152458,0,-1.44,1.2522,KICK,1.4988
6662,Team 15,38,4,GO,0.4948104192229929,0,-1.96,1.2266,GO,0.0
6663,Team 02,85,13,PUNT,,,-0.38,-0.38,PUNT,0.0
6664,Team 14,66,12,PUNT,,,-0.228,-0.228,PUNT,0.0
6665,Team 04,73,12,PUNT,,,-0.284,-0.284,PUNT,0.0
6666,Team 11,23,2,KICK,0.8175744761936437,1,3,2.2761,KICK,0.0
6667,Team 16,89,9,KICK,0.004363968112352547,0,-2.024,-2.0021,PUNT,1.5901
6668,Team 01,81,4,GO,0.5289349488921719,1,2.76,0.1315,GO,0.0
6669,Team 14,57,8,PUNT,,,-0.156,-0.156,PUNT,0.0
6670,Team 16,71,7,KICK,0.02819528797014257,0,-1.736,-1.6025,PUNT,1.3345
6671,Team 06,65,1,GO,0.7052076153533808,0,-2.5,1.6607,GO,0.0
6672,Team 08,44,8,GO,0.31576979490360163,0,-2.08,-0.0843,KICK,0.2037
6673,Team 09,76,11,PUNT,,,-0.308,-0.308,PUNT,0.0
6674,Team 08,63,12,PUNT,,,-0.204,-0.204,PUNT,0.0
6675,Team 10,11,10,KICK,0.9404756340234984,0,-0.776,2.7752,KICK,0.0
6676,Team 02,70,1,GO,0.6669163928212177,1,3.2,1.2681,GO,0.0
6677,Team 15,38,15,PUNT,,,-0.004,-0.004,KICK,0.8211
6678,Team 14,20,2,KICK,0.8599650843722273,1,3,2.4511,KICK,0.0
6679,Team 09,15,7,KICK,0.9121360851706988,1,3,2.6626,KICK,0.0
6680,Team 02,32,9,KICK,0.6352948493228072,1,3,1.5003,KICK,0.0
6681,Team 08,62,13,PUNT,,,-0.196,-0.196,PUNT,0.0
6682,Team 11,74,10,PUNT,,,-0.292,-0.292,PUNT,0.0
6683,Team 13,74,1,GO,0.7749896631651041,1,3.04,1.7529,GO,0.0
6684,Team 15,84,4,PUNT,,,-0.372,-0.372,GO,0.2234
6685,Team 12,22,15,KICK,0.8327160444615168,1,3,2.3389,KICK,0.0
6686,Team 09,55,14,PUNT,,,-0.14,-0.14,PUNT,0.0
6687,Team 06,67,5,GO,0.4980552402097736,1,3.32,0.3786,GO,0.0
6688,Team 03,15,5,KICK,0.9121360851706988,1,3,2.6626,KICK,0.0
6689,Team 14,69,4,GO,0.4771743507269338,0,-2.58,0.1972,GO,0.0
6690,Team 07,20,3,GO,0.6535134081523024,1,5.2,2.8439,GO,0.0
6691,Team 04,21,1,KICK,0.8468362842349139,1,3,2.3971,GO,0.2276
6692,Team 01,25,11,KICK,0.7841471891774855,1,3,2.1366,KICK,0.0
6693,Team 03,45,6,GO,0.3346691378560442,0,-2.1,0.0084,KICK,0.0017
6694,Team 02,88,9,PUNT,,,-0.404,-0.404,PUNT,0.0
6695,Team 05,51,5,GO,0.42135247739455595,1,3.96,0.384,GO,0.0
6696,Team 13,13,15,KICK,0.9275735146384823,1,3,2.7242,KICK,0.0
6697,Team 12,19,8,KICK,0.8721384336809187,1,3,2.5008,KICK,0.0
6698,Team 03,34,11,KICK,0.5854045691294653,1,3,1.2819,KICK,0.0
6699,Team 16,37,14,KICK,0.5074994375506204,0,-1.192,0.9354,KICK,0.0
6700,Team 12,87,5,GO,0.5661473020656971,0,-2.94,0.1512,GO,0.0
6701,Team 13,72,11,PUNT,,,-0.276,-0.276,PUNT,0.0
6702,Team 01,34,14,KICK,0.5854045691294653,0,-1.144,1.2819,KICK,0.0
6703,Team 15,18,1,KICK,0.8833970308388606,1,3,2.5466,GO,0.3707
6704,Team 10,83,15,KICK,0.008162571153159897,0,-1.928,-1.8878,PUNT,1.5238
6705,Team 09,46,5,GO,0.5599900585150124,1,4.16,1.3967,GO,0.0
6706,Team 02,20,13,KICK,0.8599650843722273,1,3,2.4511,KICK,0.0
6707,Team 11,78,14,PUNT,,,-0.324,-0.324,PUNT,0.0
6708,Team 07,27,6,KICK,0.7464939833376621,0,-1.032,1.9779,KICK,0.0
6709,Team 07,82,15,PUNT,,,-0.356,-0.356,PUNT,0.0
6710,Team 08,80,4,GO,0.5266544657992237,1,2.8,0.1493,GO,0.0
6711,Team 04,14,15,KICK,0.9201950407592125,1,3,2.6948,KICK,0.0
6712,Team 12,22,11,KICK,0.8327160444615168,1,3,2.3389,KICK,0.0
6713,Team 16,74,5,PUNT,,,-0.292,-0.292,GO,0.5496
6714,Team 03,32,10,KICK,0.6352948493228072,0,-1.112,1.5003,KICK,0.0
6715,Team 14,63,7,GO,0.32052370678858894,1,3.48,-0.5561,PUNT,0.3521
6716,Team 13,70,14,PUNT,,,-0.26,-0.26,PUNT,0.0
6717,Team 14,57,14,KICK,0.11204703855699037,0,-1.512,-1.0064,PUNT,0.8504
6718,Team 01,20,8,GO,0.3177501098281303,0,-1.6,0.5607,KICK,1.8904
6719,Team 06,73,14,PUNT,,,-0.284,-0.284,PUNT,0.0
6720,Team 15,69,14,PUNT,,,-0.252,-0.252,PUNT,0.0
6721,Team 07,74,13,PUNT,,,-0.292,-0.292,PUNT,0.0
6722,Team 14,12,8,KICK,0.9343184948673792,1,3,2.7509,KICK,0.0
6723,Team 11,90,11,PUNT,,,-0.42,-0.42,PUNT,0.0
6724,Team 10,29,3,KICK,0.7047456979980911,1,3,1.8001,KICK,0.0
6725,Team 05,32,14,KICK,0.6352948493228072,0,-1.112,1.5003,KICK,0.0
6726,Team 08,82,12,PUNT,,,-0.356,-0.356,PUNT,0.0
6727,Team 03,48,2,GO,0.5480655976092276,1,4.08,1.2599,GO,0.0
6728,Team 02,47,6,KICK,0.2650274005334813,1,3,-0.1986,GO,0.5622
6729,Team 01,66,5,GO,0.4739908119572121,0,-2.52,0.2671,GO,0.0
6730,Team 04,36,3,GO,0.5188412894570203,1,4.56,1.4421,GO,0.0
6731,Team 02,32,8,KICK,0.6352948493228072,1,3,1.5003,KICK,0.0
6732,Team 05,75,11,GO,0.1628431744996628,0,-2.7,-1.7718,PUNT,1.4718
6733,Team 03,18,8,KICK,0.8833970308388606,1,3,2.5466,KICK,0.0
6734,Team 10,57,15,PUNT,,,-0.156,-0.156,PUNT,0.0
6735,Team 01,24,14,KICK,0.8013892651145572,1,3,2.2087,KICK,0.0
6736,Team 02,21,13,KICK,0.8468362842349139,1,3,2.3971,KICK,0.0
6737,Team 08,86,4,GO,0.5266544657992237,1,2.56,-0.0339,GO,0.0
6738,Team 08,50,12,PUNT,,,-0.1,-0.1,PUNT,0.0
6739,Team 11,51,2,KICK,0.19154534856146757,0,-1.416,-0.5701,GO,1.3671
6740,Team 07,78,14,PUNT,,,-0.324,-0.324,PUNT,0.0
6741,Team 11,89,3,GO,0.4335698705359307,0,-2.98,-0.6301,PUNT,0.2181
6742,Team 04,36,7,KICK,0.533698835432901,1,3,1.0527,KICK,0.0
6743,Team 04,74,14,PUNT,,,-0.292,-0.292,PUNT,0.0
6744,Team 07,28,9,KICK,0.7261149812607792,1,3,1.8913,KICK,0.0
6745,Team 03,11,3,KICK,0.9404756340234984,1,3,2.7752,KICK,0.0
6746,Team 07,87,1,GO,0.7454553407611428,1,2.52,1.1302,GO,0.0
6747,Team 12,28,15,KICK,0.7261149812607792,1,3,1.8913,KICK,0.0
6748,Team 16,27,10,KICK,0.7464939833376621,1,3,1.9779,KICK,0.0
6749,Team 08,89,12,PUNT,,,-0.412,-0.412,PUNT,0.0
6750,Team 13,40,14,KICK,0.42922838810550845,0,-1.24,0.5799,KICK,0.0
6751,Team 12,77,6,GO,0.5115352589374579,1,2.92,0.1553,GO,0.0
6752,Team 06,84,15,PUNT,,,-0.372,-0.372,PUNT,0.0
6753,Team 15,71,5,GO,0.4400992987044506,0,-2.62,-0.0762,GO,0.0
6754,Team 05,33,7,KICK,0.610639233949222,1,3,1.3927,KICK,0.0
6755,Team 06,88,10,PUNT,,,-0.404,-0.404,PUNT,0.0
6756,Team 03,20,10,KICK,0.8599650843722273,1,3,2.4511,KICK,0.0
6757,Team 13,41,1,GO,0.7749896631651041,0,-2.02,2.9244,GO,0.0
6758,Team 02,31,9,KICK,0.6592603884513855,0,-1.096,1.6043,KICK,0.0
6759,Team 13,89,15,KICK,0.004363968112352547,0,-2.024,-2.0021,PUNT,1.5901
6760,Team 05,29,9,KICK,0.7047456979980911,0,-1.064,1.8001,KICK,0.0
6761,Team 09,40,13,KICK,0.42922838810550845,0,-1.24,0.5799,KICK,0.0
6762,Team 12,29,14,KICK,0.7047456979980911,1,3,1.8001,KICK,0.0
6763,Team 10,60,13,KICK,0.08432369642147458,0,-1.56,-1.1755,PUNT,0.9955
6764,Team 15,61,10,PUNT,,,-0.188,-0.188,PUNT,0.0
6765,Team 06,62,10,PUNT,,,-0.196,-0.196,PUNT,0.0
6766,Team 06,64,13,KICK,0.05705458259892049,0,-1.624,-1.3602,PUNT,1.1482
6767,Team 13,81,9,KICK,0.010050813883473765,0,-1.896,-1.8468,PUNT,1.4988
6768,Team 04,68,2,GO,0.5733178358600778,1,3.28,0.7882,GO,0.0
6769,Team 05,48,9,GO,0.2319694549799276,0,-2.16,-0.7125,PUNT,0.6285
6770,Team 14,22,7,KICK,0.8327160444615168,1,3,2.3389,KICK,0.0
6771,Team 06,25,14,KICK,0.7841471891774855,1,3,2.1366,KICK,0.0
6772,Team 05,66,13,PUNT,,,-0.228,-0.228,PUNT,0.0
6773,Team 13,76,13,PUNT,,,-0.308,-0.308,PUNT,0.0
6774,Team 07,84,8,PUNT,,,-0.372,-0.372,PUNT,0.0
6775,Team 13,68,10,GO,0.3222836779454518,0,-2.56,-0.6779,PUNT,0.4339
6776,Team 15,11,7,KICK,0.9404756340234984,1,3,2.7752,KICK,0.0
6777,Team 14,20,5,KICK,0.8599650843722273,1,3,2.4511,KICK,0.0
6778,Team 01,21,10,KICK,0.8468362842349139,1,3,2.3971,KICK,0.0
6779,Team 15,57,9,PUNT,,,-0.156,-0.156,PUNT,0.0
6780,Team 01,75,7,GO,0.3672271904706913,1,3.0,-0.6068,PUNT,0.3068
6781,Team 14,55,6,PUNT,,,-0.14,-0.14,GO,0.0982
6782,Team 16,70,1,GO,0.7179431443239072,1,3.2,1.5641,GO,0.0
6783,Team 01,36,11,KICK,0.533698835432901,0,-1.176,1.0527,KICK,0.0
6784,Team 03,35,13,KICK,0.5597136492671929,1,3,1.1684,KICK,0.0
6785,Team 13,45,3,GO,0.6892688541839076,0,-2.1,2.2424,GO,0.0
6786,Team 14,18,10,KICK,0.8833970308388606,1,3,2.5466,KICK,0.0
6787,Team 06,56,15,PUNT,,,-0.148,-0.148,PUNT,0.0
6788,Team 14,87,14,KICK,0.005378247173848609,0,-1.992,-1.9652,PUNT,1.5692
6789,Team 05,18,12,KICK,0.8833970308388606,1,3,2.5466,KICK,0.0
6790,Team 02,24,14,KICK,0.8013892651145572,0,-0.984,2.2087,KICK,0.0
6791,Team 01,37,13,KICK,0.5074994375506204,0,-1.192,0.9354,KICK,0.0
6792,Team 13,62,10,PUNT,,,-0.196,-0.196,PUNT,0.0
6793,Team 05,47,10,KICK,0.2650274005334813,0,-1.352,-0.1986,PUNT,0.1226
6794,Team 05,89,1,GO,0.6370946554825867,1,2.44,0.4731,GO,0.0
6795,Team 14,50,10,KICK,0.20833350927014557,0,-1.4,-0.4833,PUNT,0.3833
6796,Team 03,60,5,GO,0.38529290273260947,0,-2.4,-0.0882,GO,0.0
6797,Team 16,74,14,PUNT,,,-0.292,-0.292,PUNT,0.0
6798,Team 07,83,9,PUNT,,,-0.364,-0.364,PUNT,0.0
6799,Team 07,25,10,GO,0.2879254391158803,0,-1.7,0.2291,KICK,1.9075
6800,Team 02,66,15,PUNT,,,-0.228,-0.228,PUNT,0.0
6801,Team 16,35,8,KICK,0.5597136492671929,1,3,1.1684,KICK,0.0
6802,Team 06,85,10,PUNT,,,-0.38,-0.38,PUNT,0.0
6803,Team 15,47,11,PUNT,,,-0.076,-0.076,PUNT,0.0
6804,Team 14,89,9,PUNT,,,-0.412,-0.412,PUNT,0.0
6805,Team 08,13,6,KICK,0.9275735146384823,1,3,2.7242,KICK,0.0
6806,Team 10,21,5,KICK,0.8468362842349139,0,-0.936,2.3971,KICK,0.0
6807,Team 03,19,7,KICK,0.8721384336809187,1,3,2.5008,KICK,0.0
6808,Team 09,53,15,PUNT,,,-0.124,-0.124,PUNT,0.0
6809,Team 05,74,4,PUNT,,,-0.292,-0.292,GO,0.3331
6810,Team 12,39,5,GO,0.5661473020656971,1,4.44,1.6547,GO,0.0
6811,Team 12,47,10,PUNT,,,-0.076,-0.076,PUNT,0.0
6812,Team 02,49,11,KICK,0.22618142573054625,1,3,-0.3924,PUNT,0.3004
6813,Team 05,16,6,KICK,0.903348789058409,1,3,2.6273,KICK,0.0
6814,Team 14,50,5,GO,0.422781323781126,0,-2.2,0.4212,GO,0.0
6815,Team 13,43,1,GO,0.7749896631651041,1,4.28,2.8534,GO,0.0
6816,Team 13,12,3,GO,0.6892688541839076,1,5.52,3.3573,GO,0.0
6817,Team 01,57,11,PUNT,,,-0.156,-0.156,PUNT,0.0
6818,Team 01,11,10,KICK,0.9404756340234984,1,3,2.7752,KICK,0.0
6819,Team 06,26,6,KICK,0.7658456258197972,0,-1.016,2.0596,KICK,0.0
6820,Team 14,82,8,PUNT,,,-0.356,-0.356,PUNT,0.0
6821,Team 14,51,1,GO,0.6384478943768523,1,3.96,1.7256,GO,0.0
6822,Team 10,37,7,KICK,0.5074994375506204,0,-1.192,0.9354,KICK,0.0
6823,Team 08,43,2,GO,0.6333740470762804,0,-2.06,1.9556,GO,0.0
6824,Team 13,64,15,PUNT,,,-0.212,-0.212,PUNT,0.0
6825,Team 12,64,9,GO,0.35118128519705183,0,-2.48,-0.401,PUNT,0.189
6826,Team 11,20,7,KICK,0.8599650843722273,1,3,2.4511,KICK,0.0
6827,Team 03,27,1,KICK,0.7464939833376621,1,3,1.9779,GO,0.2899
6828,Team 10,15,7,KICK,0.9121360851706988,1,3,2.6626,KICK,0.0
6829,Team 13,54,15,PUNT,,,-0.132,-0.132,PUNT,0.0
6830,Team 05,33,6,KICK,0.610639233949222,1,3,1.3927,KICK,0.0
6831,Team 04,19,1,GO,0.6260717063282923,1,5.24,2.6898,GO,0.0
6832,Team 12,46,11,KICK,0.2859777732226985,0,-1.336,-0.096,PUNT,0.028
6833,Team 14,89,10,PUNT,,,-0.412,-0.412,PUNT,0.0
6834,Team 13,73,3,GO,0.6892688541839076,0,-2.66,1.2964,GO,0.0
6835,Team 08,21,2,KICK,0.8468362842349139,1,3,2.3971,GO,0.2771
6836,Team 10,74,11,PUNT,,,-0.292,-0.292,PUNT,0.0
6837,Team 06,77,1,GO,0.7052076153533808,1,2.92,1.2515,GO,0.0
6838,Team 10,88,8,PUNT,,,-0.404,-0.404,PUNT,0.0
6839,Team 11,39,10,KICK,0.45512110762641994,1,3,0.6984,KICK,0.0
6840,Team 16,63,12,PUNT,,,-0.204,-0.204,PUNT,0.0
6841,Team 12,61,10,PUNT,,,-0.188,-0.188,PUNT,0.0
6842,Team 05,24,11,KICK,0.8013892651145572,1,3,2.2087,KICK,0.0
6843,Team 14,90,6,PUNT,,,-0.42,-0.42,PUNT,0.0
6844,Team 06,67,13,GO,0.14581873969738177,0,-2.54,-1.6855,PUNT,1.4495
6845,Team 02,71,12,PUNT,,,-0.268,-0.268,PUNT,0.0
6846,Team 06,18,15,KICK,0.8833970308388606,1,3,2.5466,KICK,0.0
6847,Team 03,77,7,KICK,0.015217121208656311,0,-1.832,-1.7585,PUNT,1.4425
6848,Team 16,40,14,PUNT,,,-0.02,-0.02,KICK,0.5999
6849,Team 10,62,7,PUNT,,,-0.196,-0.196,PUNT,0.0
6850,Team 06,43,1,GO,0.7052076153533808,1,4.28,2.411,GO,0.0
6851,Team 10,59,5,PUNT,,,-0.172,-0.172,PUNT,0.0
6852,Team 03,71,15,PUNT,,,-0.268,-0.268,PUNT,0.0
6853,Team 07,76,6,GO,0.4936300767509541,0,-2.72,0.0838,GO,0.0
6854,Team 15,54,4,GO,0.4948104192229929,1,3.84,0.7482,GO,0.0
6855,Team 14,50,7,PUNT,,,-0.1,-0.1,PUNT,0.0
6856,Team 07,60,10,PUNT,,,-0.18,-0.18,PUNT,0.0
6857,Team 07,81,11,PUNT,,,-0.348,-0.348,PUNT,0.0
6858,Team 08,62,6,PUNT,,,-0.196,-0.196,GO,0.244
6859,Team 13,34,13,KICK,0.5854045691294653,0,-1.144,1.2819,KICK,0.0
6860,Team 04,61,12,PUNT,,,-0.188,-0.188,PUNT,0.0
6861,Team 05,88,13,PUNT,,,-0.404,-0.404,PUNT,0.0
6862,Team 15,70,11,PUNT,,,-0.26,-0.26,PUNT,0.0
6863,Team 01,59,13,KICK,0.09279295311715706,0,-1.544,-1.1223,PUNT,0.9503
6864,Team 04,59,11,PUNT,,,-0.172,-0.172,PUNT,0.0
6865,Team 01,66,13,PUNT,,,-0.228,-0.228,PUNT,0.0
6866,Team 09,79,11,PUNT,,,-0.332,-0.332,PUNT,0.0
6867,Team 13,42,8,GO,0.4247517878519248,1,4.32,0.6614,GO,0.0
6868,Team 16,82,9,GO,0.30455117633797296,0,-2.84,-1.1467,PUNT,0.7907
6869,Team 06,42,6,KICK,0.37871640480893237,0,-1.272,0.3459,GO,0.4335
6870,Team 12,89,13,PUNT,,,-0.412,-0.412,PUNT,0.0
6871,Team 03,30,15,KICK,0.6824383021930649,1,3,1.7043,KICK,0.0
6872,Team 07,51,5,PUNT,,,-0.108,-0.108,GO,1.2776
6873,Team 14,67,9,PUNT,,,-0.236,-0.236,PUNT,0.0
6874,Team 01,18,2,KICK,0.8833970308388606,1,3,2.5466,GO,0.2401
6875,Team 02,12,6,KICK,0.9343184948673792,1,3,2.7509,KICK,0.0
6876,Team 09,26,10,KICK,0.7658456258197972,1,3,2.0596,KICK,0.0
6877,Team 04,68,10,KICK,0.038235691765958195,0,-1.688,-1.5088,PUNT,1.2648
6878,Team 08,63,4,GO,0.5266544657992237,0,-2.46,0.6683,GO,0.0
6879,Team 04,19,13,KICK,0.8721384336809187,1,3,2.5008,KICK,0.0
6880,Team 06,12,8,KICK,0.9343184948673792,1,3,2.7509,KICK,0.0
6881,Team 08,65,6,GO,0.41744252810344173,0,-2.5,-0.0371,GO,0.0
6882,Team 13,16,12,KICK,0.903348789058409,1,3,2.6273,KICK,0.0
6883,Team 13,25,11,GO,0.27621863611689645,1,5.0,0.1507,KICK,1.9859
6884,Team 06,32,2,GO,0.6575107676168527,1,4.72,2.4733,GO,0.0
6885,Team 13,77,8,GO,0.4247517878519248,1,2.92,-0.3359,PUNT,0.0199
6886,Team 06,13,10,KICK,0.9275735146384823,1,3,2.7242,KICK,0.0
6887,Team 06,18,9,KICK,0.8833970308388606,0,-0.888,2.5466,KICK,0.0
6888,Team 16,33,2,GO,0.6713465706923882,1,4.68,2.5306,GO,0.0
6889,Team 14,51,11,PUNT,,,-0.108,-0.108,PUNT,0.0
6890,Team 06,34,7,KICK,0.5854045691294653,1,3,1.2819,KICK,0.0
6891,Team 01,88,15,PUNT,,,-0.404,-0.404,PUNT,0.0
6892,Team 13,86,7,PUNT,,,-0.388,-0.388,GO,0.0939
6893,Team 06,81,10,PUNT,,,-0.348,-0.348,PUNT,0.0
6894,Team 12,38,6,KICK,0.4812587841214649,1,3,0.8171,GO,0.5172
6895,Team 09,41,9,PUNT,,,-0.028,-0.028,KICK,0.4902
6896,Team 09,23,5,KICK,0.8175744761936437,1,3,2.2761,KICK,0.0
6897,Team 05,54,10,PUNT,,,-0.132,-0.132,PUNT,0.0
6898,Team 13,88,5,GO,0.5882421741646358,1,2.48,0.24,GO,0.0
6899,Team 09,14,1,GO,0.7541967228490082,1,5.44,3.739,GO,0.0
6900,Team 13,52,8,GO,0.4247517878519248,1,3.92,0.3765,GO,0.0
6901,Team 02,67,14,PUNT,,,-0.236,-0.236,PUNT,0.0
6902,Team 02,24,4,KICK,0.8013892651145572,1,3,2.2087,KICK,0.0
6903,Team 15,82,5,PUNT,,,-0.356,-0.356,PUNT,0.0
6904,Team 07,42,3,GO,0.6535134081523024,0,-2.04,2.1163,GO,0.0
6905,Team 15,39,8,KICK,0.45512110762641994,0,-1.224,0.6984,KICK,0.0
6906,Team 09,11,11,KICK,0.9404756340234984,1,3,2.7752,KICK,0.0
6907,Team 04,19,15,KICK,0.8721384336809187,1,3,2.5008,KICK,0.0
6908,Team 02,39,5,KICK,0.45512110762641994,1,3,0.6984,GO,0.2343
6909,Team 07,12,6,KICK,0.9343184948673792,1,3,2.7509,KICK,0.0
6910,Team 01,12,6,KICK,0.9343184948673792,1,3,2.7509,KICK,0.0
6911,Team 06,85,13,PUNT,,,-0.38,-0.38,PUNT,0.0
6912,Team 05,71,5,GO,0.42135247739455595,0,-2.62,-0.1846,GO,0.0
6913,Team 09,50,1,GO,0.7541967228490082,1,4.0,2.476,GO,0.0
6914,Team 09,60,9,GO,0.34550014746396424,0,-2.4,-0.327,PUNT,0.147
6915,Team 04,83,8,GO,0.2641325125711688,0,-2.86,-1.3967,PUNT,1.0327
6916,Team 04,86,6,PUNT,,,-0.388,-0.388,PUNT,0.0
6917,Team 01,89,10,PUNT,,,-0.412,-0.412,PUNT,0.0
6918,Team 07,20,9,KICK,0.8599650843722273,1,3,2.4511,KICK,0.0
6919,Team 07,65,8,GO,0.3856863695078365,0,-2.5,-0.2245,PUNT,0.0045
6920,Team 13,58,5,GO,0.5882421741646358,0,-2.36,1.193,GO,0.0
6921,Team 07,63,12,KICK,0.06297335605699649,0,-1.608,-1.3178,PUNT,1.1138
6922,Team 12,66,11,PUNT,,,-0.228,-0.228,PUNT,0.0
6923,Team 07,82,6,GO,0.4936300767509541,0,-2.84,-0.0954,GO,0.0
6924,Team 01,19,14,KICK,0.8721384336809187,1,3,2.5008,KICK,0.0
6925,Team 14,24,15,KICK,0.8013892651145572,1,3,2.2087,KICK,0.0
6926,Team 14,63,5,PUNT,,,-0.204,-0.204,GO,0.2553
6927,Team 07,26,15,KICK,0.7658456258197972,1,3,2.0596,KICK,0.0
6928,Team 05,86,5,GO,0.42135247739455595,1,2.56,-0.611,PUNT,0.223
6929,Team 15,65,6,PUNT,,,-0.22,-0.22,GO,0.0022
6930,Team 02,70,7,PUNT,,,-0.26,-0.26,PUNT,0.0
6931,Team 11,31,11,KICK,0.6592603884513855,1,3,1.6043,KICK,0.0
6932,Team 12,60,1,GO,0.7588068543713931,1,3.6,2.1528,GO,0.0
6933,Team 10,21,2,KICK,0.8468362842349139,1,3,2.3971,KICK,0.0
6934,Team 09,32,3,GO,0.6639890054498807,0,-1.84,2.5158,GO,0.0
6935,Team 11,85,7,PUNT,,,-0.38,-0.38,PUNT,0.0
6936,Team 10,19,12,KICK,0.8721384336809187,1,3,2.5008,KICK,0.0
6937,Team 04,43,7,GO,0.3090425788856058,0,-2.06,-0.1007,KICK,0.3321
6938,Team 04,57,4,PUNT,,,-0.156,-0.156,GO,0.6273
6939,Team 15,56,5,PUNT,,,-0.148,-0.148,GO,0.5038
6940,Team 07,71,10,PUNT,,,-0.268,-0.268,PUNT,0.0
6941,Team 12,57,14,PUNT,,,-0.156,-0.156,PUNT,0.0
6942,Team 07,54,15,KICK,0.14741766105380757,0,-1.464,-0.8059,PUNT,0.6739
6943,Team 15,69,13,PUNT,,,-0.252,-0.252,PUNT,0.0
6944,Team 05,24,11,KICK,0.8013892651145572,0,-0.984,2.2087,KICK,0.0
6945,Team 06,51,3,GO,0.6064038791149935,1,3.96,1.5276,GO,0.0
6946,Team 01,75,4,GO,0.5289349488921719,0,-2.7,0.3149,GO,0.0
6947,Team 12,24,14,KICK,0.8013892651145572,0,-0.984,2.2087,KICK,0.0
6948,Team 14,54,2,GO,0.5862862634331419,0,-2.28,1.3081,GO,0.0
6949,Team 11,81,3,GO,0.4335698705359307,0,-2.82,-0.4007,PUNT,0.0527
6950,Team 14,60,9,PUNT,,,-0.18,-0.18,PUNT,0.0
6951,Team 08,64,9,PUNT,,,-0.212,-0.212,PUNT,0.0
6952,Team 01,71,10,PUNT,,,-0.268,-0.268,PUNT,0.0
6953,Team 13,48,13,KICK,0.24508501313237172,1,3,-0.2975,PUNT,0.2135
6954,Team 01,78,6,GO,0.41966938533727444,0,-2.76,-0.3931,PUNT,0.0691
6955,Team 02,74,2,GO,0.6163941829217663,0,-2.68,0.8458,GO,0.0
6956,Team 01,11,3,GO,0.583186768451493,0,-1.42,2.6506,KICK,0.1246
6957,Team 05,14,9,KICK,0.9201950407592125,1,3,2.6948,KICK,0.0
6958,Team 05,36,13,KICK,0.533698835432901,1,3,1.0527,KICK,0.0
6959,Team 11,46,12,PUNT,,,-0.068,-0.068,PUNT,0.0
6960,Team 06,37,3,GO,0.6064038791149935,1,4.52,1.9774,GO,0.0
6961,Team 08,53,10,KICK,0.1611089495765853,0,-1.448,-0.7314,PUNT,0.6074
6962,Team 08,70,4,PUNT,,,-0.26,-0.26,GO,0.7146
6963,Team 12,26,1,GO,0.7588068543713931,1,4.96,3.3488,GO,0.0
6964,Team 12,38,7,GO,0.4566464446563816,0,-1.96,0.9808,GO,0.0
6965,Team 10,31,13,KICK,0.6592603884513855,1,3,1.6043,KICK,0.0
6966,Team 15,59,15,PUNT,,,-0.172,-0.172,PUNT,0.0
6967,Team 15,52,1,GO,0.6545818519692127,1,3.92,1.7922,GO,0.0
6968,Team 04,54,4,PUNT,,,-0.132,-0.132,GO,0.6911
6969,Team 12,60,11,PUNT,,,-0.18,-0.18,PUNT,0.0
6970,Team 01,86,1,PUNT,,,-0.388,-0.388,GO,1.2206
6971,Team 09,65,14,KICK,0.051661435466084885,0,-1.64,-1.4003,PUNT,1.1803
6972,Team 11,79,13,PUNT,,,-0.332,-0.332,PUNT,0.0
6973,Team 15,45,4,GO,0.4948104192229929,0,-2.1,1.0173,GO,0.0
6974,Team 10,57,3,GO,0.4615130443401682,0,-2.34,0.4568,GO,0.0
6975,Team 11,80,7,GO,0.24098245287085068,0,-2.8,-1.4505,PUNT,1.1105
6976,Team 11,13,10,KICK,0.9275735146384823,1,3,2.7242,KICK,0.0
6977,Team 02,41,7,PUNT,,,-0.028,-0.028,KICK,0.4902
6978,Team 13,14,15,KICK,0.9201950407592125,1,3,2.6948,KICK,0.0
6979,Team 06,23,2,KICK,0.8175744761936437,1,3,2.2761,GO,0.4955
6980,Team 09,31,6,GO,0.5052802311918284,1,4.76,1.5047,KICK,0.0996
6981,Team 16,74,12,KICK,0.02073457758943501,0,-1.784,-1.6848,PUNT,1.3928
6982,Team 05,79,14,PUNT,,,-0.332,-0.332,PUNT,0.0
6983,Team 10,14,14,KICK,0.9201950407592125,1,3,2.6948,KICK,0.0
6984,Team 05,54,12,PUNT,,,-0.132,-0.132,PUNT,0.0
6985,Team 10,50,4,PUNT,,,-0.1,-0.1,GO,0.4266
6986,Team 06,75,2,GO,0.6575107676168527,1,3.0,1.0478,GO,0.0
6987,Team 01,56,14,PUNT,,,-0.148,-0.148,PUNT,0.0
6988,Team 09,63,15,PUNT,,,-0.204,-0.204,PUNT,0.0
6989,Team 11,32,11,KICK,0.6352948493228072,1,3,1.5003,KICK,0.0
6990,Team 07,42,9,KICK,0.37871640480893237,0,-1.272,0.3459,KICK,0.0
6991,Team 11,54,3,GO,0.4335698705359307,1,3.84,0.3734,GO,0.0
6992,Team 15,70,8,GO,0.2888945335324451,1,3.2,-0.9244,PUNT,0.6644
6993,Team 03,23,6,KICK,0.8175744761936437,0,-0.968,2.2761,KICK,0.0
6994,Team 15,90,13,PUNT,,,-0.42,-0.42,PUNT,0.0
6995,Team 02,81,11,PUNT,,,-0.348,-0.348,PUNT,0.0
6996,Team 04,90,5,PUNT,,,-0.42,-0.42,PUNT,0.0
6997,Team 11,70,15,PUNT,,,-0.26,-0.26,PUNT,0.0
6998,Team 04,61,1,GO,0.6260717063282923,1,3.56,1.3239,GO,0.0
6999,Team 08,68,15,PUNT,,,-0.244,-0.244,PUNT,0.0
7000,Team 06,77,12,PUNT,,,-0.316,-0.316,PUNT,0.0
7001,Team 12,10,12,KICK,0.9460888925720083,1,3,2.7973,KICK,0.0
7002,Team 02,75,6,PUNT,,,-0.3,-0.3,PUNT,0.0
7003,Team 06,19,12,KICK,0.8721384336809187,1,3,2.5008,KICK,0.0
7004,Team 13,74,4,GO,0.6403084946867348,1,3.04,0.9826,GO,0.0
7005,Team 15,17,10,KICK,0.8937850083248244,1,3,2.5887,KICK,0.0
7006,Team 10,29,13,KICK,0.7047456979980911,1,3,1.8001,KICK,0.0
7007,Team 12,37,3,KICK,0.5074994375506204,1,3,0.9354,GO,1.4499
7008,Team 04,32,6,KICK,0.6352948493228072,1,3,1.5003,KICK,0.0
7009,Team 13,43,2,GO,0.7343299545462806,1,4.28,2.5957,GO,0.0
7010,Team 03,18,14,KICK,0.8833970308388606,1,3,2.5466,KICK,0.0
7011,Team 15,57,8,GO,0.2888945335324451,0,-2.34,-0.5893,PUNT,0.4333
7012,Team 08,48,12,PUNT,,,-0.084,-0.084,PUNT,0.0
7013,Team 11,34,10,KICK,0.5854045691294653,1,3,1.2819,KICK,0.0
7014,Team 06,80,8,PUNT,,,-0.34,-0.34,PUNT,0.0
7015,Team 10,23,15,KICK,0.8175744761936437,1,3,2.2761,KICK,0.0
7016,Team 10,55,15,PUNT,,,-0.14,-0.14,PUNT,0.0
7017,Team 13,27,14,KICK,0.7464939833376621,0,-1.032,1.9779,KICK,0.0
7018,Team 05,65,11,PUNT,,,-0.22,-0.22,PUNT,0.0
7019,Team 08,71,10,PUNT,,,-0.268,-0.268,PUNT,0.0
7020,Team 15,29,14,KICK,0.7047456979980911,1,3,1.8001,KICK,0.0
7021,Team 09,88,8,PUNT,,,-0.404,-0.404,PUNT,0.0
7022,Team 02,52,2,GO,0.6163941829217663,1,3.92,1.557,GO,0.0
7023,Team 02,81,5,PUNT,,,-0.348,-0.348,GO,0.0597
7024,Team 09,72,1,GO,0.7541967228490082,1,3.12,1.7042,GO,0.0
7025,Team 05,14,5,KICK,0.9201950407592125,1,3,2.6948,KICK,0.0
7026,Team 05,16,4,GO,0.47571317758111337,1,5.36,1.7529,KICK,0.8744
7027,Team 06,59,14,PUNT,,,-0.172,-0.172,PUNT,0.0
7028,Team 03,49,6,GO,0.3346691378560442,1,4.04,-0.0984,PUNT,0.0064
7029,Team 13,89,10,PUNT,,,-0.412,-0.412,PUNT,0.0
7030,Team 07,88,4,GO,0.6021709365103962,0,-2.96,0.3158,GO,0.0
7031,Team 14,52,11,PUNT,,,-0.116,-0.116,PUNT,0.0
7032,Team 10,44,6,KICK,0.33070459722255413,0,-1.304,0.1194,KICK,0.0
7033,Team 13,61,10,GO,0.3222836779454518,1,3.56,-0.4927,PUNT,0.3047
7034,Team 10,77,10,PUNT,,,-0.316,-0.316,PUNT,0.0
7035,Team 02,20,10,KICK,0.8599650843722273,1,3,2.4511,KICK,0.0
7036,Team 08,16,12,KICK,0.903348789058409,1,3,2.6273,KICK,0.0
7037,Team 05,42,12,KICK,0.37871640480893237,0,-1.272,0.3459,KICK,0.0
7038,Team 07,64,10,PUNT,,,-0.212,-0.212,PUNT,0.0
7039,Team 06,15,11,KICK,0.9121360851706988,1,3,2.6626,KICK,0.0
7040,Team 12,90,10,PUNT,,,-0.42,-0.42,PUNT,0.0
7041,Team 09,59,5,GO,0.5599900585150124,1,3.64,0.9911,GO,0.0
7042,Team 07,71,4,GO,0.6021709365103962,0,-2.62,0.8605,GO,0.0
7043,Team 08,38,14,KICK,0.4812587841214649,1,3,0.8171,KICK,0.0
7044,Team 09,74,2,GO,0.7111799598144781,1,3.04,1.3879,GO,0.0
7045,Team 12,54,5,GO,0.5661473020656971,1,3.84,1.1848,GO,0.0
7046,Team 12,26,15,KICK,0.7658456258197972,1,3,2.0596,KICK,0.0
7047,Team 11,21,15,KICK,0.8468362842349139,0,-0.936,2.3971,KICK,0.0
7048,Team 14,74,2,GO,0.5862862634331419,1,3.04,0.6736,GO,0.0
7049,Team 01,81,5,PUNT,,,-0.348,-0.348,GO,0.1729
7050,Team 01,59,5,GO,0.4739908119572121,0,-2.38,0.4734,GO,0.0
7051,Team 16,49,8,GO,0.35303653218502695,1,4.04,0.0159,GO,0.0
7052,Team 15,50,13,PUNT,,,-0.1,-0.1,PUNT,0.0
7053,Team 05,23,3,KICK,0.8175744761936437,1,3,2.2761,KICK,0.0
7054,Team 10,59,1,GO,0.570954621992401,0,-2.38,1.0571,GO,0.0
7055,Team 03,43,14,PUNT,,,-0.044,-0.044,KICK,0.2754
7056,Team 12,46,8,KICK,0.2859777732226985,1,3,-0.096,GO,0.5055
7057,Team 15,27,4,KICK,0.7464939833376621,1,3,1.9779,KICK,0.0
7058,Team 06,26,13,KICK,0.7658456258197972,0,-1.016,2.0596,KICK,0.0
7059,Team 03,66,15,PUNT,,,-0.228,-0.228,PUNT,0.0
7060,Team 06,74,2,GO,0.6575107676168527,0,-2.68,1.081,GO,0.0
7061,Team 03,27,7,KICK,0.7464939833376621,1,3,1.9779,KICK,0.0
7062,Team 06,43,12,PUNT,,,-0.044,-0.044,KICK,0.2754
7063,Team 03,85,4,GO,0.4385270604912484,0,-2.9,-0.4881,PUNT,0.1081
7064,Team 13,83,8,PUNT,,,-0.364,-0.364,PUNT,0.0
7065,Team 14,29,15,KICK,0.7047456979980911,1,3,1.8001,KICK,0.0
7066,Team 14,19,15,KICK,0.8721384336809187,1,3,2.5008,KICK,0.0
7067,Team 04,16,14,KICK,0.903348789058409,1,3,2.6273,KICK,0.0
7068,Team 15,78,2,GO,0.6033015971633345,0,-2.76,0.6426,GO,0.0
7069,Team 06,49,6,PUNT,,,-0.092,-0.092,GO,0.6693
7070,Team 09,31,15,KICK,0.6592603884513855,1,3,1.6043,KICK,0.0
7071,Team 09,77,4,GO,0.6132802431683475,0,-2.74,0.7312,GO,0.0
7072,Team 10,20,10,KICK,0.8599650843722273,1,3,2.4511,KICK,0.0
7073,Team 14,60,11,PUNT,,,-0.18,-0.18,PUNT,0.0
7074,Team 08,75,1,GO,0.682810727672691,1,3.0,1.192,GO,0.0
7075,Team 09,46,5,GO,0.5599900585150124,0,-2.12,1.3967,GO,0.0
7076,Team 01,17,7,KICK,0.8937850083248244,1,3,2.5887,KICK,0.0
7077,Team 12,75,6,GO,0.5115352589374579,1,3.0,0.2158,GO,0.0
7078,Team 03,69,10,KICK,0.034556230286276544,1,3,-1.5414,PUNT,1.2894
7079,Team 04,32,12,KICK,0.6352948493228072,0,-1.112,1.5003,KICK,0.0
7080,Team 01,54,13,GO,0.13422230634783983,0,-2.28,-1.4586,PUNT,1.3266
7081,Team 04,89,12,PUNT,,,-0.412,-0.412,PUNT,0.0
7082,Team 04,73,5,PUNT,,,-0.284,-0.284,PUNT,0.0
7083,Team 01,27,2,GO,0.6354962284153843,1,4.92,2.4924,GO,0.0
7084,Team 01,18,11,KICK,0.8833970308388606,1,3,2.5466,KICK,0.0
7085,Team 03,19,14,KICK,0.8721384336809187,1,3,2.5008,KICK,0.0
7086,Team 04,27,3,KICK,0.7464939833376621,0,-1.032,1.9779,KICK,0.0
7087,Team 12,78,5,GO,0.5661473020656971,1,2.88,0.4331,GO,0.0
7088,Team 10,88,11,PUNT,,,-0.404,-0.404,PUNT,0.0
7089,Team 02,78,2,GO,0.6163941829217663,1,2.88,0.7165,GO,0.0
7090,Team 01,45,10,PUNT,,,-0.06,-0.06,KICK,0.0701
7091,Team 05,62,3,GO,0.5306555509303387,0,-2.44,0.7227,GO,0.0
7092,Team 01,23,13,KICK,0.8175744761936437,1,3,2.2761,KICK,0.0
7093,Team 10,83,11,PUNT,,,-0.364,-0.364,PUNT,0.0
7094,Team 04,27,15,KICK,0.7464939833376621,1,3,1.9779,KICK,0.0
7095,Team 05,71,6,GO,0.36883363288543497,1,3.16,-0.4881,PUNT,0.2201
7096,Team 09,59,15,PUNT,,,-0.172,-0.172,PUNT,0.0
7097,Team 06,74,2,GO,0.6575107676168527,1,3.04,1.081,GO,0.0
7098,Team 11,33,6,KICK,0.610639233949222,0,-1.128,1.3927,KICK,0.0
7099,Team 06,20,15,KICK,0.8599650843722273,1,3,2.4511,KICK,0.0
7100,Team 08,64,15,KICK,0.05705458259892049,0,-1.624,-1.3602,PUNT,1.1482
7101,Team 04,41,12,KICK,0.40371730070321227,0,-1.256,0.4622,KICK,0.0
7102,Team 08,39,13,KICK,0.45512110762641994,1,3,0.6984,KICK,0.0
7103,Team 12,60,10,GO,0.30283146014450685,0,-2.4,-0.583,PUNT,0.403
7104,Team 12,67,15,PUNT,,,-0.236,-0.236,PUNT,0.0
7105,Team 02,31,12,KICK,0.6592603884513855,1,3,1.6043,KICK,0.0
7106,Team 09,51,13,PUNT,,,-0.108,-0.108,PUNT,0.0
7107,Team 02,16,3,KICK,0.903348789058409,1,3,2.6273,KICK,0.0
7108,Team 03,38,12,KICK,0.4812587841214649,1,3,0.8171,KICK,0.0
7109,Team 06,59,6,GO,0.4433001665920852,0,-2.38,0.2887,GO,0.0
7110,Team 07,56,2,GO,0.7015142308273599,0,-2.32,1.9452,GO,0.0
7111,Team 03,39,6,KICK,0.45512110762641994,0,-1.224,0.6984,KICK,0.0
7112,Team 01,86,9,PUNT,,,-0.388,-0.388,PUNT,0.0
7113,Team 10,64,3,GO,0.4615130443401682,1,3.44,0.2522,GO,0.0
7114,Team 14,67,3,GO,0.532114204592694,1,3.32,0.5782,GO,0.0
7115,Team 04,59,5,GO,0.4098467016511046,1,3.64,0.0873,GO,0.0
7116,Team 11,37,5,KICK,0.5074994375506204,1,3,0.9354,KICK,0.0
7117,Team 08,19,6,KICK,0.8721384336809187,1,3,2.5008,KICK,0.0
7118,Team 04,10,7,KICK,0.9460888925720083,1,3,2.7973,KICK,0.0
7119,Team 12,12,3,GO,0.6695497215555487,1,5.52,3.2201,GO,0.0
7120,Team 11,85,15,PUNT,,,-0.38,-0.38,PUNT,0.0
7121,Team 11,38,5,PUNT,,,-0.004,-0.004,KICK,0.8211
7122,Team 01,55,8,GO,0.3177501098281303,0,-2.3,-0.3617,PUNT,0.2217
7123,Team 04,79,14,PUNT,,,-0.332,-0.332,PUNT,0.0
7124,Team 09,84,5,GO,0.5599900585150124,0,-2.88,0.2111,GO,0.0
7125,Team 15,11,1,GO,0.6545818519692127,1,5.56,3.149,GO,0.0
7126,Team 14,73,5,KICK,0.022977369910025632,0,-1.768,-1.6584,GO,1.4252
7127,Team 12,73,8,GO,0.402790649617937,0,-2.66,-0.348,PUNT,0.064
7128,Team 08,64,3,GO,0.5809608534948784,0,-2.48,0.9593,GO,0.0
7129,Team 14,85,15,PUNT,,,-0.38,-0.38,PUNT,0.0
7130,Team 16,10,8,KICK,0.9460888925720083,1,3,2.7973,KICK,0.0
7131,Team 15,36,7,PUNT,,,0.012,0.012,KICK,1.0407
7132,Team 04,76,1,PUNT,,,-0.308,-0.308,GO,1.1441
7133,Team 09,29,4,KICK,0.7047456979980911,0,-1.064,1.8001,GO,0.4798
7134,Team 09,78,2,GO,0.7111799598144781,0,-2.76,1.2511,GO,0.0
7135,Team 08,70,11,PUNT,,,-0.26,-0.26,PUNT,0.0
7136,Team 01,22,15,KICK,0.8327160444615168,1,3,2.3389,KICK,0.0
7137,Team 04,84,1,GO,0.6260717063282923,1,2.64,0.5759,GO,0.0
7138,Team 05,16,2,KICK,0.903348789058409,1,3,2.6273,KICK,0.0
7139,Team 06,66,7,GO,0.3898889396292549,1,3.36,-0.2275,GO,0.0
7140,Team 06,81,7,PUNT,,,-0.348,-0.348,PUNT,0.0
7141,Team 01,88,1,GO,0.6847891621792315,1,2.48,0.7653,GO,0.0
7142,Team 15,24,2,KICK,0.8013892651145572,1,3,2.2087,GO,0.1655
7143,Team 14,31,12,KICK,0.6592603884513855,0,-1.096,1.6043,KICK,0.0
7144,Team 12,33,1,GO,0.7588068543713931,0,-1.86,3.1026,GO,0.0
7145,Team 11,68,10,PUNT,,,-0.244,-0.244,PUNT,0.0
7146,Team 09,85,5,PUNT,,,-0.38,-0.38,GO,0.5599
7147,Team 06,28,11,KICK,0.7261149812607792,1,3,1.8913,KICK,0.0
7148,Team 16,90,6,GO,0.45866498212655793,0,-3.0,-0.5232,PUNT,0.1032
7149,Team 14,67,4,PUNT,,,-0.236,-0.236,GO,0.4922
7150,Team 06,55,9,PUNT,,,-0.14,-0.14,PUNT,0.0
7151,Team 04,49,8,PUNT,,,-0.092,-0.092,PUNT,0.0
7152,Team 10,14,3,KICK,0.9201950407592125,1,3,2.6948,KICK,0.0
7153,Team 09,67,13,PUNT,,,-0.236,-0.236,PUNT,0.0
7154,Team 08,28,12,KICK,0.7261149812607792,0,-1.048,1.8913,KICK,0.0
7155,Team 12,59,12,KICK,0.09279295311715706,0,-1.544,-1.1223,PUNT,0.9503
7156,Team 16,51,15,PUNT,,,-0.108,-0.108,PUNT,0.0
7157,Team 02,25,5,KICK,0.7841471891774855,1,3,2.1366,KICK,0.0
7158,Team 13,33,8,GO,0.4247517878519248,0,-1.86,0.9179,KICK,0.4748
7159,Team 04,81,11,PUNT,,,-0.348,-0.348,PUNT,0.0
7160,Team 14,53,3,GO,0.532114204592694,1,3.88,1.0072,GO,0.0
7161,Team 02,17,2,GO,0.6163941829217663,1,5.32,2.6885,GO,0.0
7162,Team 02,69,10,KICK,0.034556230286276544,0,-1.704,-1.5414,PUNT,1.2894
7163,Team 09,35,7,GO,0.45044365998876706,0,-1.9,1.0279,KICK,0.1405
7164,Team 01,74,2,GO,0.6354962284153843,1,3.04,0.955,GO,0.0
7165,Team 06,87,6,GO,0.4433001665920852,0,-2.94,-0.5196,PUNT,0.1236
7166,Team 15,71,7,PUNT,,,-0.268,-0.268,PUNT,0.0
7167,Team 03,74,8,KICK,0.02073457758943501,0,-1.784,-1.6848,PUNT,1.3928
7168,Team 14,67,1,GO,0.6384478943768523,0,-2.54,1.2013,GO,0.0
7169,Team 15,26,12,KICK,0.7658456258197972,1,3,2.0596,KICK,0.0
7170,Team 11,52,14,PUNT,,,-0.116,-0.116,PUNT,0.0
7171,Team 08,57,5,PUNT,,,-0.156,-0.156,GO,0.6746
7172,Team 03,61,6,PUNT,,,-0.188,-0.188,PUNT,0.0
7173,Team 03,55,15,PUNT,,,-0.14,-0.14,PUNT,0.0
7174,Team 15,26,4,GO,0.4948104192229929,1,4.96,1.5853,KICK,0.4743
7175,Team 06,81,13,PUNT,,,-0.348,-0.348,PUNT,0.0
7176,Team 06,86,3,PUNT,,,-0.388,-0.388,GO,0.7911
7177,Team 09,84,2,GO,0.7111799598144781,1,2.64,1.0457,GO,0.0
7178,Team 07,61,12,KICK,0.0765621973518122,0,-1.576,-1.2257,PUNT,1.0377
7179,Team 15,18,8,KICK,0.8833970308388606,1,3,2.5466,KICK,0.0
7180,Team 13,72,13,PUNT,,,-0.276,-0.276,PUNT,0.0
7181,Team 02,87,2,GO,0.6163941829217663,1,2.52,0.4255,GO,0.0
7182,Team 16,87,14,PUNT,,,-0.396,-0.396,PUNT,0.0
7183,Team 12,58,4,GO,0.6191988694215159,1,3.68,1.38,GO,0.0
7184,Team 07,56,2,GO,0.7015142308273599,1,3.76,1.9452,GO,0.0
7185,Team 10,38,10,KICK,0.4812587841214649,0,-1.208,0.8171,KICK,0.0
7186,Team 10,51,4,GO,0.4075137590184509,0,-2.22,0.2984,GO,0.0
7187,Team 16,52,3,GO,0.6211145745754056,1,3.92,1.5861,GO,0.0
7188,Team 04,43,12,PUNT,,,-0.044,-0.044,KICK,0.2754
7189,Team 06,41,15,KICK,0.40371730070321227,1,3,0.4622,KICK,0.0
7190,Team 01,55,15,PUNT,,,-0.14,-0.14,PUNT,0.0
7191,Team 07,66,10,GO,0.2879254391158803,1,3.36,-0.827,PUNT,0.599
7192,Team 01,44,1,GO,0.6847891621792315,0,-2.08,2.2479,GO,0.0
7193,Team 06,27,4,GO,0.55285699926031,0,-1.74,1.942,KICK,0.0358
7194,Team 07,18,11,KICK,0.8833970308388606,1,3,2.5466,KICK,0.0
7195,Team 09,65,11,PUNT,,,-0.22,-0.22,PUNT,0.0
7196,Team 16,14,2,KICK,0.9201950407592125,0,-0.824,2.6948,GO,0.4709
7197,Team 05,64,6,GO,0.36883363288543497,1,3.44,-0.2965,PUNT,0.0845
7198,Team 11,72,13,PUNT,,,-0.276,-0.276,PUNT,0.0
7199,Team 05,73,12,PUNT,,,-0.284,-0.284,PUNT,0.0
7200,Team 13,64,15,PUNT,,,-0.212,-0.212,PUNT,0.0
7201,Team 01,24,7,KICK,0.8013892651145572,1,3,2.2087,KICK,0.0
7202,Team 09,13,1,GO,0.7541967228490082,1,5.48,3.7741,GO,0.0
7203,Team 02,15,8,KICK,0.9121360851706988,1,3,2.6626,KICK,0.0
7204,Team 05,31,8,KICK,0.6592603884513855,1,3,1.6043,KICK,0.0
7205,Team 15,10,4,KICK,0.9460888925720083,1,3,2.7973,KICK,0.0
7206,Team 11,84,15,PUNT,,,-0.372,-0.372,PUNT,0.0
7207,Team 07,55,1,GO,0.7454553407611428,1,3.8,2.2473,GO,0.0
7208,Team 11,85,1,PUNT,,,-0.38,-0.38,GO,0.4669
7209,Team 01,84,4,PUNT,,,-0.372,-0.372,GO,0.4117
7210,Team 09,78,9,GO,0.34550014746396424,1,2.88,-0.8114,PUNT,0.4874
7211,Team 09,76,12,PUNT,,,-0.308,-0.308,PUNT,0.0
7212,Team 08,45,2,GO,0.6333740470762804,1,4.2,1.8903,GO,0.0
7213,Team 14,89,11,PUNT,,,-0.412,-0.412,PUNT,0.0
7214,Team 11,79,1,GO,0.5430678179428203,0,-2.78,0.272,GO,0.0
7215,Team 14,70,6,PUNT,,,-0.26,-0.26,PUNT,0.0
7216,Team 04,81,2,GO,0.5733178358600778,0,-2.82,0.3791,GO,0.0
7217,Team 01,69,15,PUNT,,,-0.252,-0.252,PUNT,0.0
7218,Team 04,63,3,PUNT,,,-0.204,-0.204,GO,0.8259
7219,Team 09,35,14,PUNT,,,0.02,0.02,KICK,1.1484
7220,Team 05,11,4,KICK,0.9404756340234984,0,-0.776,2.7752,KICK,0.0
7221,Team 13,83,1,GO,0.7749896631651041,1,2.68,1.4334,GO,0.0
7222,Team 03,76,2,GO,0.5480655976092276,1,2.96,0.393,GO,0.0
7223,Team 09,44,8,PUNT,,,-0.052,-0.052,GO,0.4797
7224,Team 03,48,14,KICK,0.24508501313237172,0,-1.368,-0.2975,PUNT,0.2135
7225,Team 10,72,15,PUNT,,,-0.276,-0.276,PUNT,0.0
7226,Team 07,77,14,KICK,0.015217121208656311,0,-1.832,-1.7585,PUNT,1.4425
7227,Team 07,27,11,KICK,0.7464939833376621,1,3,1.9779,KICK,0.0
7228,Team 11,75,9,PUNT,,,-0.3,-0.3,PUNT,0.0
7229,Team 10,36,12,KICK,0.533698835432901,1,3,1.0527,KICK,0.0
7230,Team 11,51,8,PUNT,,,-0.108,-0.108,PUNT,0.0
7231,Team 03,73,11,PUNT,,,-0.284,-0.284,PUNT,0.0
7232,Team 04,14,6,KICK,0.9201950407592125,1,3,2.6948,KICK,0.0
7233,Team 14,71,14,PUNT,,,-0.268,-0.268,PUNT,0.0
7234,Team 06,16,10,KICK,0.903348789058409,1,3,2.6273,KICK,0.0
7235,Team 02,56,3,GO,0.563227497954577,1,3.76,1.1044,GO,0.0
7236,Team 01,38,12,KICK,0.4812587841214649,0,-1.208,0.8171,KICK,0.0
7237,Team 04,67,4,GO,0.4639130714247188,0,-2.54,0.1785,GO,0.0
7238,Team 03,19,9,KICK,0.8721384336809187,0,-0.904,2.5008,KICK,0.0
7239,Team 11,34,10,KICK,0.5854045691294653,0,-1.144,1.2819,KICK,0.0
7240,Team 16,83,9,PUNT,,,-0.364,-0.364,PUNT,0.0
7241,Team 11,15,14,KICK,0.9121360851706988,1,3,2.6626,KICK,0.0
7242,Team 15,77,5,PUNT,,,-0.316,-0.316,GO,0.067
7243,Team 15,14,10,KICK,0.9201950407592125,1,3,2.6948,KICK,0.0
7244,Team 10,61,9,KICK,0.0765621973518122,0,-1.576,-1.2257,PUNT,1.0377
7245,Team 07,57,15,PUNT,,,-0.156,-0.156,PUNT,0.0
7246,Team 11,62,12,PUNT,,,-0.196,-0.196,PUNT,0.0
7247,Team 12,19,10,KICK,0.8721384336809187,1,3,2.5008,KICK,0.0
7248,Team 14,19,14,KICK,0.8721384336809187,1,3,2.5008,KICK,0.0
7249,Team 01,23,2,KICK,0.8175744761936437,1,3,2.2761,GO,0.3471
7250,Team 16,87,14,PUNT,,,-0.396,-0.396,PUNT,0.0
7251,Team 03,77,6,PUNT,,,-0.316,-0.316,PUNT,0.0
7252,Team 09,43,2,GO,0.7111799598144781,1,4.28,2.4489,GO,0.0
7253,Team 02,18,2,GO,0.6163941829217663,1,5.28,2.6561,GO,0.0
7254,Team 09,20,4,KICK,0.8599650843722273,1,3,2.4511,GO,0.1192
7255,Team 15,73,12,PUNT,,,-0.284,-0.284,PUNT,0.0
7256,Team 10,68,6,PUNT,,,-0.244,-0.244,PUNT,0.0
7257,Team 12,39,6,KICK,0.45512110762641994,0,-1.224,0.6984,GO,0.6056
7258,Team 08,85,1,GO,0.682810727672691,0,-2.9,0.8555,GO,0.0
7259,Team 11,11,11,KICK,0.9404756340234984,1,3,2.7752,KICK,0.0
7260,Team 12,33,8,KICK,0.610639233949222,0,-1.128,1.3927,KICK,0.0
7261,Team 12,28,7,KICK,0.7261149812607792,1,3,1.8913,KICK,0.0
7262,Team 11,24,3,KICK,0.8013892651145572,1,3,2.2087,KICK,0.0
7263,Team 13,55,2,GO,0.7343299545462806,0,-2.3,2.1794,GO,0.0
7264,Team 15,81,3,GO,0.5496461081640299,1,2.76,0.247,GO,0.0
7265,Team 16,23,11,KICK,0.8175744761936437,1,3,2.2761,KICK,0.0
7266,Team 09,67,8,PUNT,,,-0.236,-0.236,GO,0.0212
7267,Team 04,22,7,KICK,0.8327160444615168,1,3,2.3389,KICK,0.0
7268,Team 16,18,13,KICK,0.8833970308388606,1,3,2.5466,KICK,0.0
7269,Team 13,38,1,GO,0.7749896631651041,1,4.48,3.0309,GO,0.0
7270,Team 06,15,6,KICK,0.9121360851706988,0,-0.84,2.6626,KICK,0.0
7271,Team 02,72,6,PUNT,,,-0.276,-0.276,PUNT,0.0
7272,Team 14,62,15,PUNT,,,-0.196,-0.196,PUNT,0.0
7273,Team 15,58,14,PUNT,,,-0.164,-0.164,PUNT,0.0
7274,Team 08,70,6,PUNT,,,-0.26,-0.26,GO,0.0812
7275,Team 12,48,6,PUNT,,,-0.084,-0.084,GO,1.116
7276,Team 01,89,9,GO,0.2720729233363795,0,-2.98,-1.5054,PUNT,1.0934
7277,Team 01,42,11,PUNT,,,-0.036,-0.036,KICK,0.3819
7278,Team 01,57,12,KICK,0.11204703855699037,0,-1.512,-1.0064,PUNT,0.8504
7279,Team 14,60,7,GO,0.32052370678858894,1,3.6,-0.4769,PUNT,0.2969
7280,Team 13,36,9,GO,0.3720816900525986,0,-1.92,0.4911,KICK,0.5616
7281,Team 12,38,12,KICK,0.4812587841214649,1,3,0.8171,KICK,0.0
7282,Team 11,50,15,KICK,0.20833350927014557,1,3,-0.4833,PUNT,0.3833
7283,Team 12,83,1,GO,0.7588068543713931,1,2.68,1.3438,GO,0.0
7284,Team 03,10,3,KICK,0.9460888925720083,1,3,2.7973,KICK,0.0
7285,Team 09,69,13,PUNT,,,-0.252,-0.252,PUNT,0.0
7286,Team 05,64,14,PUNT,,,-0.212,-0.212,PUNT,0.0
7287,Team 01,81,4,PUNT,,,-0.348,-0.348,GO,0.4795
7288,Team 03,70,14,KICK,0.031219353750143126,0,-1.72,-1.5726,PUNT,1.3126
7289,Team 16,31,9,KICK,0.6592603884513855,1,3,1.6043,KICK,0.0
7290,Team 05,22,11,KICK,0.8327160444615168,1,3,2.3389,KICK,0.0
7291,Team 15,76,8,PUNT,,,-0.308,-0.308,PUNT,0.0
7292,Team 03,40,10,KICK,0.42922838810550845,1,3,0.5799,KICK,0.0
7293,Team 05,41,9,KICK,0.40371730070321227,0,-1.256,0.4622,KICK,0.0
7294,Team 15,43,11,PUNT,,,-0.044,-0.044,KICK,0.2754
7295,Team 01,29,13,KICK,0.7047456979980911,0,-1.064,1.8001,KICK,0.0
7296,Team 12,29,4,GO,0.6191988694215159,0,-1.78,2.3191,GO,0.0
7297,Team 04,55,6,GO,0.3578750197347471,1,3.8,-0.117,GO,0.0
7298,Team 10,80,15,PUNT,,,-0.34,-0.34,PUNT,0.0
7299,Team 11,19,3,KICK,0.8721384336809187,0,-0.904,2.5008,KICK,0.0
7300,Team 10,58,15,PUNT,,,-0.164,-0.164,PUNT,0.0
7301,Team 04,36,5,KICK,0.533698835432901,0,-1.176,1.0527,KICK,0.0
7302,Team 04,66,14,PUNT,,,-0.228,-0.228,PUNT,0.0
7303,Team 02,35,13,KICK,0.5597136492671929,1,3,1.1684,KICK,0.0
7304,Team 04,84,12,PUNT,,,-0.372,-0.372,PUNT,0.0
7305,Team 04,41,11,KICK,0.40371730070321227,1,3,0.4622,KICK,0.0
7306,Team 09,29,11,KICK,0.7047456979980911,1,3,1.8001,KICK,0.0
7307,Team 13,24,3,GO,0.6892688541839076,0,-1.68,2.9519,GO,0.0
7308,Team 16,87,10,PUNT,,,-0.396,-0.396,PUNT,0.0
7309,Team 06,86,1,GO,0.7052076153533808,1,2.56,0.9445,GO,0.0
7310,Team 13,75,7,GO,0.4791878692587739,0,-2.7,0.0314,GO,0.0
7311,Team 15,31,11,KICK,0.6592603884513855,1,3,1.6043,KICK,0.0
7312,Team 09,19,8,KICK,0.8721384336809187,0,-0.904,2.5008,KICK,0.0
7313,Team 14,48,14,PUNT,,,-0.084,-0.084,PUNT,0.0
7314,Team 15,26,5,KICK,0.7658456258197972,1,3,2.0596,KICK,0.0
7315,Team 12,17,9,KICK,0.8937850083248244,1,3,2.5887,KICK,0.0
7316,Team 10,42,12,PUNT,,,-0.036,-0.036,KICK,0.3819
7317,Team 15,31,1,GO,0.6545818519692127,1,4.76,2.4871,GO,0.0
7318,Team 06,64,8,GO,0.33899432053520184,1,3.44,-0.4732,PUNT,0.2612
7319,Team 06,39,10,KICK,0.45512110762641994,0,-1.224,0.6984,KICK,0.0
7320,Team 07,24,1,GO,0.7454553407611428,1,5.04,3.3295,GO,0.0
7321,Team 05,49,3,GO,0.5306555509303387,1,4.04,1.1207,GO,0.0
7322,Team 12,36,8,KICK,0.533698835432901,1,3,1.0527,KICK,0.0
7323,Team 10,68,13,KICK,0.038235691765958195,0,-1.688,-1.5088,PUNT,1.2648
7324,Team 09,79,10,KICK,0.012370414740162428,0,-1.864,-1.8038,PUNT,1.4718
7325,Team 08,88,6,PUNT,,,-0.404,-0.404,PUNT,0.0
7326,Team 03,85,6,PUNT,,,-0.38,-0.38,PUNT,0.0
7327,Team 03,45,6,PUNT,,,-0.06,-0.06,KICK,0.0701
7328,Team 04,46,3,GO,0.5188412894570203,0,-2.12,1.1383,GO,0.0
7329,Team 06,58,13,PUNT,,,-0.164,-0.164,PUNT,0.0
7330,Team 13,15,13,KICK,0.9121360851706988,1,3,2.6626,KICK,0.0
7331,Team 02,88,3,PUNT,,,-0.404,-0.404,GO,0.508
7332,Team 07,46,14,KICK,0.2859777732226985,0,-1.336,-0.096,PUNT,0.028
7333,Team 06,21,4,GO,0.55285699926031,1,5.16,2.1284,KICK,0.2688
7334,Team 14,24,13,KICK,0.8013892651145572,1,3,2.2087,KICK,0.0
7335,Team 16,34,4,GO,0.5681437558388193,1,4.64,1.8243,GO,0.0
7336,Team 06,52,15,PUNT,,,-0.116,-0.116,PUNT,0.0
7337,Team 13,67,13,PUNT,,,-0.236,-0.236,PUNT,0.0
7338,Team 10,82,6,PUNT,,,-0.356,-0.356,PUNT,0.0
7339,Team 06,15,7,KICK,0.9121360851706988,1,3,2.6626,KICK,0.0
7340,Team 04,18,8,KICK,0.8833970308388606,1,3,2.5466,KICK,0.0
7341,Team 03,31,4,KICK,0.6592603884513855,0,-1.096,1.6043,KICK,0.0
7342,Team 15,67,7,GO,0.3360919074183416,0,-2.54,-0.5705,PUNT,0.3345
7343,Team 10,74,11,KICK,0.02073457758943501,0,-1.784,-1.6848,PUNT,1.3928
7344,Team 09,59,3,GO,0.6639890054498807,1,3.64,1.6172,GO,0.0
7345,Team 13,28,2,GO,0.7343299545462806,0,-1.76,3.116,GO,0.0
7346,Team 14,75,14,PUNT,,,-0.3,-0.3,PUNT,0.0
7347,Team 07,43,5,GO,0.5484769739869401,1,4.28,1.4173,GO,0.0
7348,Team 13,54,13,PUNT,,,-0.132,-0.132,PUNT,0.0
7349,Team 11,67,2,GO,0.48817701060294577,0,-2.54,0.3207,GO,0.0
7350,Team 01,81,7,GO,0.3672271904706913,0,-2.82,-0.7709,PUNT,0.4229
7351,Team 05,35,5,KICK,0.5597136492671929,0,-1.16,1.1684,KICK,0.0
7352,Team 13,12,1,GO,0.7749896631651041,1,5.52,3.9539,GO,0.0
7353,Team 04,10,1,GO,0.6260717063282923,1,5.6,2.9825,GO,0.0
7354,Team 01,86,10,PUNT,,,-0.388,-0.388,PUNT,0.0
7355,Team 02,64,9,PUNT,,,-0.212,-0.212,PUNT,0.0
7356,Team 04,72,6,PUNT,,,-0.276,-0.276,PUNT,0.0
7357,Team 05,87,8,PUNT,,,-0.396,-0.396,PUNT,0.0
7358,Team 13,11,11,KICK,0.9404756340234984,1,3,2.7752,KICK,0.0
7359,Team 11,74,11,PUNT,,,-0.292,-0.292,PUNT,0.0
7360,Team 15,63,13,PUNT,,,-0.204,-0.204,PUNT,0.0
7361,Team 04,29,8,KICK,0.7047456979980911,1,3,1.8001,KICK,0.0
7362,Team 16,73,15,PUNT,,,-0.284,-0.284,PUNT,0.0
7363,Team 12,49,5,GO,0.5661473020656971,1,4.04,1.3414,GO,0.0
7364,Team 12,81,14,PUNT,,,-0.348,-0.348,PUNT,0.0
7365,Team 01,18,1,KICK,0.8833970308388606,1,3,2.5466,GO,0.5773
7366,Team 13,61,7,KICK,0.0765621973518122,0,-1.576,-1.2257,GO,1.6712
7367,Team 14,55,3,GO,0.532114204592694,0,-2.3,0.9459,GO,0.0
7368,Team 08,21,15,KICK,0.8468362842349139,1,3,2.3971,KICK,0.0
7369,Team 04,86,4,PUNT,,,-0.388,-0.388,GO,0.0102
7370,Team 09,61,2,GO,0.7111799598144781,0,-2.42,1.8329,GO,0.0
7371,Team 10,58,1,GO,0.570954621992401,0,-2.36,1.0886,GO,0.0
7372,Team 12,11,9,KICK,0.9404756340234984,1,3,2.7752,KICK,0.0
7373,Team 08,70,4,GO,0.5266544657992237,1,3.2,0.4546,GO,0.0
7374,Team 03,20,3,KICK,0.8599650843722273,1,3,2.4511,KICK,0.0
7375,Team 02,55,8,GO,0.30032959740928544,1,3.8,-0.468,PUNT,0.328
7376,Team 07,17,4,KICK,0.8937850083248244,1,3,2.5887,GO,0.0022
7377,Team 14,87,15,PUNT,,,-0.396,-0.396,PUNT,0.0
7378,Team 07,68,2,GO,0.7015142308273599,1,3.28,1.5368,GO,0.0
7379,Team 12,50,12,GO,0.21859877550730564,0,-2.2,-0.8447,PUNT,0.7447
7380,Team 02,74,12,PUNT,,,-0.292,-0.292,PUNT,0.0
7381,Team 12,49,14,KICK,0.22618142573054625,0,-1.384,-0.3924,PUNT,0.3004
7382,Team 15,13,9,KICK,0.9275735146384823,1,3,2.7242,KICK,0.0
7383,Team 16,75,10,KICK,0.018706509954354602,0,-1.8,-1.7102,PUNT,1.4102
7384,Team 11,76,6,PUNT,,,-0.308,-0.308,PUNT,0.0
7385,Team 16,82,1,GO,0.7179431443239072,1,2.72,1.1518,GO,0.0
7386,Team 03,36,12,KICK,0.533698835432901,0,-1.176,1.0527,KICK,0.0
7387,Team 16,66,10,PUNT,,,-0.228,-0.228,PUNT,0.0
7388,Team 03,14,3,KICK,0.9201950407592125,1,3,2.6948,KICK,0.0
7389,Team 12,76,6,PUNT,,,-0.308,-0.308,GO,0.4935
7390,Team 13,78,4,PUNT,,,-0.324,-0.324,GO,1.1753
7391,Team 08,48,14,KICK,0.24508501313237172,1,3,-0.2975,PUNT,0.2135
7392,Team 04,53,13,PUNT,,,-0.124,-0.124,PUNT,0.0
7393,Team 01,45,15,PUNT,,,-0.06,-0.06,KICK,0.0701
7394,Team 11,78,5,GO,0.3301955444039654,1,2.88,-0.8977,PUNT,0.5737
7395,Team 08,16,4,GO,0.5266544657992237,0,-1.52,2.1034,KICK,0.5239
7396,Team 06,45,6,PUNT,,,-0.06,-0.06,GO,0.7528
7397,Team 07,19,10,KICK,0.8721384336809187,0,-0.904,2.5008,KICK,0.0
7398,Team 10,63,14,PUNT,,,-0.204,-0.204,PUNT,0.0
7399,Team 03,32,12,KICK,0.6352948493228072,0,-1.112,1.5003,KICK,0.0
7400,Team 05,83,9,PUNT,,,-0.364,-0.364,PUNT,0.0
7401,Team 13,75,2,GO,0.7343299545462806,0,-2.7,1.4857,GO,0.0
7402,Team 12,34,5,GO,0.5661473020656971,0,-1.88,1.8113,GO,0.0
7403,Team 16,58,14,PUNT,,,-0.164,-0.164,PUNT,0.0
7404,Team 16,22,10,KICK,0.8327160444615168,1,3,2.3389,KICK,0.0
7405,Team 05,55,5,GO,0.42135247739455595,0,-2.3,0.2703,GO,0.0
7406,Team 12,26,1,GO,0.7588068543713931,1,4.96,3.3488,GO,0.0
7407,Team 02,86,13,PUNT,,,-0.388,-0.388,PUNT,0.0
7408,Team 02,65,2,GO,0.6163941829217663,1,3.4,1.1367,GO,0.0
7409,Team 16,34,8,KICK,0.5854045691294653,0,-1.144,1.2819,KICK,0.0
7410,Team 03,89,5,PUNT,,,-0.412,-0.412,PUNT,0.0
7411,Team 09,61,4,GO,0.6132802431683475,0,-2.42,1.2474,GO,0.0
7412,Team 13,43,14,PUNT,,,-0.044,-0.044,KICK,0.2754
7413,Team 13,49,13,GO,0.19729350377214794,1,4.04,-0.9528,PUNT,0.8608
7414,Team 16,77,9,PUNT,,,-0.316,-0.316,PUNT,0.0
7415,Team 02,23,4,KICK,0.8175744761936437,1,3,2.2761,KICK,0.0
7416,Team 01,88,9,PUNT,,,-0.404,-0.404,PUNT,0.0
7417,Team 14,54,13,PUNT,,,-0.132,-0.132,PUNT,0.0
7418,Team 11,11,1,KICK,0.9404756340234984,1,3,2.7752,KICK,0.0
7419,Team 12,21,1,GO,0.7588068543713931,0,-1.62,3.5247,GO,0.0
7420,Team 08,82,4,GO,0.5266544657992237,0,-2.84,0.0882,GO,0.0
7421,Team 05,39,11,PUNT,,,-0.012,-0.012,KICK,0.7104
7422,Team 06,54,7,PUNT,,,-0.132,-0.132,GO,0.2381
7423,Team 02,36,11,KICK,0.533698835432901,1,3,1.0527,KICK,0.0
7424,Team 07,23,13,KICK,0.8175744761936437,1,3,2.2761,KICK,0.0
7425,Team 08,87,13,PUNT,,,-0.396,-0.396,PUNT,0.0
7426,Team 11,20,8,KICK,0.8599650843722273,1,3,2.4511,KICK,0.0
7427,Team 07,74,15,PUNT,,,-0.292,-0.292,PUNT,0.0
7428,Team 08,46,14,PUNT,,,-0.068,-0.068,PUNT,0.0
7429,Team 10,62,15,PUNT,,,-0.196,-0.196,PUNT,0.0
7430,Team 08,50,13,KICK,0.20833350927014557,0,-1.4,-0.4833,PUNT,0.3833
7431,Team 10,24,10,KICK,0.8013892651145572,1,3,2.2087,KICK,0.0
7432,Team 03,64,6,GO,0.3346691378560442,0,-2.48,-0.4988,PUNT,0.2868
7433,Team 08,73,7,PUNT,,,-0.284,-0.284,PUNT,0.0
7434,Team 13,43,1,GO,0.7749896631651041,1,4.28,2.8534,GO,0.0
7435,Team 15,76,4,GO,0.4948104192229929,1,2.96,0.0905,GO,0.0
7436,Team 14,57,4,GO,0.4771743507269338,1,3.72,0.5517,GO,0.0
7437,Team 07,77,10,PUNT,,,-0.316,-0.316,PUNT,0.0
7438,Team 15,39,10,PUNT,,,-0.012,-0.012,KICK,0.7104
7439,Team 09,34,4,GO,0.6132802431683475,1,4.64,2.1186,GO,0.0
7440,Team 15,65,3,GO,0.5496461081640299,0,-2.5,0.7429,GO,0.0
7441,Team 16,39,6,KICK,0.45512110762641994,1,3,0.6984,GO,0.2662
7442,Team 16,33,9,GO,0.30455117633797296,0,-1.86,0.1318,KICK,1.261
7443,Team 14,67,10,PUNT,,,-0.236,-0.236,PUNT,0.0
7444,Team 07,31,7,KICK,0.6592603884513855,0,-1.096,1.6043,KICK,0.0
7445,Team 08,72,6,GO,0.41744252810344173,0,-2.64,-0.2355,GO,0.0
7446,Team 06,74,9,PUNT,,,-0.292,-0.292,PUNT,0.0
7447,Team 12,77,3,GO,0.6695497215555487,0,-2.74,1.0497,GO,0.0
7448,Team 12,80,5,GO,0.5661473020656971,0,-2.8,0.3704,GO,0.0
7449,Team 01,86,4,PUNT,,,-0.388,-0.388,GO,0.3666
7450,Team 10,36,10,KICK,0.533698835432901,1,3,1.0527,KICK,0.0
7451,Team 03,83,15,PUNT,,,-0.364,-0.364,PUNT,0.0
7452,Team 01,36,9,KICK,0.533698835432901,0,-1.176,1.0527,KICK,0.0
7453,Team 14,78,15,KICK,0.013721159282518925,0,-1.848,-1.7815,PUNT,1.4575
7454,Team 09,31,4,GO,0.6132802431683475,1,4.76,2.2154,GO,0.0
7455,Team 01,57,14,PUNT,,,-0.156,-0.156,PUNT,0.0
7456,Team 06,40,3,GO,0.6064038791149935,1,4.4,1.881,GO,0.0
7457,Team 07,78,4,GO,0.6021709365103962,0,-2.76,0.6362,GO,0.0
7458,Team 02,45,10,GO,0.2165766261264595,1,4.2,-0.7356,KICK,0.7457
7459,Team 09,34,2,GO,0.7111799598144781,1,4.64,2.7569,GO,0.0
7460,Team 04,48,15,PUNT,,,-0.084,-0.084,PUNT,0.0
7461,Team 05,17,10,KICK,0.8937850083248244,1,3,2.5887,KICK,0.0
7462,Team 11,29,8,KICK,0.7047456979980911,0,-1.064,1.8001,KICK,0.0
7463,Team 05,23,12,KICK,0.8175744761936437,1,3,2.2761,KICK,0.0
7464,Team 13,58,7,GO,0.4791878692587739,0,-2.36,0.5343,GO,0.0
7465,Team 02,14,8,KICK,0.9201950407592125,1,3,2.6948,KICK,0.0
7466,Team 05,80,8,GO,0.2734429893849809,0,-2.8,-1.2687,PUNT,0.9287
7467,Team 07,16,11,KICK,0.903348789058409,1,3,2.6273,KICK,0.0
7468,Team 14,53,14,KICK,0.1611089495765853,1,3,-0.7314,PUNT,0.6074
7469,Team 03,42,4,KICK,0.37871640480893237,1,3,0.3459,GO,0.4032
7470,Team 09,24,15,KICK,0.8013892651145572,1,3,2.2087,KICK,0.0
7471,Team 11,84,7,PUNT,,,-0.372,-0.372,PUNT,0.0
7472,Team 04,36,7,GO,0.3090425788856058,1,4.56,0.0826,KICK,0.9701
7473,Team 04,82,12,PUNT,,,-0.356,-0.356,PUNT,0.0
7474,Team 04,50,12,KICK,0.20833350927014557,0,-1.4,-0.4833,PUNT,0.3833
7475,Team 15,64,12,PUNT,,,-0.212,-0.212,PUNT,0.0
7476,Team 13,87,12,PUNT,,,-0.396,-0.396,PUNT,0.0
7477,Team 10,18,11,KICK,0.8833970308388606,1,3,2.5466,KICK,0.0
7478,Team 05,59,15,KICK,0.09279295311715706,1,3,-1.1223,PUNT,0.9503
7479,Team 16,48,3,GO,0.6211145745754056,0,-2.16,1.7158,GO,0.0
7480,Team 02,60,14,PUNT,,,-0.18,-0.18,PUNT,0.0
7481,Team 07,53,14,PUNT,,,-0.124,-0.124,PUNT,0.0
7482,Team 02,20,10,KICK,0.8599650843722273,1,3,2.4511,KICK,0.0
7483,Team 03,80,4,GO,0.4385270604912484,0,-2.8,-0.3442,PUNT,0.0042
7484,Team 05,90,15,PUNT,,,-0.42,-0.42,PUNT,0.0
7485,Team 13,21,10,KICK,0.8468362842349139,1,3,2.3971,KICK,0.0
7486,Team 12,21,3,KICK,0.8468362842349139,1,3,2.3971,GO,0.5224
7487,Team 07,33,7,KICK,0.610639233949222,1,3,1.3927,KICK,0.0
7488,Team 15,74,7,GO,0.3360919074183416,1,3.04,-0.7576,PUNT,0.4656
7489,Team 15,50,6,GO,0.386805767152458,0,-2.2,0.1982,GO,0.0
7490,Team 15,54,1,GO,0.6545818519692127,1,3.84,1.726,GO,0.0
7491,Team 01,62,5,GO,0.4739908119572121,1,3.52,0.385,GO,0.0
7492,Team 11,23,5,KICK,0.8175744761936437,1,3,2.2761,KICK,0.0
7493,Team 09,84,2,GO,0.7111799598144781,1,2.64,1.0457,GO,0.0
7494,Team 07,54,9,PUNT,,,-0.132,-0.132,PUNT,0.0
7495,Team 10,21,3,KICK,0.8468362842349139,1,3,2.3971,KICK,0.0
7496,Team 11,72,1,GO,0.5430678179428203,0,-2.64,0.4881,GO,0.0
7497,Team 04,76,11,PUNT,,,-0.308,-0.308,PUNT,0.0
7498,Team 08,56,9,PUNT,,,-0.148,-0.148,PUNT,0.0
7499,Team 11,84,15,PUNT,,,-0.372,-0.372,PUNT,0.0
7500,Team 11,10,12,KICK,0.9460888925720083,1,3,2.7973,KICK,0.0
7501,Team 06,10,9,KICK,0.9460888925720083,1,3,2.7973,KICK,0.0
7502,Team 09,42,6,GO,0.5052802311918284,0,-2.04,1.1736,GO,0.0
7503,Team 15,55,10,PUNT,,,-0.14,-0.14,PUNT,0.0
7504,Team 02,14,11,KICK,0.9201950407592125,1,3,2.6948,KICK,0.0
7505,Team 14,39,11,KICK,0.45512110762641994,0,-1.224,0.6984,KICK,0.0
7506,Team 04,59,14,PUNT,,,-0.172,-0.172,PUNT,0.0
7507,Team 15,44,3,GO,0.5496461081640299,1,4.24,1.3938,GO,0.0
7508,Team 12,82,14,PUNT,,,-0.356,-0.356,PUNT,0.0
7509,Team 02,24,10,KICK,0.8013892651145572,1,3,2.2087,KICK,0.0
7510,Team 16,21,3,GO,0.6211145745754056,0,-1.62,2.5912,GO,0.0
7511,Team 08,14,15,KICK,0.9201950407592125,1,3,2.6948,KICK,0.0
7512,Team 06,39,1,GO,0.7052076153533808,0,-1.98,2.5474,GO,0.0
7513,Team 13,31,14,KICK,0.6592603884513855,1,3,1.6043,KICK,0.0
7514,Team 09,47,7,GO,0.45044365998876706,1,4.12,0.6798,GO,0.0
7515,Team 15,23,13,KICK,0.8175744761936437,1,3,2.2761,KICK,0.0
7516,Team 04,88,6,PUNT,,,-0.404,-0.404,PUNT,0.0
7517,Team 03,76,13,PUNT,,,-0.308,-0.308,PUNT,0.0
7518,Team 01,64,12,PUNT,,,-0.212,-0.212,PUNT,0.0
7519,Team 14,66,1,GO,0.6384478943768523,1,3.36,1.2341,GO,0.0
7520,Team 06,88,10,PUNT,,,-0.404,-0.404,PUNT,0.0
7521,Team 14,60,2,GO,0.5862862634331419,0,-2.4,1.1177,GO,0.0
7522,Team 04,88,14,PUNT,,,-0.404,-0.404,PUNT,0.0
7523,Team 10,31,10,KICK,0.6592603884513855,1,3,1.6043,KICK,0.0
7524,Team 07,88,7,PUNT,,,-0.404,-0.404,PUNT,0.0
7525,Team 05,53,8,PUNT,,,-0.124,-0.124,PUNT,0.0
7526,Team 04,23,15,KICK,0.8175744761936437,0,-0.968,2.2761,KICK,0.0
7527,Team 04,35,10,PUNT,,,0.02,0.02,KICK,1.1484
7528,Team 02,20,12,KICK,0.8599650843722273,1,3,2.4511,KICK,0.0
7529,Team 05,50,12,PUNT,,,-0.1,-0.1,PUNT,0.0
7530,Team 01,83,15,PUNT,,,-0.364,-0.364,PUNT,0.0
7531,Team 06,34,2,GO,0.6575107676168527,1,4.64,2.407,GO,0.0
7532,Team 12,86,9,GO,0.35118128519705183,0,-2.92,-0.9955,PUNT,0.6075
7533,Team 07,46,8,GO,0.3856863695078365,0,-2.12,0.3021,GO,0.0
7534,Team 14,57,3,GO,0.532114204592694,1,3.72,0.8846,GO,0.0
7535,Team 16,47,1,GO,0.7179431443239072,0,-2.14,2.3543,GO,0.0
7536,Team 13,33,7,GO,0.4791878692587739,1,4.68,1.2739,KICK,0.1188
7537,Team 03,57,10,GO,0.17262419565250212,0,-2.34,-1.2939,PUNT,1.1379
7538,Team 09,20,7,KICK,0.8599650843722273,1,3,2.4511,KICK,0.0
7539,Team 16,40,4,GO,0.5681437558388193,1,4.4,1.6361,GO,0.0
7540,Team 09,30,4,GO,0.6132802431683475,1,4.8,2.2476,GO,0.0
7541,Team 05,73,3,GO,0.5306555509303387,0,-2.66,0.386,GO,0.0
7542,Team 01,21,1,KICK,0.8468362842349139,1,3,2.3971,GO,0.6257
7543,Team 04,72,14,KICK,0.025456451452111294,0,-1.752,-1.631,PUNT,1.355
7544,Team 03,82,2,GO,0.5480655976092276,1,2.72,0.2072,GO,0.0
7545,Team 09,87,11,PUNT,,,-0.396,-0.396,PUNT,0.0
7546,Team 15,67,15,PUNT,,,-0.236,-0.236,PUNT,0.0
7547,Team 05,40,13,KICK,0.42922838810550845,1,3,0.5799,KICK,0.0
7548,Team 14,43,1,GO,0.6384478943768523,0,-2.06,1.9878,GO,0.0
7549,Team 01,80,9,PUNT,,,-0.34,-0.34,PUNT,0.0
7550,Team 01,90,8,PUNT,,,-0.42,-0.42,PUNT,0.0
7551,Team 16,87,11,GO,0.21999109178604664,1,2.52,-1.7388,PUNT,1.3428
7552,Team 03,34,3,GO,0.4932149019395633,1,4.64,1.3358,GO,0.0
7553,Team 03,36,4,GO,0.4385270604912484,0,-1.92,0.9217,KICK,0.1311
7554,Team 15,39,11,KICK,0.45512110762641994,1,3,0.6984,KICK,0.0
7555,Team 13,10,1,GO,0.7749896631651041,1,5.6,4.0249,GO,0.0
7556,Team 01,89,8,GO,0.3177501098281303,0,-2.98,-1.2578,PUNT,0.8458
7557,Team 16,77,7,PUNT,,,-0.316,-0.316,PUNT,0.0
7558,Team 08,49,13,GO,0.13316254353673276,0,-2.18,-1.3517,PUNT,1.2597
7559,Team 08,76,9,GO,0.27026451250767497,1,2.96,-1.1849,PUNT,0.8769
7560,Team 13,66,8,PUNT,,,-0.228,-0.228,GO,0.2055
7561,Team 03,58,15,PUNT,,,-0.164,-0.164,PUNT,0.0
7562,Team 13,64,15,PUNT,,,-0.212,-0.212,PUNT,0.0
7563,Team 01,17,6,KICK,0.8937850083248244,1,3,2.5887,KICK,0.0
7564,Team 07,36,3,GO,0.6535134081523024,1,4.56,2.3148,GO,0.0
7565,Team 08,52,15,PUNT,,,-0.116,-0.116,PUNT,0.0
7566,Team 06,26,3,KICK,0.7658456258197972,1,3,2.0596,GO,0.2711
7567,Team 12,88,1,GO,0.7588068543713931,1,2.48,1.1679,GO,0.0
7568,Team 07,43,7,GO,0.4389360721152808,0,-2.06,0.7229,GO,0.0
7569,Team 05,11,2,GO,0.5848647368258585,1,5.56,2.6624,KICK,0.1129
7570,Team 08,81,8,PUNT,,,-0.348,-0.348,PUNT,0.0
7571,Team 15,52,10,PUNT,,,-0.116,-0.116,PUNT,0.0
7572,Team 01,33,15,KICK,0.610639233949222,1,3,1.3927,KICK,0.0
7573,Team 10,89,11,PUNT,,,-0.412,-0.412,PUNT,0.0
7574,Team 11,25,12,KICK,0.7841471891774855,0,-1.0,2.1366,KICK,0.0
7575,Team 15,25,8,KICK,0.7841471891774855,1,3,2.1366,KICK,0.0
7576,Team 03,51,15,KICK,0.19154534856146757,0,-1.416,-0.5701,PUNT,0.4621
7577,Team 05,43,14,KICK,0.35434369377420466,1,3,0.2314,KICK,0.0
7578,Team 12,48,5,GO,0.5661473020656971,0,-2.16,1.3728,GO,0.0
7579,Team 09,33,4,GO,0.6132802431683475,1,4.68,2.1509,GO,0.0
7580,Team 08,87,11,KICK,0.005378247173848609,0,-1.992,-1.9652,PUNT,1.5692
7581,Team 13,68,10,KICK,0.038235691765958195,0,-1.688,-1.5088,PUNT,1.2648
7582,Team 14,62,13,PUNT,,,-0.196,-0.196,PUNT,0.0
7583,Team 11,78,15,PUNT,,,-0.324,-0.324,PUNT,0.0
7584,Team 02,49,10,PUNT,,,-0.092,-0.092,PUNT,0.0
7585,Team 10,78,7,GO,0.262260411474723,0,-2.76,-1.2809,PUNT,0.9569
7586,Team 08,37,15,PUNT,,,0.004,0.004,KICK,0.9314
7587,Team 11,13,5,KICK,0.9275735146384823,1,3,2.7242,KICK,0.0
7588,Team 16,22,9,KICK,0.8327160444615168,1,3,2.3389,KICK,0.0
7589,Team 05,90,2,PUNT,,,-0.42,-0.42,GO,0.5783
7590,Team 02,46,13,KICK,0.2859777732226985,0,-1.336,-0.096,PUNT,0.028
7591,Team 12,21,12,KICK,0.8468362842349139,1,3,2.3971,KICK,0.0
7592,Team 03,47,9,GO,0.2063380030522642,0,-2.14,-0.8483,PUNT,0.7723
7593,Team 16,78,1,GO,0.7179431443239072,1,2.88,1.2892,GO,0.0
7594,Team 13,33,8,KICK,0.610639233949222,0,-1.128,1.3927,KICK,0.0
7595,Team 07,54,11,PUNT,,,-0.132,-0.132,PUNT,0.0
7596,Team 08,84,12,PUNT,,,-0.372,-0.372,PUNT,0.0
7597,Team 10,84,3,GO,0.4615130443401682,0,-2.88,-0.3324,GO,0.0
7598,Team 07,82,12,PUNT,,,-0.356,-0.356,PUNT,0.0
7599,Team 07,77,4,GO,0.6021709365103962,1,2.92,0.6683,GO,0.0
7600,Team 14,81,6,GO,0.37019832268003167,0,-2.82,-0.7543,PUNT,0.4063
7601,Team 05,54,11,KICK,0.14741766105380757,0,-1.464,-0.8059,PUNT,0.6739
7602,Team 05,62,6,GO,0.36883363288543497,0,-2.44,-0.2418,PUNT,0.0458
7603,Team 11,39,2,GO,0.48817701060294577,1,4.44,1.1541,GO,0.0
7604,Team 10,75,12,PUNT,,,-0.3,-0.3,PUNT,0.0
7605,Team 03,62,12,PUNT,,,-0.196,-0.196,PUNT,0.0
7606,Team 15,82,13,PUNT,,,-0.356,-0.356,PUNT,0.0
7607,Team 02,25,9,KICK,0.7841471891774855,1,3,2.1366,KICK,0.0
7608,Team 02,20,7,KICK,0.8599650843722273,1,3,2.4511,KICK,0.0
7609,Team 07,60,10,PUNT,,,-0.18,-0.18,PUNT,0.0
7610,Team 01,22,2,KICK,0.8327160444615168,1,3,2.3389,GO,0.3171
7611,Team 07,14,2,KICK,0.9201950407592125,1,3,2.6948,GO,0.6797
7612,Team 14,12,7,KICK,0.9343184948673792,1,3,2.7509,KICK,0.0
7613,Team 04,38,14,KICK,0.4812587841214649,1,3,0.8171,KICK,0.0
7614,Team 04,21,1,GO,0.6260717063282923,0,-1.62,2.6248,GO,0.0
7615,Team 15,14,9,KICK,0.9201950407592125,1,3,2.6948,KICK,0.0
7616,Team 06,37,11,KICK,0.5074994375506204,0,-1.192,0.9354,KICK,0.0
7617,Team 08,85,2,GO,0.6333740470762804,1,2.6,0.5836,GO,0.0
7618,Team 11,64,3,GO,0.4335698705359307,1,3.44,0.0867,GO,0.0
7619,Team 09,72,2,GO,0.7111799598144781,1,3.12,1.4564,GO,0.0
7620,Team 07,81,12,GO,0.20661014329765037,0,-2.82,-1.6671,PUNT,1.3191
7621,Team 08,24,8,KICK,0.8013892651145572,1,3,2.2087,KICK,0.0
7622,Team 16,55,2,GO,0.6713465706923882,1,3.8,1.7952,GO,0.0
7623,Team 04,73,3,GO,0.5188412894570203,1,3.08,0.3181,GO,0.0
7624,Team 12,89,13,PUNT,,,-0.412,-0.412,PUNT,0.0
7625,Team 08,80,8,GO,0.31576979490360163,0,-2.8,-1.0317,PUNT,0.6917
7626,Team 12,88,10,PUNT,,,-0.404,-0.404,PUNT,0.0
7627,Team 09,33,2,GO,0.7111799598144781,0,-1.86,2.7911,GO,0.0
7628,Team 14,23,6,KICK,0.8175744761936437,0,-0.968,2.2761,KICK,0.0
7629,Team 03,54,2,PUNT,,,-0.132,-0.132,GO,1.2062
7630,Team 10,29,5,KICK,0.7047456979980911,1,3,1.8001,KICK,0.0
7631,Team 08,17,12,KICK,0.8937850083248244,1,3,2.5887,KICK,0.0
7632,Team 04,10,10,KICK,0.9460888925720083,1,3,2.7973,KICK,0.0
7633,Team 02,13,9,KICK,0.9275735146384823,0,-0.808,2.7242,KICK,0.0
7634,Team 08,11,2,KICK,0.9404756340234984,1,3,2.7752,GO,0.2257
7635,Team 10,77,9,PUNT,,,-0.316,-0.316,PUNT,0.0
7636,Team 01,71,12,PUNT,,,-0.268,-0.268,PUNT,0.0
7637,Team 03,70,12,PUNT,,,-0.26,-0.26,PUNT,0.0
7638,Team 02,33,8,KICK,0.610639233949222,1,3,1.3927,KICK,0.0
7639,Team 08,47,11,PUNT,,,-0.076,-0.076,PUNT,0.0
7640,Team 08,89,10,PUNT,,,-0.412,-0.412,PUNT,0.0
7641,Team 14,17,2,KICK,0.8937850083248244,1,3,2.5887,KICK,0.0
7642,Team 16,20,4,GO,0.5681437558388193,1,5.2,2.2634,KICK,0.1877
7643,Team 01,38,10,PUNT,,,-0.004,-0.004,KICK,0.8211
7644,Team 12,37,7,KICK,0.5074994375506204,0,-1.192,0.9354,GO,0.0745
7645,Team 15,71,8,KICK,0.02819528797014257,0,-1.736,-1.6025,PUNT,1.3345
7646,Team 15,27,13,KICK,0.7464939833376621,1,3,1.9779,KICK,0.0
7647,Team 12,25,4,KICK,0.7841471891774855,0,-1.0,2.1366,GO,0.312
7648,Team 11,54,4,PUNT,,,-0.132,-0.132,GO,0.1808
7649,Team 05,67,7,PUNT,,,-0.236,-0.236,PUNT,0.0
7650,Team 08,39,6,GO,0.41744252810344173,0,-1.98,0.7,GO,0.0
7651,Team 12,73,6,GO,0.5115352589374579,0,-2.66,0.2762,GO,0.0
7652,Team 16,67,12,PUNT,,,-0.236,-0.236,PUNT,0.0
7653,Team 16,47,9,PUNT,,,-0.076,-0.076,PUNT,0.0
7654,Team 05,12,3,GO,0.5306555509303387,1,5.52,2.2534,KICK,0.4976
7655,Team 14,58,4,GO,0.4771743507269338,1,3.68,0.5221,GO,0.0
7656,Team 11,58,3,PUNT,,,-0.164,-0.164,GO,0.4228
7657,Team 02,68,12,PUNT,,,-0.244,-0.244,PUNT,0.0
7658,Team 06,54,15,KICK,0.14741766105380757,0,-1.464,-0.8059,PUNT,0.6739
7659,Team 02,61,1,GO,0.6669163928212177,1,3.56,1.5682,GO,0.0
7660,Team 09,46,12,PUNT,,,-0.068,-0.068,PUNT,0.0
7661,Team 10,70,4,PUNT,,,-0.26,-0.26,GO,0.0236
7662,Team 04,37,12,KICK,0.5074994375506204,1,3,0.9354,KICK,0.0
7663,Team 07,54,5,GO,0.5484769739869401,1,3.84,1.0767,GO,0.0
7664,Team 07,11,12,KICK,0.9404756340234984,1,3,2.7752,KICK,0.0
7665,Team 07,33,12,KICK,0.610639233949222,0,-1.128,1.3927,KICK,0.0
7666,Team 03,87,1,PUNT,,,-0.396,-0.396,GO,0.7417
7667,Team 03,42,7,KICK,0.37871640480893237,1,3,0.3459,KICK,0.0
7668,Team 02,74,6,PUNT,,,-0.292,-0.292,PUNT,0.0
7669,Team 09,85,13,PUNT,,,-0.38,-0.38,PUNT,0.0
7670,Team 03,24,13,KICK,0.8013892651145572,1,3,2.2087,KICK,0.0
7671,Team 10,76,2,PUNT,,,-0.308,-0.308,GO,0.5213
7672,Team 11,32,6,KICK,0.6352948493228072,0,-1.112,1.5003,KICK,0.0
7673,Team 01,23,11,KICK,0.8175744761936437,1,3,2.2761,KICK,0.0
7674,Team 14,26,3,KICK,0.7658456258197972,1,3,2.0596,KICK,0.0
7675,Team 13,60,14,PUNT,,,-0.18,-0.18,PUNT,0.0
7676,Team 07,75,12,PUNT,,,-0.3,-0.3,PUNT,0.0
7677,Team 16,29,15,KICK,0.7047456979980911,1,3,1.8001,KICK,0.0
7678,Team 11,62,2,GO,0.48817701060294577,1,3.52,0.4695,GO,0.0
7679,Team 14,88,2,GO,0.5862862634331419,1,2.48,0.2294,GO,0.0
7680,Team 13,90,1,GO,0.7749896631651041,1,2.4,1.1849,GO,0.0
7681,Team 14,11,7,KICK,0.9404756340234984,1,3,2.7752,KICK,0.0
7682,Team 10,15,10,KICK,0.9121360851706988,1,3,2.6626,KICK,0.0
7683,Team 16,26,5,GO,0.5135670971823116,1,4.96,1.7106,KICK,0.349
7684,Team 05,63,15,PUNT,,,-0.204,-0.204,PUNT,0.0
7685,Team 11,55,9,PUNT,,,-0.14,-0.14,PUNT,0.0
7686,Team 05,85,8,PUNT,,,-0.38,-0.38,PUNT,0.0
7687,Team 03,78,15,PUNT,,,-0.324,-0.324,PUNT,0.0
7688,Team 12,12,7,KICK,0.9343184948673792,1,3,2.7509,KICK,0.0
7689,Team 02,17,13,KICK,0.8937850083248244,0,-0.872,2.5887,KICK,0.0
7690,Team 10,21,4,KICK,0.8468362842349139,1,3,2.3971,KICK,0.0
7691,Team 02,57,10,PUNT,,,-0.156,-0.156,PUNT,0.0
7692,Team 11,20,15,KICK,0.8599650843722273,1,3,2.4511,KICK,0.0
7693,Team 03,25,13,KICK,0.7841471891774855,1,3,2.1366,KICK,0.0
7694,Team 15,73,1,GO,0.6545818519692127,1,3.08,1.0973,GO,0.0
7695,Team 11,25,7,KICK,0.7841471891774855,1,3,2.1366,KICK,0.0
7696,Team 03,90,13,PUNT,,,-0.42,-0.42,PUNT,0.0
7697,Team 08,11,13,KICK,0.9404756340234984,1,3,2.7752,KICK,0.0
7698,Team 01,83,10,PUNT,,,-0.364,-0.364,PUNT,0.0
7699,Team 02,70,5,GO,0.4537008049433731,0,-2.6,0.0315,GO,0.0
7700,Team 04,28,4,KICK,0.7261149812607792,1,3,1.8913,KICK,0.0
7701,Team 03,19,2,KICK,0.8721384336809187,1,3,2.5008,KICK,0.0
7702,Team 14,79,7,PUNT,,,-0.332,-0.332,PUNT,0.0
7703,Team 12,83,9,PUNT,,,-0.364,-0.364,PUNT,0.0
7704,Team 11,40,6,KICK,0.42922838810550845,1,3,0.5799,KICK,0.0
7705,Team 05,70,14,PUNT,,,-0.26,-0.26,PUNT,0.0
7706,Team 05,77,8,PUNT,,,-0.316,-0.316,PUNT,0.0
7707,Team 13,23,13,KICK,0.8175744761936437,1,3,2.2761,KICK,0.0
7708,Team 10,16,3,KICK,0.903348789058409,1,3,2.6273,KICK,0.0
7709,Team 16,34,2,GO,0.6713465706923882,0,-1.88,2.4972,GO,0.0
7710,Team 10,60,5,GO,0.35565962521942324,0,-2.4,-0.266,PUNT,0.086
7711,Team 14,85,9,PUNT,,,-0.38,-0.38,PUNT,0.0
7712,Team 13,59,3,GO,0.6892688541839076,0,-2.38,1.7694,GO,0.0
7713,Team 05,25,8,KICK,0.7841471891774855,0,-1.0,2.1366,KICK,0.0
7714,Team 12,72,15,PUNT,,,-0.276,-0.276,PUNT,0.0
7715,Team 04,28,4,KICK,0.7261149812607792,1,3,1.8913,KICK,0.0
7716,Team 02,74,3,PUNT,,,-0.292,-0.292,GO,0.8337
7717,Team 08,58,11,PUNT,,,-0.164,-0.164,PUNT,0.0
7718,Team 09,88,4,GO,0.6132802431683475,0,-2.96,0.3762,GO,0.0
7719,Team 02,52,15,GO,0.08426743730609498,0,-2.24,-1.7209,PUNT,1.6049
7720,Team 06,66,14,PUNT,,,-0.228,-0.228,PUNT,0.0
7721,Team 01,80,9,PUNT,,,-0.34,-0.34,PUNT,0.0
7722,Team 12,31,6,GO,0.5115352589374579,0,-1.82,1.5459,KICK,0.0584
7723,Team 12,47,9,KICK,0.2650274005334813,0,-1.352,-0.1986,GO,0.257
7724,Team 02,24,5,KICK,0.8013892651145572,1,3,2.2087,KICK,0.0
7725,Team 13,24,10,KICK,0.8013892651145572,1,3,2.2087,KICK,0.0
7726,Team 01,39,5,KICK,0.45512110762641994,0,-1.224,0.6984,GO,0.3646
7727,Team 10,74,14,PUNT,,,-0.292,-0.292,PUNT,0.0
7728,Team 15,29,3,KICK,0.7047456979980911,1,3,1.8001,GO,0.0586
7729,Team 06,66,12,PUNT,,,-0.228,-0.228,PUNT,0.0
7730,Team 10,29,9,KICK,0.7047456979980911,1,3,1.8001,KICK,0.0
7731,Team 15,80,1,GO,0.6545818519692127,0,-2.8,0.8657,GO,0.0
7732,Team 07,40,5,GO,0.5484769739869401,0,-2.0,1.5103,GO,0.0
7733,Team 10,86,11,PUNT,,,-0.388,-0.388,PUNT,0.0
7734,Team 08,77,15,PUNT,,,-0.316,-0.316,PUNT,0.0
7735,Team 15,75,1,GO,0.6545818519692127,1,3.0,1.0311,GO,0.0
7736,Team 02,45,8,GO,0.30032959740928544,0,-2.1,-0.2079,KICK,0.218
7737,Team 13,74,12,GO,0.23445996738575048,1,3.04,-1.3389,PUNT,1.0469
7738,Team 10,58,11,PUNT,,,-0.164,-0.164,PUNT,0.0
7739,Team 09,47,6,GO,0.5052802311918284,0,-2.14,1.0231,GO,0.0
7740,Team 03,13,8,KICK,0.9275735146384823,1,3,2.7242,KICK,0.0
7741,Team 05,24,3,KICK,0.8013892651145572,1,3,2.2087,KICK,0.0
7742,Team 02,30,2,GO,0.6163941829217663,0,-1.8,2.2682,GO,0.0
7743,Team 10,42,8,KICK,0.37871640480893237,0,-1.272,0.3459,KICK,0.0
7744,Team 02,67,2,GO,0.6163941829217663,0,-2.54,1.0721,GO,0.0
7745,Team 14,49,13,PUNT,,,-0.092,-0.092,PUNT,0.0
7746,Team 05,48,2,GO,0.5848647368258585,1,4.08,1.4896,GO,0.0
7747,Team 04,14,1,KICK,0.9201950407592125,1,3,2.6948,GO,0.1576
7748,Team 08,82,8,GO,0.31576979490360163,0,-2.84,-1.0843,PUNT,0.7283
7749,Team 07,31,3,GO,0.6535134081523024,1,4.76,2.4801,GO,0.0
7750,Team 03,48,7,KICK,0.24508501313237172,0,-1.368,-0.2975,PUNT,0.2135
7751,Team 05,71,12,PUNT,,,-0.268,-0.268,PUNT,0.0
7752,Team 15,77,13,PUNT,,,-0.316,-0.316,PUNT,0.0
7753,Team 14,47,4,KICK,0.2650274005334813,0,-1.352,-0.1986,GO,1.0457
7754,Team 01,60,8,KICK,0.08432369642147458,0,-1.56,-1.1755,PUNT,0.9955
7755,Team 04,81,1,GO,0.6260717063282923,0,-2.82,0.6735,GO,0.0
7756,Team 15,63,1,GO,0.6545818519692127,1,3.48,1.4282,GO,0.0
7757,Team 08,46,8,GO,0.31576979490360163,0,-2.12,-0.137,PUNT,0.069
7758,Team 10,51,8,KICK,0.19154534856146757,1,3,-0.5701,PUNT,0.4621
7759,Team 10,62,6,PUNT,,,-0.196,-0.196,PUNT,0.0
7760,Team 14,14,11,KICK,0.9201950407592125,1,3,2.6948,KICK,0.0
7761,Team 12,18,2,GO,0.7162933940110477,1,5.28,3.3394,GO,0.0
7762,Team 10,14,6,KICK,0.9201950407592125,1,3,2.6948,KICK,0.0
7763,Team 12,20,9,KICK,0.8599650843722273,1,3,2.4511,KICK,0.0
7764,Team 12,24,8,KICK,0.8013892651145572,0,-0.984,2.2087,KICK,0.0
7765,Team 07,21,12,KICK,0.8468362842349139,1,3,2.3971,KICK,0.0
7766,Team 03,78,9,PUNT,,,-0.324,-0.324,PUNT,0.0
7767,Team 14,43,13,KICK,0.35434369377420466,0,-1.288,0.2314,KICK,0.0
7768,Team 10,57,5,GO,0.35565962521942324,0,-2.34,-0.1847,PUNT,0.0287
7769,Team 16,73,4,GO,0.5681437558388193,0,-2.66,0.6011,GO,0.0
7770,Team 03,16,15,KICK,0.903348789058409,1,3,2.6273,KICK,0.0
7771,Team 03,55,7,PUNT,,,-0.14,-0.14,PUNT,0.0
7772,Team 08,73,2,GO,0.6333740470762804,0,-2.66,0.9756,GO,0.0
7773,Team 06,80,10,PUNT,,,-0.34,-0.34,PUNT,0.0
7774,Team 13,14,11,KICK,0.9201950407592125,1,3,2.6948,KICK,0.0
7775,Team 03,51,2,GO,0.5480655976092276,1,3.96,1.167,GO,0.0
7776,Team 01,67,2,GO,0.6354962284153843,0,-2.54,1.184,GO,0.0
7777,Team 03,39,5,KICK,0.45512110762641994,0,-1.224,0.6984,KICK,0.0
7778,Team 06,87,10,PUNT,,,-0.396,-0.396,PUNT,0.0
7779,Team 03,32,10,KICK,0.6352948493228072,0,-1.112,1.5003,KICK,0.0
7780,Team 13,21,14,KICK,0.8468362842349139,1,3,2.3971,KICK,0.0
7781,Team 11,84,6,PUNT,,,-0.372,-0.372,PUNT,0.0
7782,Team 12,61,11,PUNT,,,-0.188,-0.188,PUNT,0.0
7783,Team 12,54,14,PUNT,,,-0.132,-0.132,PUNT,0.0
7784,Team 10,32,7,KICK,0.6352948493228072,1,3,1.5003,KICK,0.0
7785,Team 12,72,8,PUNT,,,-0.276,-0.276,PUNT,0.0
7786,Team 03,22,14,KICK,0.8327160444615168,0,-0.952,2.3389,KICK,0.0
7787,Team 15,10,8,KICK,0.9460888925720083,1,3,2.7973,KICK,0.0
7788,Team 03,43,15,KICK,0.35434369377420466,0,-1.288,0.2314,KICK,0.0
7789,Team 12,85,7,PUNT,,,-0.38,-0.38,PUNT,0.0
7790,Team 05,20,8,KICK,0.8599650843722273,1,3,2.4511,KICK,0.0
7791,Team 12,39,13,KICK,0.45512110762641994,0,-1.224,0.6984,KICK,0.0
7792,Team 08,56,13,PUNT,,,-0.148,-0.148,PUNT,0.0
7793,Team 05,53,4,PUNT,,,-0.124,-0.124,GO,0.7849
7794,Team 03,25,13,KICK,0.7841471891774855,1,3,2.1366,KICK,0.0
7795,Team 08,87,8,PUNT,,,-0.396,-0.396,PUNT,0.0
7796,Team 10,17,10,KICK,0.8937850083248244,1,3,2.5887,KICK,0.0
7797,Team 13,29,4,GO,0.6403084946867348,1,4.84,2.4588,GO,0.0
7798,Team 11,19,9,KICK,0.8721384336809187,0,-0.904,2.5008,KICK,0.0
7799,Team 03,16,1,GO,0.6017729612434263,1,5.36,2.6202,KICK,0.0071
7800,Team 13,35,6,KICK,0.5597136492671929,0,-1.16,1.1684,GO,0.4034
7801,Team 02,74,14,PUNT,,,-0.292,-0.292,PUNT,0.0
7802,Team 06,64,11,PUNT,,,-0.212,-0.212,PUNT,0.0
7803,Team 03,69,12,PUNT,,,-0.252,-0.252,PUNT,0.0
7804,Team 04,71,1,GO,0.6260717063282923,1,3.16,0.9987,GO,0.0
7805,Team 04,49,8,GO,0.2641325125711688,0,-2.18,-0.5371,PUNT,0.4451
7806,Team 15,41,13,KICK,0.40371730070321227,0,-1.256,0.4622,KICK,0.0
7807,Team 14,23,15,KICK,0.8175744761936437,1,3,2.2761,KICK,0.0
7808,Team 11,89,13,PUNT,,,-0.412,-0.412,PUNT,0.0
7809,Team 04,32,4,KICK,0.6352948493228072,1,3,1.5003,KICK,0.0
7810,Team 07,64,9,PUNT,,,-0.212,-0.212,PUNT,0.0
7811,Team 01,24,3,KICK,0.8013892651145572,1,3,2.2087,GO,0.0303
7812,Team 11,21,14,KICK,0.8468362842349139,1,3,2.3971,KICK,0.0
7813,Team 11,10,3,KICK,0.9460888925720083,1,3,2.7973,KICK,0.0
7814,Team 07,74,13,PUNT,,,-0.292,-0.292,PUNT,0.0
7815,Team 02,77,7,PUNT,,,-0.316,-0.316,PUNT,0.0
7816,Team 12,30,9,KICK,0.6824383021930649,1,3,1.7043,KICK,0.0
7817,Team 07,72,8,GO,0.3856863695078365,0,-2.64,-0.4184,PUNT,0.1424
7818,Team 03,17,4,KICK,0.8937850083248244,1,3,2.5887,KICK,0.0
7819,Team 12,35,1,GO,0.7588068543713931,1,4.6,3.0322,GO,0.0
7820,Team 08,35,7,KICK,0.5597136492671929,0,-1.16,1.1684,KICK,0.0
7821,Team 13,72,9,PUNT,,,-0.276,-0.276,PUNT,0.0
7822,Team 16,15,11,KICK,0.9121360851706988,1,3,2.6626,KICK,0.0
7823,Team 05,41,8,KICK,0.40371730070321227,0,-1.256,0.4622,KICK,0.0
7824,Team 05,68,4,GO,0.47571317758111337,0,-2.56,0.2182,GO,0.0
7825,Team 14,54,13,PUNT,,,-0.132,-0.132,PUNT,0.0
7826,Team 15,21,2,GO,0.6033015971633345,1,5.16,2.4704,GO,0.0
7827,Team 08,88,15,PUNT,,,-0.404,-0.404,PUNT,0.0
7828,Team 12,30,12,KICK,0.6824383021930649,0,-1.08,1.7043,KICK,0.0
7829,Team 07,57,13,PUNT,,,-0.156,-0.156,PUNT,0.0
7830,Team 01,70,10,PUNT,,,-0.26,-0.26,PUNT,0.0
7831,Team 16,71,12,PUNT,,,-0.268,-0.268,PUNT,0.0
7832,Team 06,20,15,KICK,0.8599650843722273,1,3,2.4511,KICK,0.0
7833,Team 06,53,11,PUNT,,,-0.124,-0.124,PUNT,0.0
7834,Team 04,30,3,GO,0.5188412894570203,1,4.8,1.6244,KICK,0.08
7835,Team 01,30,12,KICK,0.6824383021930649,1,3,1.7043,KICK,0.0
7836,Team 05,85,6,GO,0.36883363288543497,1,2.6,-0.8714,PUNT,0.4914
7837,Team 13,27,2,KICK,0.7464939833376621,0,-1.032,1.9779,GO,1.1728
7838,Team 11,55,12,PUNT,,,-0.14,-0.14,PUNT,0.0
7839,Team 13,86,9,GO,0.3720816900525986,0,-2.92,-0.881,PUNT,0.493
7840,Team 04,78,14,PUNT,,,-0.324,-0.324,PUNT,0.0
7841,Team 07,28,14,KICK,0.7261149812607792,1,3,1.8913,KICK,0.0
7842,Team 08,24,9,KICK,0.8013892651145572,1,3,2.2087,KICK,0.0
7843,Team 14,47,9,GO,0.23301469843774303,0,-2.14,-0.6813,PUNT,0.6053
7844,Team 11,51,3,GO,0.4335698705359307,1,3.96,0.4595,GO,0.0
7845,Team 02,22,15,KICK,0.8327160444615168,1,3,2.3389,KICK,0.0
7846,Team 05,48,8,GO,0.2734429893849809,0,-2.16,-0.4537,PUNT,0.3697
7847,Team 01,16,3,KICK,0.903348789058409,1,3,2.6273,KICK,0.0
7848,Team 11,61,3,PUNT,,,-0.188,-0.188,GO,0.3607
7849,Team 12,11,14,KICK,0.9404756340234984,1,3,2.7752,KICK,0.0
7850,Team 11,28,10,KICK,0.7261149812607792,1,3,1.8913,KICK,0.0
7851,Team 12,41,15,KICK,0.40371730070321227,0,-1.256,0.4622,KICK,0.0
7852,Team 08,53,2,GO,0.6333740470762804,0,-2.26,1.6289,GO,0.0
7853,Team 15,31,1,GO,0.6545818519692127,1,4.76,2.4871,GO,0.0
7854,Team 01,71,7,GO,0.3672271904706913,1,3.16,-0.4974,PUNT,0.2294
7855,Team 10,72,15,PUNT,,,-0.276,-0.276,PUNT,0.0
7856,Team 15,34,3,KICK,0.5854045691294653,0,-1.144,1.2819,GO,0.4218
7857,Team 03,72,9,GO,0.2063380030522642,0,-2.64,-1.4515,PUNT,1.1755
7858,Team 08,75,15,PUNT,,,-0.3,-0.3,PUNT,0.0
7859,Team 11,74,2,GO,0.48817701060294577,0,-2.68,0.1124,GO,0.0
7860,Team 10,45,3,GO,0.4615130443401682,1,4.2,0.8075,GO,0.0
7861,Team 16,80,13,PUNT,,,-0.34,-0.34,PUNT,0.0
7862,Team 16,47,8,GO,0.35303653218502695,0,-2.14,0.07,GO,0.0
7863,Team 05,44,12,KICK,0.33070459722255413,0,-1.304,0.1194,KICK,0.0
7864,Team 13,75,15,PUNT,,,-0.3,-0.3,PUNT,0.0
7865,Team 01,47,12,KICK,0.2650274005334813,0,-1.352,-0.1986,PUNT,0.1226
7866,Team 05,43,10,PUNT,,,-0.044,-0.044,KICK,0.2754
7867,Team 15,18,5,KICK,0.8833970308388606,1,3,2.5466,KICK,0.0
7868,Team 03,58,10,PUNT,,,-0.164,-0.164,PUNT,0.0
7869,Team 03,80,15,PUNT,,,-0.34,-0.34,PUNT,0.0
7870,Team 11,56,14,PUNT,,,-0.148,-0.148,PUNT,0.0
7871,Team 10,73,2,GO,0.5164308431129125,1,3.08,0.3043,GO,0.0
7872,Team 02,51,14,PUNT,,,-0.108,-0.108,PUNT,0.0
7873,Team 07,27,8,KICK,0.7464939833376621,1,3,1.9779,KICK,0.0
7874,Team 09,10,3,KICK,0.9460888925720083,1,3,2.7973,GO,0.4506
7875,Team 06,16,15,KICK,0.903348789058409,1,3,2.6273,KICK,0.0
7876,Team 01,18,9,KICK,0.8833970308388606,1,3,2.5466,KICK,0.0
7877,Team 02,77,7,PUNT,,,-0.316,-0.316,PUNT,0.0
7878,Team 01,83,15,PUNT,,,-0.364,-0.364,PUNT,0.0
7879,Team 11,49,13,PUNT,,,-0.092,-0.092,PUNT,0.0
7880,Team 07,78,8,PUNT,,,-0.324,-0.324,PUNT,0.0
7881,Team 03,13,13,KICK,0.9275735146384823,1,3,2.7242,KICK,0.0
7882,Team 07,64,2,GO,0.7015142308273599,1,3.44,1.673,GO,0.0
7883,Team 11,28,10,KICK,0.7261149812607792,0,-1.048,1.8913,KICK,0.0
7884,Team 02,37,13,KICK,0.5074994375506204,1,3,0.9354,KICK,0.0
7885,Team 05,37,6,KICK,0.5074994375506204,1,3,0.9354,KICK,0.0
7886,Team 16,80,4,GO,0.5681437558388193,1,2.8,0.3816,GO,0.0
7887,Team 06,58,5,GO,0.4980552402097736,0,-2.36,0.6483,GO,0.0
7888,Team 14,72,5,GO,0.422781323781126,0,-2.64,-0.2048,GO,0.0
7889,Team 08,14,2,GO,0.6333740470762804,1,5.44,2.9029,GO,0.0
7890,Team 15,69,7,GO,0.3360919074183416,0,-2.58,-0.6239,PUNT,0.3719
7891,Team 02,32,13,KICK,0.6352948493228072,1,3,1.5003,KICK,0.0
7892,Team 06,70,11,GO,0.2095269689848933,0,-2.6,-1.3847,PUNT,1.1247
7893,Team 08,38,10,KICK,0.4812587841214649,0,-1.208,0.8171,KICK,0.0
7894,Team 01,30,2,GO,0.6354962284153843,0,-1.8,2.3943,GO,0.0
7895,Team 11,74,15,PUNT,,,-0.292,-0.292,PUNT,0.0
7896,Team 08,78,5,GO,0.4717100045295637,1,2.88,-0.0996,GO,0.0
7897,Team 15,68,1,GO,0.6545818519692127,0,-2.56,1.2628,GO,0.0
7898,Team 10,75,15,KICK,0.018706509954354602,0,-1.8,-1.7102,PUNT,1.4102
7899,Team 02,25,10,KICK,0.7841471891774855,1,3,2.1366,KICK,0.0
7900,Team 04,18,10,KICK,0.8833970308388606,1,3,2.5466,KICK,0.0
7901,Team 07,14,9,KICK,0.9201950407592125,0,-0.824,2.6948,KICK,0.0
7902,Team 13,81,10,GO,0.3222836779454518,0,-2.82,-1.0217,PUNT,0.6737
7903,Team 07,14,6,KICK,0.9201950407592125,1,3,2.6948,KICK,0.0
7904,Team 01,38,2,GO,0.6354962284153843,1,4.48,2.1326,GO,0.0
7905,Team 13,37,11,KICK,0.5074994375506204,0,-1.192,0.9354,KICK,0.0
7906,Team 15,72,15,PUNT,,,-0.276,-0.276,PUNT,0.0
7907,Team 07,27,13,KICK,0.7464939833376621,1,3,1.9779,KICK,0.0
7908,Team 10,56,10,PUNT,,,-0.148,-0.148,PUNT,0.0
7909,Team 15,54,8,PUNT,,,-0.132,-0.132,PUNT,0.0
7910,Team 13,46,7,GO,0.4791878692587739,0,-2.12,0.8893,GO,0.0
7911,Team 07,14,1,GO,0.7454553407611428,0,-1.48,3.6786,GO,0.0
7912,Team 13,55,12,KICK,0.13470305195202817,0,-1.48,-0.8765,PUNT,0.7365
7913,Team 04,81,3,GO,0.5188412894570203,1,2.76,0.0751,GO,0.0
7914,Team 11,81,3,GO,0.4335698705359307,1,2.76,-0.4007,PUNT,0.0527
7915,Team 10,21,14,KICK,0.8468362842349139,1,3,2.3971,KICK,0.0
7916,Team 11,35,14,KICK,0.5597136492671929,0,-1.16,1.1684,KICK,0.0
7917,Team 16,31,11,KICK,0.6592603884513855,1,3,1.6043,KICK,0.0
7918,Team 12,25,8,KICK,0.7841471891774855,1,3,2.1366,KICK,0.0
7919,Team 12,43,9,PUNT,,,-0.044,-0.044,KICK,0.2754
7920,Team 11,77,12,PUNT,,,-0.316,-0.316,PUNT,0.0
7921,Team 14,56,10,PUNT,,,-0.148,-0.148,PUNT,0.0
7922,Team 11,73,10,PUNT,,,-0.284,-0.284,PUNT,0.0
7923,Team 02,28,11,KICK,0.7261149812607792,1,3,1.8913,KICK,0.0
7924,Team 14,24,3,GO,0.532114204592694,0,-1.68,1.8958,KICK,0.3129
7925,Team 08,20,15,KICK,0.8599650843722273,1,3,2.4511,KICK,0.0
7926,Team 04,43,6,GO,0.3578750197347471,1,4.28,0.2089,KICK,0.0225
7927,Team 05,49,3,GO,0.5306555509303387,1,4.04,1.1207,GO,0.0
7928,Team 15,83,8,PUNT,,,-0.364,-0.364,PUNT,0.0
7929,Team 08,15,13,KICK,0.9121360851706988,1,3,2.6626,KICK,0.0
7930,Team 09,61,6,PUNT,,,-0.188,-0.188,GO,0.7896
7931,Team 10,42,11,PUNT,,,-0.036,-0.036,KICK,0.3819
7932,Team 14,61,4,GO,0.4771743507269338,1,3.56,0.4335,GO,0.0
7933,Team 16,47,9,PUNT,,,-0.076,-0.076,PUNT,0.0
7934,Team 05,71,13,PUNT,,,-0.268,-0.268,PUNT,0.0
7935,Team 15,81,11,PUNT,,,-0.348,-0.348,PUNT,0.0
7936,Team 05,73,8,PUNT,,,-0.284,-0.284,PUNT,0.0
7937,Team 15,25,15,KICK,0.7841471891774855,1,3,2.1366,KICK,0.0
7938,Team 11,67,13,KICK,0.042289771842033794,0,-1.672,-1.4744,PUNT,1.2384
7939,Team 01,34,6,KICK,0.5854045691294653,1,3,1.2819,KICK,0.0
7940,Team 01,32,1,GO,0.6847891621792315,1,4.72,2.6522,GO,0.0
7941,Team 16,45,5,PUNT,,,-0.06,-0.06,GO,1.1955
7942,Team 01,74,6,GO,0.41966938533727444,0,-2.68,-0.2795,GO,0.0
7943,Team 04,28,12,KICK,0.7261149812607792,1,3,1.8913,KICK,0.0
7944,Team 03,21,1,GO,0.6017729612434263,1,5.16,2.46,GO,0.0
7945,Team 16,76,13,PUNT,,,-0.308,-0.308,PUNT,0.0
7946,Team 01,71,1,PUNT,,,-0.268,-0.268,GO,1.6061
7947,Team 16,55,2,GO,0.6713465706923882,0,-2.3,1.7952,GO,0.0
7948,Team 14,49,10,PUNT,,,-0.092,-0.092,PUNT,0.0
7949,Team 03,75,15,PUNT,,,-0.3,-0.3,PUNT,0.0
7950,Team 13,80,9,PUNT,,,-0.34,-0.34,PUNT,0.0
7951,Team 16,50,15,KICK,0.20833350927014557,0,-1.4,-0.4833,PUNT,0.3833
7952,Team 16,55,8,GO,0.35303653218502695,0,-2.3,-0.1465,PUNT,0.0065
7953,Team 06,10,3,GO,0.6064038791149935,1,5.6,2.8448,GO,0.0
7954,Team 07,22,7,KICK,0.8327160444615168,1,3,2.3389,KICK,0.0
7955,Team 01,56,4,GO,0.5289349488921719,1,3.76,0.8959,GO,0.0
7956,Team 16,10,14,KICK,0.9460888925720083,1,3,2.7973,KICK,0.0
7957,Team 14,39,14,KICK,0.45512110762641994,1,3,0.6984,KICK,0.0
7958,Team 13,88,6,GO,0.5341227138507878,1,2.48,-0.0544,GO,0.0
7959,Team 10,67,11,PUNT,,,-0.236,-0.236,PUNT,0.0
7960,Team 05,70,14,PUNT,,,-0.26,-0.26,PUNT,0.0
7961,Team 16,34,12,KICK,0.5854045691294653,1,3,1.2819,KICK,0.0
7962,Team 09,40,10,KICK,0.42922838810550845,1,3,0.5799,KICK,0.0
7963,Team 11,69,14,PUNT,,,-0.252,-0.252,PUNT,0.0
7964,Team 10,47,11,KICK,0.2650274005334813,0,-1.352,-0.1986,PUNT,0.1226
7965,Team 14,24,6,KICK,0.8013892651145572,1,3,2.2087,KICK,0.0
7966,Team 04,18,3,KICK,0.8833970308388606,1,3,2.5466,KICK,0.0
7967,Team 01,50,9,GO,0.2720729233363795,0,-2.2,-0.5131,PUNT,0.4131
7968,Team 15,41,8,KICK,0.40371730070321227,1,3,0.4622,KICK,0.0
7969,Team 14,75,13,PUNT,,,-0.3,-0.3,PUNT,0.0
7970,Team 07,86,2,GO,0.7015142308273599,1,2.56,0.9243,GO,0.0
7971,Team 12,68,13,PUNT,,,-0.244,-0.244,PUNT,0.0
7972,Team 13,31,8,KICK,0.6592603884513855,1,3,1.6043,KICK,0.0
7973,Team 02,45,2,GO,0.6163941829217663,0,-2.1,1.7833,GO,0.0
7974,Team 07,34,1,GO,0.7454553407611428,1,4.64,2.9804,GO,0.0
7975,Team 04,59,3,PUNT,,,-0.172,-0.172,GO,0.9154
7976,Team 02,54,15,PUNT,,,-0.132,-0.132,PUNT,0.0
7977,Team 14,60,5,PUNT,,,-0.18,-0.18,GO,0.3167
7978,Team 07,18,11,KICK,0.8833970308388606,1,3,2.5466,KICK,0.0
7979,Team 14,42,10,KICK,0.37871640480893237,1,3,0.3459,KICK,0.0
7980,Team 13,72,6,GO,0.5341227138507878,0,-2.64,0.4365,GO,0.0
7981,Team 08,80,15,PUNT,,,-0.34,-0.34,PUNT,0.0
7982,Team 13,49,10,GO,0.3222836779454518,0,-2.18,-0.1754,PUNT,0.0834
7983,Team 03,15,14,KICK,0.9121360851706988,1,3,2.6626,KICK,0.0
7984,Team 03,34,13,KICK,0.5854045691294653,1,3,1.2819,KICK,0.0
7985,Team 13,32,8,GO,0.4247517878519248,1,4.72,0.9464,KICK,0.554
7986,Team 12,41,5,GO,0.5661473020656971,0,-2.02,1.592,GO,0.0
7987,Team 14,87,1,GO,0.6384478943768523,1,2.52,0.5459,GO,0.0
7988,Team 13,57,7,KICK,0.11204703855699037,0,-1.512,-1.0064,GO,1.5703
7989,Team 13,21,6,KICK,0.8468362842349139,1,3,2.3971,KICK,0.0
7990,Team 02,35,7,PUNT,,,0.02,0.02,KICK,1.1484
7991,Team 07,85,2,GO,0.7015142308273599,0,-2.9,0.9583,GO,0.0
7992,Team 05,53,15,PUNT,,,-0.124,-0.124,PUNT,0.0
7993,Team 08,57,14,KICK,0.11204703855699037,0,-1.512,-1.0064,PUNT,0.8504
7994,Team 16,76,5,GO,0.5135670971823116,1,2.96,0.1971,GO,0.0
7995,Team 12,53,7,GO,0.4566464446563816,0,-2.26,0.5438,GO,0.0
7996,Team 16,19,12,KICK,0.8721384336809187,1,3,2.5008,KICK,0.0
7997,Team 14,12,2,GO,0.5862862634331419,0,-1.44,2.6406,KICK,0.1104
7998,Team 12,84,9,PUNT,,,-0.372,-0.372,PUNT,0.0
7999,Team 16,59,14,PUNT,,,-0.172,-0.172,PUNT,0.0
8000,Team 03,41,6,KICK,0.40371730070321227,1,3,0.4622,KICK,0.0
8001,Team 04,89,4,GO,0.4639130714247188,0,-2.98,-0.4656,PUNT,0.0536
8002,Team 01,11,9,KICK,0.9404756340234984,1,3,2.7752,KICK,0.0
8003,Team 16,57,8,PUNT,,,-0.156,-0.156,PUNT,0.0
8004,Team 08,22,3,KICK,0.8327160444615168,1,3,2.3389,KICK,0.0
8005,Team 11,33,12,KICK,0.610639233949222,1,3,1.3927,KICK,0.0
8006,Team 06,82,15,PUNT,,,-0.356,-0.356,PUNT,0.0
8007,Team 14,30,12,KICK,0.6824383021930649,0,-1.08,1.7043,KICK,0.0
8008,Team 15,48,13,KICK,0.24508501313237172,0,-1.368,-0.2975,PUNT,0.2135
8009,Team 07,85,11,PUNT,,,-0.38,-0.38,PUNT,0.0
8010,Team 15,83,2,GO,0.6033015971633345,1,2.68,0.4823,GO,0.0
8011,Team 10,31,5,KICK,0.6592603884513855,1,3,1.6043,KICK,0.0
8012,Team 01,49,7,GO,0.3672271904706913,0,-2.18,0.1042,GO,0.0
8013,Team 08,41,10,PUNT,,,-0.028,-0.028,KICK,0.4902
8014,Team 11,86,9,PUNT,,,-0.388,-0.388,PUNT,0.0
8015,Team 02,16,11,KICK,0.903348789058409,1,3,2.6273,KICK,0.0
8016,Team 14,87,1,GO,0.6384478943768523,1,2.52,0.5459,GO,0.0
8017,Team 05,10,10,KICK,0.9460888925720083,1,3,2.7973,KICK,0.0
8018,Team 07,82,1,GO,0.7454553407611428,1,2.72,1.3047,GO,0.0
8019,Team 13,14,4,KICK,0.9201950407592125,1,3,2.6948,GO,0.2561
8020,Team 02,31,4,KICK,0.6592603884513855,1,3,1.6043,KICK,0.0
8021,Team 01,43,11,KICK,0.35434369377420466,0,-1.288,0.2314,KICK,0.0
8022,Team 12,10,13,KICK,0.9460888925720083,1,3,2.7973,KICK,0.0
8023,Team 02,13,14,KICK,0.9275735146384823,1,3,2.7242,KICK,0.0
8024,Team 15,82,2,PUNT,,,-0.356,-0.356,GO,0.8704
8025,Team 04,59,15,PUNT,,,-0.172,-0.172,PUNT,0.0
8026,Team 03,55,15,PUNT,,,-0.14,-0.14,PUNT,0.0
8027,Team 07,67,4,GO,0.6021709365103962,1,3.32,0.9887,GO,0.0
8028,Team 09,63,10,KICK,0.06297335605699649,0,-1.608,-1.3178,PUNT,1.1138
8029,Team 10,22,1,GO,0.570954621992401,1,5.12,2.2197,KICK,0.1192
8030,Team 11,15,8,KICK,0.9121360851706988,0,-0.84,2.6626,KICK,0.0
8031,Team 11,58,9,PUNT,,,-0.164,-0.164,PUNT,0.0
8032,Team 16,22,11,KICK,0.8327160444615168,1,3,2.3389,KICK,0.0
8033,Team 15,10,13,KICK,0.9460888925720083,1,3,2.7973,KICK,0.0
8034,Team 10,34,8,KICK,0.5854045691294653,1,3,1.2819,KICK,0.0
8035,Team 14,84,2,PUNT,,,-0.372,-0.372,GO,0.7283
8036,Team 13,45,6,GO,0.5341227138507878,1,4.2,1.265,GO,0.0
8037,Team 11,19,10,KICK,0.8721384336809187,0,-0.904,2.5008,KICK,0.0
8038,Team 07,36,11,KICK,0.533698835432901,0,-1.176,1.0527,KICK,0.0
8039,Team 01,66,6,GO,0.41966938533727444,1,3.36,-0.0523,GO,0.0
8040,Team 09,30,15,KICK,0.6824383021930649,1,3,1.7043,KICK,0.0
8041,Team 12,36,8,KICK,0.533698835432901,1,3,1.0527,KICK,0.0
8042,Team 11,76,5,PUNT,,,-0.308,-0.308,PUNT,0.0
8043,Team 06,77,9,GO,0.29156836022871013,0,-2.74,-1.0897,PUNT,0.7737
8044,Team 01,17,4,KICK,0.8937850083248244,1,3,2.5887,KICK,0.0
8045,Team 09,56,14,KICK,0.12292695083285751,0,-1.496,-0.9433,PUNT,0.7953
8046,Team 12,55,13,PUNT,,,-0.14,-0.14,PUNT,0.0
8047,Team 06,45,4,GO,0.55285699926031,1,4.2,1.383,GO,0.0
8048,Team 14,67,15,PUNT,,,-0.236,-0.236,PUNT,0.0
8049,Team 10,56,5,KICK,0.12292695083285751,0,-1.496,-0.9433,PUNT,0.7953
8050,Team 04,72,1,GO,0.6260717063282923,0,-2.64,0.9662,GO,0.0
8051,Team 03,59,15,PUNT,,,-0.172,-0.172,PUNT,0.0
8052,Team 09,83,8,GO,0.3967851966138369,0,-2.86,-0.6618,PUNT,0.2978
8053,Team 06,17,6,KICK,0.8937850083248244,1,3,2.5887,KICK,0.0
8054,Team 14,75,2,PUNT,,,-0.3,-0.3,GO,0.9418
8055,Team 10,58,12,KICK,0.10201806918913042,0,-1.528,-1.0661,PUNT,0.9021
8056,Team 07,56,11,KICK,0.12292695083285751,0,-1.496,-0.9433,PUNT,0.7953
8057,Team 07,90,9,PUNT,,,-0.42,-0.42,PUNT,0.0
8058,Team 07,11,7,KICK,0.9404756340234984,1,3,2.7752,KICK,0.0
8059,Team 04,86,9,KICK,0.005970121417520975,0,-1.976,-1.9463,PUNT,1.5583
8060,Team 14,58,6,PUNT,,,-0.164,-0.164,GO,0.04
8061,Team 16,81,5,GO,0.5135670971823116,0,-2.82,0.0457,GO,0.0
8062,Team 01,89,15,KICK,0.004363968112352547,0,-2.024,-2.0021,PUNT,1.5901
8063,Team 13,71,8,GO,0.4247517878519248,0,-2.62,-0.1649,GO,0.0
8064,Team 12,17,3,GO,0.6695497215555487,1,5.32,3.0531,GO,0.0
8065,Team 08,51,11,GO,0.19258798623969967,0,-2.22,-1.0298,PUNT,0.9218
8066,Team 06,67,5,GO,0.4980552402097736,0,-2.54,0.3786,GO,0.0
8067,Team 10,86,6,GO,0.3069849581582148,1,2.56,-1.2377,PUNT,0.8497
8068,Team 05,48,15,KICK,0.24508501313237172,0,-1.368,-0.2975,PUNT,0.2135
8069,Team 04,56,10,GO,0.18776490647190214,0,-2.32,-1.1784,PUNT,1.0304
8070,Team 11,85,3,PUNT,,,-0.38,-0.38,PUNT,0.0
8071,Team 03,20,10,KICK,0.8599650843722273,1,3,2.4511,KICK,0.0
8072,Team 14,58,10,PUNT,,,-0.164,-0.164,PUNT,0.0
8073,Team 02,26,15,KICK,0.7658456258197972,1,3,2.0596,KICK,0.0
8074,Team 03,21,12,KICK,0.8468362842349139,0,-0.936,2.3971,KICK,0.0
8075,Team 15,53,11,KICK,0.1611089495765853,0,-1.448,-0.7314,PUNT,0.6074
8076,Team 07,90,7,PUNT,,,-0.42,-0.42,PUNT,0.0
8077,Team 13,36,4,GO,0.6403084946867348,1,4.56,2.2292,GO,0.0
8078,Team 02,27,11,KICK,0.7464939833376621,1,3,1.9779,KICK,0.0
8079,Team 16,41,13,KICK,0.40371730070321227,0,-1.256,0.4622,KICK,0.0
8080,Team 16,17,14,KICK,0.8937850083248244,1,3,2.5887,KICK,0.0
8081,Team 16,56,14,PUNT,,,-0.148,-0.148,PUNT,0.0
8082,Team 09,87,10,PUNT,,,-0.396,-0.396,PUNT,0.0
8083,Team 11,74,3,KICK,0.02073457758943501,0,-1.784,-1.6848,GO,1.4848
8084,Team 16,12,7,KICK,0.9343184948673792,1,3,2.7509,KICK,0.0
8085,Team 01,82,8,PUNT,,,-0.356,-0.356,PUNT,0.0
8086,Team 15,77,7,PUNT,,,-0.316,-0.316,PUNT,0.0
8087,Team 05,67,4,GO,0.47571317758111337,0,-2.54,0.2477,GO,0.0
8088,Team 04,62,5,PUNT,,,-0.196,-0.196,GO,0.1987
8089,Team 06,59,6,PUNT,,,-0.172,-0.172,GO,0.4607
8090,Team 13,30,7,KICK,0.6824383021930649,1,3,1.7043,KICK,0.0
8091,Team 15,78,12,PUNT,,,-0.324,-0.324,PUNT,0.0
8092,Team 03,84,15,PUNT,,,-0.372,-0.372,PUNT,0.0
8093,Team 11,55,3,GO,0.4335698705359307,0,-2.3,0.3448,GO,0.0
8094,Team 06,48,1,GO,0.7052076153533808,1,4.08,2.2405,GO,0.0
8095,Team 14,85,9,KICK,0.00662669724966295,0,-1.96,-1.9271,PUNT,1.5471
8096,Team 08,66,1,GO,0.682810727672691,1,3.36,1.4949,GO,0.0
8097,Team 05,24,2,GO,0.5848647368258585,1,5.04,2.2503,GO,0.0
8098,Team 07,34,1,GO,0.7454553407611428,0,-1.88,2.9804,GO,0.0
8099,Team 15,56,9,GO,0.24587051127301954,0,-2.32,-0.8251,PUNT,0.6771
8100,Team 16,40,11,PUNT,,,-0.02,-0.02,KICK,0.5999
8101,Team 12,79,7,GO,0.4566464446563816,1,2.84,-0.2136,GO,0.0
8102,Team 11,66,10,PUNT,,,-0.228,-0.228,PUNT,0.0
8103,Team 03,57,15,PUNT,,,-0.156,-0.156,PUNT,0.0
8104,Team 03,90,8,PUNT,,,-0.42,-0.42,PUNT,0.0
8105,Team 16,20,15,KICK,0.8599650843722273,1,3,2.4511,KICK,0.0
8106,Team 14,55,6,GO,0.37019832268003167,0,-2.3,-0.0418,GO,0.0
8107,Team 04,35,8,KICK,0.5597136492671929,1,3,1.1684,KICK,0.0
8108,Team 01,61,7,GO,0.3672271904706913,0,-2.42,-0.224,PUNT,0.036
8109,Team 12,48,15,PUNT,,,-0.084,-0.084,PUNT,0.0
8110,Team 16,12,9,KICK,0.9343184948673792,1,3,2.7509,KICK,0.0
8111,Team 01,31,7,GO,0.3672271904706913,1,4.76,0.5964,KICK,1.008
8112,Team 08,31,11,KICK,0.6592603884513855,1,3,1.6043,KICK,0.0
8113,Team 07,79,2,GO,0.7015142308273599,1,2.84,1.1625,GO,0.0
8114,Team 06,80,12,PUNT,,,-0.34,-0.34,PUNT,0.0
8115,Team 05,36,13,KICK,0.533698835432901,0,-1.176,1.0527,KICK,0.0
8116,Team 13,55,9,PUNT,,,-0.14,-0.14,GO,0.1097
8117,Team 09,81,7,PUNT,,,-0.348,-0.348,GO,0.0415
8118,Team 16,30,5,GO,0.5135670971823116,0,-1.8,1.5895,KICK,0.1148
8119,Team 09,26,6,GO,0.5052802311918284,1,4.96,1.6553,KICK,0.4044
8120,Team 08,17,9,KICK,0.8937850083248244,1,3,2.5887,KICK,0.0
8121,Team 16,15,7,KICK,0.9121360851706988,1,3,2.6626,KICK,0.0
8122,Team 01,42,1,GO,0.6847891621792315,0,-2.04,2.3153,GO,0.0
8123,Team 03,23,4,KICK,0.8175744761936437,1,3,2.2761,KICK,0.0
8124,Team 14,17,15,KICK,0.8937850083248244,1,3,2.5887,KICK,0.0
8125,Team 15,35,2,KICK,0.5597136492671929,0,-1.16,1.1684,GO,0.8531
8126,Team 15,69,10,PUNT,,,-0.252,-0.252,PUNT,0.0
8127,Team 06,64,7,GO,0.3898889396292549,0,-2.48,-0.1719,GO,0.0
8128,Team 11,73,1,GO,0.5430678179428203,1,3.08,0.4572,GO,0.0
8129,Team 11,74,1,PUNT,,,-0.292,-0.292,GO,0.7183
8130,Team 03,90,7,PUNT,,,-0.42,-0.42,PUNT,0.0
8131,Team 01,19,9,KICK,0.8721384336809187,1,3,2.5008,KICK,0.0
8132,Team 05,52,10,PUNT,,,-0.116,-0.116,PUNT,0.0
8133,Team 01,70,9,PUNT,,,-0.26,-0.26,PUNT,0.0
8134,Team 04,65,4,GO,0.4639130714247188,0,-2.5,0.2371,GO,0.0
8135,Team 15,47,8,GO,0.2888945335324451,1,4.12,-0.3315,PUNT,0.2555
8136,Team 14,10,14,KICK,0.9460888925720083,1,3,2.7973,KICK,0.0
8137,Team 11,52,13,PUNT,,,-0.116,-0.116,PUNT,0.0
8138,Team 08,57,1,GO,0.682810727672691,0,-2.34,1.7978,GO,0.0
8139,Team 08,41,5,PUNT,,,-0.028,-0.028,GO,1.0175
8140,Team 13,85,1,GO,0.7749896631651041,1,2.6,1.3624,GO,0.0
8141,Team 12,17,6,KICK,0.8937850083248244,1,3,2.5887,KICK,0.0
8142,Team 07,68,11,PUNT,,,-0.244,-0.244,PUNT,0.0
8143,Team 07,30,9,KICK,0.6824383021930649,0,-1.08,1.7043,KICK,0.0
8144,Team 14,50,2,GO,0.5862862634331419,0,-2.2,1.435,GO,0.0
8145,Team 12,58,3,GO,0.6695497215555487,1,3.68,1.6841,GO,0.0
8146,Team 16,76,13,PUNT,,,-0.308,-0.308,PUNT,0.0
8147,Team 03,81,6,GO,0.3346691378560442,0,-2.82,-0.9525,PUNT,0.6045
8148,Team 05,55,9,GO,0.2319694549799276,0,-2.3,-0.885,PUNT,0.745
8149,Team 11,89,9,PUNT,,,-0.412,-0.412,PUNT,0.0
8150,Team 13,58,13,PUNT,,,-0.164,-0.164,PUNT,0.0
8151,Team 15,80,1,GO,0.6545818519692127,1,2.8,0.8657,GO,0.0
8152,Team 16,72,2,GO,0.6713465706923882,1,3.12,1.227,GO,0.0
8153,Team 13,41,9,KICK,0.40371730070321227,1,3,0.4622,KICK,0.0
8154,Team 04,86,1,PUNT,,,-0.388,-0.388,GO,0.8989
8155,Team 01,49,13,PUNT,,,-0.092,-0.092,PUNT,0.0
8156,Team 07,17,1,GO,0.7454553407611428,1,5.32,3.5738,GO,0.0
8157,Team 09,58,4,GO,0.6132802431683475,1,3.68,1.3442,GO,0.0
8158,Team 02,86,6,KICK,0.005970121417520975,0,-1.976,-1.9463,PUNT,1.5583
8159,Team 05,39,13,KICK,0.45512110762641994,0,-1.224,0.6984,KICK,0.0
8160,Team 12,47,5,GO,0.5661473020656971,0,-2.14,1.4041,GO,0.0
8161,Team 08,27,12,KICK,0.7464939833376621,1,3,1.9779,KICK,0.0
8162,Team 12,54,14,PUNT,,,-0.132,-0.132,PUNT,0.0
8163,Team 12,77,1,GO,0.7588068543713931,1,2.92,1.5548,GO,0.0
8164,Team 05,18,12,KICK,0.8833970308388606,1,3,2.5466,KICK,0.0
8165,Team 14,11,12,KICK,0.9404756340234984,0,-0.776,2.7752,KICK,0.0
8166,Team 12,38,3,GO,0.6695497215555487,1,4.48,2.3519,GO,0.0
8167,Team 12,73,2,PUNT,,,-0.284,-0.284,GO,1.7355
8168,Team 03,37,10,KICK,0.5074994375506204,0,-1.192,0.9354,KICK,0.0
8169,Team 04,32,7,KICK,0.6352948493228072,0,-1.112,1.5003,KICK,0.0
8170,Team 02,60,1,GO,0.6669163928212177,1,3.6,1.6015,GO,0.0
8171,Team 13,46,13,KICK,0.2859777732226985,0,-1.336,-0.096,PUNT,0.028
8172,Team 04,28,3,GO,0.5188412894570203,0,-1.76,1.6851,KICK,0.2062
8173,Team 12,14,9,GO,0.35118128519705183,0,-1.48,0.9502,KICK,1.7447
8174,Team 09,60,1,GO,0.7541967228490082,1,3.6,2.1252,GO,0.0
8175,Team 06,81,13,PUNT,,,-0.348,-0.348,PUNT,0.0
8176,Team 15,77,7,PUNT,,,-0.316,-0.316,PUNT,0.0
8177,Team 12,37,5,GO,0.5661473020656971,0,-1.94,1.7173,GO,0.0
8178,Team 01,81,12,PUNT,,,-0.348,-0.348,PUNT,0.0
8179,Team 06,76,11,GO,0.2095269689848933,0,-2.72,-1.5299,PUNT,1.2219
8180,Team 15,33,10,KICK,0.610639233949222,0,-1.128,1.3927,KICK,0.0
8181,Team 16,90,10,GO,0.26004815453768654,0,-3.0,-1.5957,PUNT,1.1757
8182,Team 09,81,2,GO,0.7111799598144781,0,-2.82,1.1484,GO,0.0
8183,Team 13,77,1,GO,0.7749896631651041,1,2.92,1.6464,GO,0.0
8184,Team 07,14,3,GO,0.6535134081523024,0,-1.48,3.0423,GO,0.0
8185,Team 14,55,11,PUNT,,,-0.14,-0.14,PUNT,0.0
8186,Team 09,30,6,KICK,0.6824383021930649,1,3,1.7043,KICK,0.0
8187,Team 15,30,3,GO,0.5496461081640299,0,-1.8,1.8277,GO,0.0
8188,Team 14,47,14,KICK,0.2650274005334813,0,-1.352,-0.1986,PUNT,0.1226
8189,Team 09,72,7,GO,0.45044365998876706,1,3.12,-0.0454,GO,0.0
8190,Team 13,52,10,PUNT,,,-0.116,-0.116,PUNT,0.0
8191,Team 07,56,14,PUNT,,,-0.148,-0.148,PUNT,0.0
8192,Team 07,84,15,PUNT,,,-0.372,-0.372,PUNT,0.0
8193,Team 15,53,7,PUNT,,,-0.124,-0.124,PUNT,0.0
8194,Team 10,75,2,GO,0.5164308431129125,0,-2.7,0.2437,GO,0.0
8195,Team 13,24,9,KICK,0.8013892651145572,1,3,2.2087,KICK,0.0
8196,Team 06,77,12,PUNT,,,-0.316,-0.316,PUNT,0.0
8197,Team 12,29,1,GO,0.7588068543713931,1,4.84,3.2433,GO,0.0
8198,Team 10,50,11,PUNT,,,-0.1,-0.1,PUNT,0.0
8199,Team 04,55,13,KICK,0.13470305195202817,0,-1.48,-0.8765,PUNT,0.7365
8200,Team 03,40,11,PUNT,,,-0.02,-0.02,KICK,0.5999
8201,Team 06,78,2,GO,0.6575107676168527,1,2.88,0.9484,GO,0.0
8202,Team 09,54,4,GO,0.6132802431683475,1,3.84,1.4733,GO,0.0
8203,Team 04,38,7,PUNT,,,-0.004,-0.004,KICK,0.8211
8204,Team 01,85,11,PUNT,,,-0.38,-0.38,PUNT,0.0
8205,Team 01,12,5,GO,0.4739908119572121,1,5.52,1.859,KICK,0.892
8206,Team 11,24,3,KICK,0.8013892651145572,1,3,2.2087,KICK,0.0
8207,Team 14,16,9,KICK,0.903348789058409,1,3,2.6273,KICK,0.0
8208,Team 12,29,12,KICK,0.7047456979980911,0,-1.064,1.8001,KICK,0.0
8209,Team 15,23,12,KICK,0.8175744761936437,1,3,2.2761,KICK,0.0
8210,Team 12,85,5,GO,0.5661473020656971,1,2.6,0.2138,GO,0.0
8211,Team 07,22,6,GO,0.4936300767509541,0,-1.64,1.6969,KICK,0.642
8212,Team 13,53,9,GO,0.3720816900525986,0,-2.26,0.0246,GO,0.0
8213,Team 14,36,3,GO,0.532114204592694,1,4.56,1.5281,GO,0.0
8214,Team 08,19,8,KICK,0.8721384336809187,1,3,2.5008,KICK,0.0
8215,Team 05,39,9,PUNT,,,-0.012,-0.012,KICK,0.7104
8216,Team 09,46,14,KICK,0.2859777732226985,1,3,-0.096,PUNT,0.028
8217,Team 03,71,9,PUNT,,,-0.268,-0.268,PUNT,0.0
8218,Team 10,55,1,GO,0.570954621992401,0,-2.3,1.1828,GO,0.0
8219,Team 08,32,15,KICK,0.6352948493228072,0,-1.112,1.5003,KICK,0.0
8220,Team 12,36,12,PUNT,,,0.012,0.012,KICK,1.0407
8221,Team 13,15,11,KICK,0.9121360851706988,1,3,2.6626,KICK,0.0
8222,Team 05,79,1,GO,0.6370946554825867,1,2.84,0.8005,GO,0.0
8223,Team 02,43,2,GO,0.6163941829217663,0,-2.06,1.8479,GO,0.0
8224,Team 02,11,2,GO,0.6163941829217663,0,-1.42,2.8824,GO,0.0
8225,Team 07,33,4,KICK,0.610639233949222,1,3,1.3927,GO,0.6855
8226,Team 03,81,12,PUNT,,,-0.348,-0.348,PUNT,0.0
8227,Team 07,36,9,KICK,0.533698835432901,0,-1.176,1.0527,KICK,0.0
8228,Team 10,19,13,KICK,0.8721384336809187,1,3,2.5008,KICK,0.0
8229,Team 11,34,14,KICK,0.5854045691294653,0,-1.144,1.2819,KICK,0.0
8230,Team 02,15,12,KICK,0.9121360851706988,0,-0.84,2.6626,KICK,0.0
8231,Team 06,37,3,KICK,0.5074994375506204,0,-1.192,0.9354,GO,1.0419
8232,Team 16,66,10,KICK,0.046752805099547774,0,-1.656,-1.4383,PUNT,1.2103
8233,Team 09,11,14,KICK,0.9404756340234984,1,3,2.7752,KICK,0.0
8234,Team 15,61,11,GO,0.1735377526030174,1,3.56,-1.3822,PUNT,1.1942
8235,Team 14,38,1,GO,0.6384478943768523,1,4.48,2.1516,GO,0.0
8236,Team 01,87,9,PUNT,,,-0.396,-0.396,PUNT,0.0
8237,Team 04,17,4,KICK,0.8937850083248244,1,3,2.5887,KICK,0.0
8238,Team 04,13,4,KICK,0.9275735146384823,1,3,2.7242,KICK,0.0
8239,Team 11,70,9,PUNT,,,-0.26,-0.26,PUNT,0.0
8240,Team 13,15,8,GO,0.4247517878519248,0,-1.5,1.4308,KICK,1.2318
8241,Team 14,47,6,GO,0.37019832268003167,0,-2.14,0.1774,GO,0.0
8242,Team 14,77,15,PUNT,,,-0.316,-0.316,PUNT,0.0
8243,Team 01,60,14,PUNT,,,-0.18,-0.18,PUNT,0.0
8244,Team 07,36,3,KICK,0.533698835432901,0,-1.176,1.0527,GO,1.262
8245,Team 01,17,15,KICK,0.8937850083248244,1,3,2.5887,KICK,0.0
8246,Team 03,87,2,GO,0.5480655976092276,1,2.52,0.0524,GO,0.0
8247,Team 13,65,8,PUNT,,,-0.22,-0.22,GO,0.226
8248,Team 15,69,4,GO,0.4948104192229929,0,-2.58,0.2998,GO,0.0
8249,Team 03,41,2,GO,0.5480655976092276,0,-2.02,1.4767,GO,0.0
8250,Team 01,45,14,KICK,0.3078904956982119,0,-1.32,0.0101,KICK,0.0
8251,Team 10,60,9,KICK,0.08432369642147458,0,-1.56,-1.1755,PUNT,0.9955
8252,Team 11,44,4,KICK,0.33070459722255413,0,-1.304,0.1194,GO,0.2056
8253,Team 03,78,10,PUNT,,,-0.324,-0.324,PUNT,0.0
8254,Team 02,23,11,KICK,0.8175744761936437,0,-0.968,2.2761,KICK,0.0
8255,Team 14,81,14,PUNT,,,-0.348,-0.348,PUNT,0.0
8256,Team 05,51,6,PUNT,,,-0.108,-0.108,GO,0.1674
8257,Team 14,16,12,KICK,0.903348789058409,1,3,2.6273,KICK,0.0
8258,Team 03,80,6,PUNT,,,-0.34,-0.34,PUNT,0.0
8259,Team 09,13,8,KICK,0.9275735146384823,1,3,2.7242,KICK,0.0
8260,Team 09,44,4,KICK,0.33070459722255413,1,3,0.1194,GO,1.6766
8261,Team 10,37,7,KICK,0.5074994375506204,1,3,0.9354,KICK,0.0
8262,Team 06,46,3,GO,0.6064038791149935,0,-2.12,1.6882,GO,0.0
8263,Team 07,44,5,GO,0.5484769739869401,1,4.24,1.3864,GO,0.0
8264,Team 13,13,10,KICK,0.9275735146384823,1,3,2.7242,KICK,0.0
8265,Team 10,54,11,KICK,0.14741766105380757,0,-1.464,-0.8059,PUNT,0.6739
8266,Team 13,27,11,KICK,0.7464939833376621,0,-1.032,1.9779,KICK,0.0
8267,Team 03,18,14,KICK,0.8833970308388606,1,3,2.5466,KICK,0.0
8268,Team 09,21,15,KICK,0.8468362842349139,0,-0.936,2.3971,KICK,0.0
8269,Team 05,31,10,KICK,0.6592603884513855,0,-1.096,1.6043,KICK,0.0
8270,Team 10,51,1,GO,0.570954621992401,1,3.96,1.3085,GO,0.0
8271,Team 02,12,4,KICK,0.9343184948673792,1,3,2.7509,KICK,0.0
8272,Team 14,57,2,GO,0.5862862634331419,1,3.72,1.2129,GO,0.0
8273,Team 04,10,5,KICK,0.9460888925720083,1,3,2.7973,KICK,0.0
8274,Team 13,72,2,GO,0.7343299545462806,1,3.12,1.5897,GO,0.0
8275,Team 06,22,11,KICK,0.8327160444615168,1,3,2.3389,KICK,0.0
8276,Team 05,20,11,KICK,0.8599650843722273,1,3,2.4511,KICK,0.0
8277,Team 04,75,2,GO,0.5733178358600778,1,3.0,0.5679,GO,0.0
8278,Team 08,36,1,GO,0.682810727672691,1,4.56,2.5046,GO,0.0
8279,Team 07,10,7,KICK,0.9460888925720083,1,3,2.7973,KICK,0.0
8280,Team 14,67,6,PUNT,,,-0.236,-0.236,PUNT,0.0
8281,Team 16,32,14,KICK,0.6352948493228072,1,3,1.5003,KICK,0.0
8282,Team 08,78,14,PUNT,,,-0.324,-0.324,PUNT,0.0
8283,Team 11,55,5,PUNT,,,-0.14,-0.14,PUNT,0.0
8284,Team 14,66,7,GO,0.32052370678858894,0,-2.52,-0.6353,PUNT,0.4073
8285,Team 01,62,10,PUNT,,,-0.196,-0.196,PUNT,0.0
8286,Team 15,40,2,KICK,0.42922838810550845,1,3,0.5799,GO,1.2812
8287,Team 11,30,5,KICK,0.6824383021930649,1,3,1.7043,KICK,0.0
8288,Team 01,87,4,GO,0.5289349488921719,1,2.52,-0.052,GO,0.0
8289,Team 04,30,10,KICK,0.6824383021930649,0,-1.08,1.7043,KICK,0.0
8290,Team 14,33,14,KICK,0.610639233949222,1,3,1.3927,KICK,0.0
8291,Team 11,18,4,KICK,0.8833970308388606,1,3,2.5466,KICK,0.0
8292,Team 09,15,12,KICK,0.9121360851706988,1,3,2.6626,KICK,0.0
8293,Team 06,42,11,PUNT,,,-0.036,-0.036,KICK,0.3819
8294,Team 01,78,3,GO,0.583186768451493,1,2.88,0.5292,GO,0.0
8295,Team 08,23,3,GO,0.5809608534948784,0,-1.66,2.2557,KICK,0.0205
8296,Team 10,18,9,KICK,0.8833970308388606,1,3,2.5466,KICK,0.0
8297,Team 07,56,14,PUNT,,,-0.148,-0.148,PUNT,0.0
8298,Team 07,59,9,PUNT,,,-0.172,-0.172,PUNT,0.0
8299,Team 04,65,10,PUNT,,,-0.22,-0.22,PUNT,0.0
8300,Team 01,10,5,KICK,0.9460888925720083,1,3,2.7973,KICK,0.0
8301,Team 02,75,5,GO,0.4537008049433731,0,-2.7,-0.1139,GO,0.0
8302,Team 14,41,13,GO,0.11191119360714953,0,-2.02,-1.306,KICK,1.7682
8303,Team 07,26,10,KICK,0.7658456258197972,1,3,2.0596,KICK,0.0
8304,Team 11,50,8,PUNT,,,-0.1,-0.1,PUNT,0.0
8305,Team 04,84,15,PUNT,,,-0.372,-0.372,PUNT,0.0
8306,Team 10,44,11,KICK,0.33070459722255413,0,-1.304,0.1194,KICK,0.0
8307,Team 02,33,11,KICK,0.610639233949222,1,3,1.3927,KICK,0.0
8308,Team 15,63,1,GO,0.6545818519692127,1,3.48,1.4282,GO,0.0
8309,Team 09,26,5,GO,0.5599900585150124,0,-1.72,2.0207,KICK,0.0389
8310,Team 08,15,7,KICK,0.9121360851706988,1,3,2.6626,KICK,0.0
8311,Team 13,47,12,GO,0.23445996738575048,0,-2.14,-0.6723,PUNT,0.5963
8312,Team 10,32,3,GO,0.4615130443401682,0,-1.84,1.1875,KICK,0.3128
8313,Team 13,49,2,GO,0.7343299545462806,1,4.04,2.3875,GO,0.0
8314,Team 02,63,5,GO,0.4537008049433731,0,-2.46,0.235,GO,0.0
8315,Team 08,45,1,GO,0.682810727672691,0,-2.1,2.2017,GO,0.0
8316,Team 06,39,14,KICK,0.45512110762641994,1,3,0.6984,KICK,0.0
8317,Team 12,59,1,GO,0.7588068543713931,0,-2.38,2.188,GO,0.0
8318,Team 11,60,2,GO,0.48817701060294577,1,3.6,0.5291,GO,0.0
8319,Team 09,55,5,GO,0.5599900585150124,1,3.8,1.1159,GO,0.0
8320,Team 11,77,6,KICK,0.015217121208656311,0,-1.832,-1.7585,PUNT,1.4425
8321,Team 15,88,3,PUNT,,,-0.404,-0.404,GO,0.4341
8322,Team 07,75,15,PUNT,,,-0.3,-0.3,PUNT,0.0
8323,Team 08,82,10,PUNT,,,-0.356,-0.356,PUNT,0.0
8324,Team 11,68,15,PUNT,,,-0.244,-0.244,PUNT,0.0
8325,Team 10,23,1,GO,0.570954621992401,1,5.08,2.1882,KICK,0.0879
8326,Team 07,25,5,GO,0.5484769739869401,1,5.0,1.9748,KICK,0.1618
8327,Team 11,51,15,KICK,0.19154534856146757,1,3,-0.5701,PUNT,0.4621
8328,Team 07,87,5,GO,0.5484769739869401,0,-2.94,0.0547,GO,0.0
8329,Team 07,45,13,KICK,0.3078904956982119,0,-1.32,0.0101,KICK,0.0
8330,Team 03,55,10,PUNT,,,-0.14,-0.14,PUNT,0.0
8331,Team 14,18,6,KICK,0.8833970308388606,1,3,2.5466,KICK,0.0
8332,Team 09,16,14,KICK,0.903348789058409,1,3,2.6273,KICK,0.0
8333,Team 02,58,15,PUNT,,,-0.164,-0.164,PUNT,0.0
8334,Team 16,27,5,GO,0.5135670971823116,1,4.92,1.6804,KICK,0.2975
8335,Team 02,44,10,PUNT,,,-0.052,-0.052,KICK,0.1714
8336,Team 05,49,7,KICK,0.22618142573054625,0,-1.384,-0.3924,PUNT,0.3004
8337,Team 12,30,3,GO,0.6695497215555487,0,-1.8,2.619,GO,0.0
8338,Team 03,67,13,PUNT,,,-0.236,-0.236,PUNT,0.0
8339,Team 15,37,12,KICK,0.5074994375506204,1,3,0.9354,KICK,0.0
8340,Team 08,37,7,KICK,0.5074994375506204,1,3,0.9354,KICK,0.0
8341,Team 09,70,6,PUNT,,,-0.26,-0.26,GO,0.5906
8342,Team 15,62,9,PUNT,,,-0.196,-0.196,PUNT,0.0
8343,Team 12,73,5,PUNT,,,-0.284,-0.284,GO,0.8737
8344,Team 04,73,11,PUNT,,,-0.284,-0.284,PUNT,0.0
8345,Team 03,45,12,KICK,0.3078904956982119,0,-1.32,0.0101,KICK,0.0
8346,Team 07,29,5,KICK,0.7047456979980911,0,-1.064,1.8001,GO,0.0508
8347,Team 03,18,7,KICK,0.8833970308388606,1,3,2.5466,KICK,0.0
8348,Team 04,12,6,KICK,0.9343184948673792,1,3,2.7509,KICK,0.0
8349,Team 05,46,13,KICK,0.2859777732226985,0,-1.336,-0.096,PUNT,0.028
8350,Team 02,62,10,KICK,0.06946090590056407,0,-1.592,-1.273,PUNT,1.077
8351,Team 01,60,15,KICK,0.08432369642147458,0,-1.56,-1.1755,PUNT,0.9955
8352,Team 01,51,9,KICK,0.19154534856146757,0,-1.416,-0.5701,PUNT,0.4621
8353,Team 03,31,10,KICK,0.6592603884513855,1,3,1.6043,KICK,0.0
8354,Team 04,83,15,PUNT,,,-0.364,-0.364,PUNT,0.0
8355,Team 15,56,13,PUNT,,,-0.148,-0.148,PUNT,0.0
8356,Team 15,67,11,PUNT,,,-0.236,-0.236,PUNT,0.0
8357,Team 16,27,10,KICK,0.7464939833376621,1,3,1.9779,KICK,0.0
8358,Team 04,29,5,KICK,0.7047456979980911,1,3,1.8001,KICK,0.0
8359,Team 10,23,15,KICK,0.8175744761936437,1,3,2.2761,KICK,0.0
8360,Team 12,53,4,GO,0.6191988694215159,0,-2.26,1.5419,GO,0.0
8361,Team 09,67,12,PUNT,,,-0.236,-0.236,PUNT,0.0
8362,Team 10,17,1,GO,0.570954621992401,0,-1.54,2.3767,KICK,0.212
8363,Team 12,39,13,PUNT,,,-0.012,-0.012,KICK,0.7104
8364,Team 13,17,10,KICK,0.8937850083248244,1,3,2.5887,KICK,0.0
8365,Team 01,14,8,KICK,0.9201950407592125,1,3,2.6948,KICK,0.0
8366,Team 16,63,10,PUNT,,,-0.204,-0.204,PUNT,0.0
8367,Team 01,62,15,PUNT,,,-0.196,-0.196,PUNT,0.0
8368,Team 01,86,13,PUNT,,,-0.388,-0.388,PUNT,0.0
8369,Team 16,65,4,GO,0.5681437558388193,0,-2.5,0.852,GO,0.0
8370,Team 06,44,13,KICK,0.33070459722255413,0,-1.304,0.1194,KICK,0.0
8371,Team 07,70,13,PUNT,,,-0.26,-0.26,PUNT,0.0
8372,Team 02,90,11,PUNT,,,-0.42,-0.42,PUNT,0.0
8373,Team 15,89,1,GO,0.6545818519692127,1,2.44,0.5678,GO,0.0
8374,Team 06,55,13,PUNT,,,-0.14,-0.14,PUNT,0.0
8375,Team 12,44,12,KICK,0.33070459722255413,1,3,0.1194,KICK,0.0
8376,Team 07,66,8,PUNT,,,-0.228,-0.228,PUNT,0.0
8377,Team 04,74,3,GO,0.5188412894570203,1,3.04,0.2878,GO,0.0
8378,Team 09,46,12,PUNT,,,-0.068,-0.068,PUNT,0.0
8379,Team 11,10,5,KICK,0.9460888925720083,1,3,2.7973,KICK,0.0
8380,Team 12,53,3,PUNT,,,-0.124,-0.124,GO,1.975
8381,Team 03,68,15,PUNT,,,-0.244,-0.244,PUNT,0.0
8382,Team 04,50,8,PUNT,,,-0.1,-0.1,PUNT,0.0
8383,Team 08,67,2,GO,0.6333740470762804,0,-2.54,1.1716,GO,0.0
8384,Team 03,14,1,KICK,0.9201950407592125,1,3,2.6948,KICK,0.0
8385,Team 14,14,1,GO,0.6384478943768523,1,5.44,2.9381,GO,0.0
8386,Team 03,77,5,PUNT,,,-0.316,-0.316,PUNT,0.0
8387,Team 09,50,2,GO,0.7111799598144781,0,-2.2,2.2093,GO,0.0
8388,Team 13,62,15,PUNT,,,-0.196,-0.196,PUNT,0.0
8389,Team 06,87,7,PUNT,,,-0.396,-0.396,PUNT,0.0
8390,Team 02,12,13,KICK,0.9343184948673792,1,3,2.7509,KICK,0.0
8391,Team 07,55,10,PUNT,,,-0.14,-0.14,PUNT,0.0
8392,Team 06,83,8,GO,0.33899432053520184,0,-2.86,-0.982,PUNT,0.618
8393,Team 05,80,4,GO,0.47571317758111337,1,2.8,-0.136,GO,0.0
8394,Team 05,53,2,GO,0.5848647368258585,1,3.88,1.3311,GO,0.0
8395,Team 08,87,9,PUNT,,,-0.396,-0.396,PUNT,0.0
8396,Team 15,15,4,GO,0.4948104192229929,1,5.4,1.9142,KICK,0.7484
8397,Team 16,30,3,GO,0.6211145745754056,1,4.8,2.2994,GO,0.0
8398,Team 07,17,6,KICK,0.8937850083248244,1,3,2.5887,KICK,0.0
8399,Team 02,81,2,GO,0.6163941829217663,0,-2.82,0.6195,GO,0.0
8400,Team 05,37,2,GO,0.5848647368258585,1,4.52,1.8382,GO,0.0
8401,Team 10,79,1,PUNT,,,-0.332,-0.332,GO,0.7608
8402,Team 06,55,5,GO,0.4980552402097736,1,3.8,0.7381,GO,0.0
8403,Team 13,45,9,GO,0.3720816900525986,0,-2.1,0.2441,GO,0.0
8404,Team 12,50,11,PUNT,,,-0.1,-0.1,PUNT,0.0
8405,Team 03,43,6,PUNT,,,-0.044,-0.044,KICK,0.2754
8406,Team 07,58,5,GO,0.5484769739869401,0,-2.36,0.9528,GO,0.0
8407,Team 13,31,7,GO,0.4791878692587739,1,4.76,1.3331,KICK,0.2713
8408,Team 09,51,7,GO,0.45044365998876706,0,-2.22,0.5637,GO,0.0
8409,Team 10,40,14,KICK,0.42922838810550845,0,-1.24,0.5799,KICK,0.0
8410,Team 08,65,6,GO,0.41744252810344173,1,3.4,-0.0371,GO,0.0
8411,Team 05,90,8,PUNT,,,-0.42,-0.42,PUNT,0.0
8412,Team 09,70,1,GO,0.7541967228490082,1,3.2,1.7743,GO,0.0
8413,Team 07,20,11,KICK,0.8599650843722273,1,3,2.4511,KICK,0.0
8414,Team 08,50,1,GO,0.682810727672691,0,-2.2,2.0334,GO,0.0
8415,Team 09,32,5,KICK,0.6352948493228072,0,-1.112,1.5003,GO,0.3332
8416,Team 16,14,14,KICK,0.9201950407592125,1,3,2.6948,KICK,0.0
8417,Team 08,16,2,KICK,0.903348789058409,1,3,2.6273,GO,0.2103
8418,Team 07,12,10,KICK,0.9343184948673792,1,3,2.7509,KICK,0.0
8419,Team 03,46,14,PUNT,,,-0.068,-0.068,PUNT,0.0
8420,Team 14,39,2,GO,0.5862862634331419,0,-1.98,1.784,GO,0.0
8421,Team 04,71,8,PUNT,,,-0.268,-0.268,PUNT,0.0
8422,Team 03,21,7,GO,0.28758501632281214,0,-1.62,0.3298,KICK,2.0673
8423,Team 09,50,3,GO,0.6639890054498807,0,-2.2,1.9167,GO,0.0
8424,Team 06,40,8,KICK,0.42922838810550845,1,3,0.5799,KICK,0.0
8425,Team 16,83,12,GO,0.18456525908245516,0,-2.86,-1.8375,PUNT,1.4735
8426,Team 03,75,12,PUNT,,,-0.3,-0.3,PUNT,0.0
8427,Team 05,11,10,KICK,0.9404756340234984,1,3,2.7752,KICK,0.0
8428,Team 12,14,11,KICK,0.9201950407592125,1,3,2.6948,KICK,0.0
8429,Team 11,84,10,PUNT,,,-0.372,-0.372,PUNT,0.0
8430,Team 14,54,15,KICK,0.14741766105380757,0,-1.464,-0.8059,PUNT,0.6739
8431,Team 07,79,12,KICK,0.012370414740162428,0,-1.864,-1.8038,PUNT,1.4718
8432,Team 05,74,15,PUNT,,,-0.292,-0.292,PUNT,0.0
8433,Team 13,85,7,PUNT,,,-0.38,-0.38,GO,0.1155
8434,Team 08,58,2,GO,0.6333740470762804,1,3.68,1.4656,GO,0.0
8435,Team 01,77,5,GO,0.4739908119572121,0,-2.74,-0.0572,GO,0.0
8436,Team 14,24,7,KICK,0.8013892651145572,1,3,2.2087,KICK,0.0
8437,Team 06,58,13,PUNT,,,-0.164,-0.164,PUNT,0.0
8438,Team 11,19,3,KICK,0.8721384336809187,1,3,2.5008,KICK,0.0
8439,Team 12,37,11,KICK,0.5074994375506204,0,-1.192,0.9354,KICK,0.0
8440,Team 05,17,15,KICK,0.8937850083248244,1,3,2.5887,KICK,0.0
8441,Team 01,75,11,PUNT,,,-0.3,-0.3,PUNT,0.0
8442,Team 01,16,10,KICK,0.903348789058409,1,3,2.6273,KICK,0.0
8443,Team 06,42,2,GO,0.6575107676168527,1,4.32,2.1418,GO,0.0
8444,Team 14,20,15,KICK,0.8599650843722273,0,-0.92,2.4511,KICK,0.0
8445,Team 11,55,13,PUNT,,,-0.14,-0.14,PUNT,0.0
8446,Team 03,44,9,KICK,0.33070459722255413,1,3,0.1194,KICK,0.0
8447,Team 03,50,12,PUNT,,,-0.1,-0.1,PUNT,0.0
8448,Team 11,43,12,KICK,0.35434369377420466,0,-1.288,0.2314,KICK,0.0
8449,Team 14,73,15,PUNT,,,-0.284,-0.284,PUNT,0.0
8450,Team 08,14,3,KICK,0.9201950407592125,0,-0.824,2.6948,KICK,0.0
8451,Team 02,77,1,GO,0.6669163928212177,0,-2.74,1.0347,GO,0.0
8452,Team 16,69,4,GO,0.5681437558388193,0,-2.58,0.7266,GO,0.0
8453,Team 11,17,10,KICK,0.8937850083248244,1,3,2.5887,KICK,0.0
8454,Team 03,51,15,PUNT,,,-0.108,-0.108,PUNT,0.0
8455,Team 01,35,3,KICK,0.5597136492671929,1,3,1.1684,GO,0.7223
8456,Team 05,90,7,PUNT,,,-0.42,-0.42,PUNT,0.0
8457,Team 15,83,6,PUNT,,,-0.364,-0.364,PUNT,0.0
8458,Team 07,48,14,PUNT,,,-0.084,-0.084,PUNT,0.0
8459,Team 07,78,10,PUNT,,,-0.324,-0.324,PUNT,0.0
8460,Team 16,32,8,KICK,0.6352948493228072,0,-1.112,1.5003,KICK,0.0
8461,Team 02,39,13,KICK,0.45512110762641994,1,3,0.6984,KICK,0.0
8462,Team 02,12,14,KICK,0.9343184948673792,1,3,2.7509,KICK,0.0
8463,Team 06,36,13,PUNT,,,0.012,0.012,KICK,1.0407
8464,Team 02,89,2,PUNT,,,-0.412,-0.412,GO,0.7729
8465,Team 05,59,15,PUNT,,,-0.172,-0.172,PUNT,0.0
8466,Team 16,63,4,GO,0.5681437558388193,0,-2.46,0.9148,GO,0.0
8467,Team 07,34,13,KICK,0.5854045691294653,1,3,1.2819,KICK,0.0
8468,Team 08,74,5,PUNT,,,-0.292,-0.292,GO,0.3102
8469,Team 06,11,12,KICK,0.9404756340234984,1,3,2.7752,KICK,0.0
8470,Team 14,67,12,PUNT,,,-0.236,-0.236,PUNT,0.0
8471,Team 05,64,10,PUNT,,,-0.212,-0.212,PUNT,0.0
8472,Team 04,72,15,KICK,0.025456451452111294,0,-1.752,-1.631,PUNT,1.355
8473,Team 02,68,11,PUNT,,,-0.244,-0.244,PUNT,0.0
8474,Team 11,50,10,KICK,0.20833350927014557,0,-1.4,-0.4833,PUNT,0.3833
8475,Team 05,63,3,GO,0.5306555509303387,1,3.48,0.6921,GO,0.0
8476,Team 16,27,12,KICK,0.7464939833376621,1,3,1.9779,KICK,0.0
8477,Team 10,73,10,PUNT,,,-0.284,-0.284,PUNT,0.0
8478,Team 02,82,9,PUNT,,,-0.356,-0.356,PUNT,0.0
8479,Team 03,13,15,KICK,0.9275735146384823,1,3,2.7242,KICK,0.0
8480,Team 03,83,3,PUNT,,,-0.364,-0.364,GO,0.2364
8481,Team 13,61,15,PUNT,,,-0.188,-0.188,PUNT,0.0
8482,Team 05,47,4,GO,0.47571317758111337,0,-2.14,0.838,GO,0.0
8483,Team 09,36,8,KICK,0.533698835432901,0,-1.176,1.0527,KICK,0.0
8484,Team 15,64,12,PUNT,,,-0.212,-0.212,PUNT,0.0
8485,Team 14,38,14,KICK,0.4812587841214649,1,3,0.8171,KICK,0.0
8486,Team 15,85,10,PUNT,,,-0.38,-0.38,PUNT,0.0
8487,Team 15,38,10,KICK,0.4812587841214649,0,-1.208,0.8171,KICK,0.0
8488,Team 09,55,8,GO,0.3967851966138369,0,-2.3,0.1204,GO,0.0
8489,Team 02,39,5,GO,0.4537008049433731,1,4.44,0.9328,GO,0.0
8490,Team 07,89,15,PUNT,,,-0.412,-0.412,PUNT,0.0
8491,Team 03,59,5,PUNT,,,-0.172,-0.172,GO,0.1115
8492,Team 01,84,12,PUNT,,,-0.372,-0.372,PUNT,0.0
8493,Team 08,24,10,KICK,0.8013892651145572,1,3,2.2087,KICK,0.0
8494,Team 05,30,1,KICK,0.6824383021930649,1,3,1.7043,GO,0.7005
8495,Team 07,72,15,PUNT,,,-0.276,-0.276,PUNT,0.0
8496,Team 15,54,11,PUNT,,,-0.132,-0.132,PUNT,0.0
8497,Team 03,74,15,PUNT,,,-0.292,-0.292,PUNT,0.0
8498,Team 07,23,15,KICK,0.8175744761936437,1,3,2.2761,KICK,0.0
8499,Team 11,75,13,PUNT,,,-0.3,-0.3,PUNT,0.0
8500,Team 14,67,8,PUNT,,,-0.236,-0.236,PUNT,0.0
8501,Team 10,44,8,PUNT,,,-0.052,-0.052,KICK,0.1714
8502,Team 02,26,1,GO,0.6669163928212177,0,-1.72,2.735,GO,0.0
8503,Team 08,28,6,GO,0.41744252810344173,0,-1.76,1.0118,KICK,0.8795
8504,Team 15,88,10,PUNT,,,-0.404,-0.404,PUNT,0.0
8505,Team 03,88,3,GO,0.4932149019395633,0,-2.96,-0.2769,GO,0.0
8506,Team 04,74,6,GO,0.3578750197347471,0,-2.68,-0.633,PUNT,0.341
8507,Team 07,29,12,KICK,0.7047456979980911,1,3,1.8001,KICK,0.0
8508,Team 03,68,1,GO,0.6017729612434263,0,-2.56,0.9544,GO,0.0
8509,Team 15,30,6,KICK,0.6824383021930649,1,3,1.7043,KICK,0.0
8510,Team 15,42,5,GO,0.4400992987044506,1,4.32,0.759,GO,0.0
8511,Team 14,30,3,KICK,0.6824383021930649,0,-1.08,1.7043,GO,0.0076
8512,Team 03,81,3,PUNT,,,-0.348,-0.348,GO,0.2801
8513,Team 02,22,8,KICK,0.8327160444615168,1,3,2.3389,KICK,0.0
8514,Team 14,78,6,PUNT,,,-0.324,-0.324,PUNT,0.0
8515,Team 07,10,7,KICK,0.9460888925720083,1,3,2.7973,KICK,0.0
8516,Team 01,24,13,KICK,0.8013892651145572,1,3,2.2087,KICK,0.0
8517,Team 01,76,14,KICK,0.016873391437354078,0,-1.816,-1.7347,PUNT,1.4267
8518,Team 02,36,3,GO,0.563227497954577,0,-1.92,1.7297,GO,0.0
8519,Team 09,59,2,GO,0.7111799598144781,0,-2.38,1.9013,GO,0.0
8520,Team 16,86,7,PUNT,,,-0.388,-0.388,PUNT,0.0
8521,Team 12,67,13,PUNT,,,-0.236,-0.236,PUNT,0.0
8522,Team 16,70,15,PUNT,,,-0.26,-0.26,PUNT,0.0
8523,Team 05,52,10,PUNT,,,-0.116,-0.116,PUNT,0.0
8524,Team 13,48,7,GO,0.4791878692587739,0,-2.16,0.8301,GO,0.0
8525,Team 03,83,13,PUNT,,,-0.364,-0.364,PUNT,0.0
8526,Team 02,67,6,GO,0.39993670574892176,0,-2.54,-0.1964,GO,0.0
8527,Team 11,39,10,KICK,0.45512110762641994,1,3,0.6984,KICK,0.0
8528,Team 14,82,11,PUNT,,,-0.356,-0.356,PUNT,0.0
8529,Team 08,71,10,PUNT,,,-0.268,-0.268,PUNT,0.0
8530,Team 09,76,10,GO,0.29757375628027694,0,-2.72,-1.0298,PUNT,0.7218
8531,Team 04,43,10,PUNT,,,-0.044,-0.044,KICK,0.2754
8532,Team 14,50,11,KICK,0.20833350927014557,0,-1.4,-0.4833,PUNT,0.3833
8533,Team 14,38,8,KICK,0.4812587841214649,0,-1.208,0.8171,KICK,0.0
8534,Team 14,38,11,KICK,0.4812587841214649,1,3,0.8171,KICK,0.0
8535,Team 03,65,5,PUNT,,,-0.22,-0.22,PUNT,0.0
8536,Team 09,36,15,KICK,0.533698835432901,0,-1.176,1.0527,KICK,0.0
8537,Team 02,60,2,PUNT,,,-0.18,-0.18,GO,1.4784
8538,Team 16,64,2,GO,0.6713465706923882,1,3.44,1.4944,GO,0.0
8539,Team 10,54,9,PUNT,,,-0.132,-0.132,PUNT,0.0
8540,Team 07,57,11,GO,0.2449960169720538,0,-2.34,-0.8553,PUNT,0.6993
8541,Team 02,63,5,GO,0.4537008049433731,0,-2.46,0.235,GO,0.0
8542,Team 16,61,9,PUNT,,,-0.188,-0.188,PUNT,0.0
8543,Team 02,62,8,PUNT,,,-0.196,-0.196,PUNT,0.0
8544,Team 15,41,2,GO,0.6033015971633345,0,-2.02,1.8291,GO,0.0
8545,Team 07,64,4,GO,0.6021709365103962,1,3.44,1.0849,GO,0.0
8546,Team 03,13,9,KICK,0.9275735146384823,1,3,2.7242,KICK,0.0
8547,Team 12,67,1,GO,0.7588068543713931,0,-2.54,1.9066,GO,0.0
8548,Team 08,16,7,KICK,0.903348789058409,1,3,2.6273,KICK,0.0
8549,Team 05,10,14,KICK,0.9460888925720083,1,3,2.7973,KICK,0.0
8550,Team 04,71,14,PUNT,,,-0.268,-0.268,PUNT,0.0
8551,Team 11,12,8,KICK,0.9343184948673792,1,3,2.7509,KICK,0.0
8552,Team 10,20,9,KICK,0.8599650843722273,1,3,2.4511,KICK,0.0
8553,Team 15,70,1,GO,0.6545818519692127,1,3.2,1.1966,GO,0.0
8554,Team 01,41,2,GO,0.6354962284153843,0,-2.02,2.0345,GO,0.0
8555,Team 04,65,7,PUNT,,,-0.22,-0.22,PUNT,0.0
8556,Team 04,59,5,GO,0.4098467016511046,0,-2.38,0.0873,GO,0.0
8557,Team 11,21,10,KICK,0.8468362842349139,0,-0.936,2.3971,KICK,0.0
8558,Team 06,56,1,GO,0.7052076153533808,1,3.76,1.9677,GO,0.0
8559,Team 08,36,11,KICK,0.533698835432901,0,-1.176,1.0527,KICK,0.0
8560,Team 13,62,3,GO,0.6892688541839076,1,3.52,1.668,GO,0.0
8561,Team 09,76,15,PUNT,,,-0.308,-0.308,PUNT,0.0
8562,Team 03,16,9,KICK,0.903348789058409,1,3,2.6273,KICK,0.0
8563,Team 15,82,6,GO,0.386805767152458,1,2.72,-0.6894,PUNT,0.3334
8564,Team 10,65,11,PUNT,,,-0.22,-0.22,PUNT,0.0
8565,Team 10,44,7,KICK,0.33070459722255413,1,3,0.1194,KICK,0.0
8566,Team 04,10,2,KICK,0.9460888925720083,1,3,2.7973,KICK,0.0
8567,Team 09,53,4,GO,0.6132802431683475,1,3.88,1.5055,GO,0.0
8568,Team 08,34,3,GO,0.5809608534948784,1,4.64,1.9079,GO,0.0
8569,Team 08,28,10,KICK,0.7261149812607792,0,-1.048,1.8913,KICK,0.0
8570,Team 01,10,6,KICK,0.9460888925720083,1,3,2.7973,KICK,0.0
8571,Team 10,79,4,GO,0.4075137590184509,1,2.84,-0.4898,PUNT,0.1578
8572,Team 05,50,7,GO,0.31924931227269765,0,-2.2,-0.2207,PUNT,0.1207
8573,Team 15,22,7,KICK,0.8327160444615168,1,3,2.3389,KICK,0.0
8574,Team 10,59,12,PUNT,,,-0.172,-0.172,PUNT,0.0
8575,Team 01,73,5,GO,0.4739908119572121,1,3.08,0.0607,GO,0.0
8576,Team 03,40,5,KICK,0.42922838810550845,0,-1.24,0.5799,KICK,0.0
8577,Team 03,41,3,GO,0.4932149019395633,1,4.36,1.1267,GO,0.0
8578,Team 03,60,5,PUNT,,,-0.18,-0.18,GO,0.0918
8579,Team 16,63,11,PUNT,,,-0.204,-0.204,PUNT,0.0
8580,Team 03,71,7,PUNT,,,-0.268,-0.268,PUNT,0.0
8581,Team 06,71,10,KICK,0.02819528797014257,0,-1.736,-1.6025,PUNT,1.3345
8582,Team 09,18,14,KICK,0.8833970308388606,1,3,2.5466,KICK,0.0
8583,Team 15,14,9,KICK,0.9201950407592125,0,-0.824,2.6948,KICK,0.0
8584,Team 08,66,12,PUNT,,,-0.228,-0.228,PUNT,0.0
8585,Team 06,20,12,KICK,0.8599650843722273,1,3,2.4511,KICK,0.0
8586,Team 11,16,7,KICK,0.903348789058409,1,3,2.6273,KICK,0.0
8587,Team 10,81,1,GO,0.570954621992401,0,-2.82,0.3659,GO,0.0
8588,Team 09,37,12,KICK,0.5074994375506204,1,3,0.9354,KICK,0.0
8589,Team 14,41,5,KICK,0.40371730070321227,0,-1.256,0.4622,GO,0.2151
8590,Team 05,67,9,PUNT,,,-0.236,-0.236,PUNT,0.0
8591,Team 15,70,11,PUNT,,,-0.26,-0.26,PUNT,0.0
8592,Team 15,43,8,KICK,0.35434369377420466,0,-1.288,0.2314,KICK,0.0
8593,Team 03,37,10,KICK,0.5074994375506204,0,-1.192,0.9354,KICK,0.0
8594,Team 06,34,4,GO,0.55285699926031,0,-1.88,1.7246,GO,0.0
8595,Team 01,13,11,KICK,0.9275735146384823,1,3,2.7242,KICK,0.0
8596,Team 03,56,9,PUNT,,,-0.148,-0.148,PUNT,0.0
8597,Team 06,55,3,GO,0.6064038791149935,1,3.8,1.3991,GO,0.0
8598,Team 16,24,2,GO,0.6713465706923882,0,-1.68,2.8314,GO,0.0
8599,Team 14,56,15,PUNT,,,-0.148,-0.148,PUNT,0.0
8600,Team 08,65,6,GO,0.41744252810344173,0,-2.5,-0.0371,GO,0.0
8601,Team 09,90,11,PUNT,,,-0.42,-0.42,PUNT,0.0
8602,Team 03,81,14,PUNT,,,-0.348,-0.348,PUNT,0.0
8603,Team 10,40,12,KICK,0.42922838810550845,1,3,0.5799,KICK,0.0
8604,Team 13,11,5,KICK,0.9404756340234984,1,3,2.7752,KICK,0.0
8605,Team 12,72,1,GO,0.7588068543713931,1,3.12,1.7307,GO,0.0
8606,Team 04,12,2,KICK,0.9343184948673792,0,-0.792,2.7509,KICK,0.0
8607,Team 14,43,2,PUNT,,,-0.044,-0.044,GO,1.7011
8608,Team 15,85,2,GO,0.6033015971633345,1,2.6,0.4182,GO,0.0
8609,Team 08,88,8,PUNT,,,-0.404,-0.404,PUNT,0.0
8610,Team 03,85,15,PUNT,,,-0.38,-0.38,PUNT,0.0
8611,Team 15,22,15,KICK,0.8327160444615168,0,-0.952,2.3389,KICK,0.0
8612,Team 03,41,10,KICK,0.40371730070321227,0,-1.256,0.4622,KICK,0.0
8613,Team 16,15,13,KICK,0.9121360851706988,1,3,2.6626,KICK,0.0
8614,Team 08,86,7,PUNT,,,-0.388,-0.388,PUNT,0.0
8615,Team 10,62,2,GO,0.5164308431129125,1,3.52,0.6379,GO,0.0
8616,Team 15,71,6,GO,0.386805767152458,1,3.16,-0.3843,PUNT,0.1163
8617,Team 04,79,13,PUNT,,,-0.332,-0.332,PUNT,0.0
8618,Team 11,13,5,KICK,0.9275735146384823,1,3,2.7242,KICK,0.0
8619,Team 09,35,4,GO,0.6132802431683475,0,-1.9,2.0863,GO,0.0
8620,Team 13,13,2,GO,0.7343299545462806,1,5.48,3.6362,GO,0.0
8621,Team 15,77,10,PUNT,,,-0.316,-0.316,PUNT,0.0
8622,Team 14,45,5,KICK,0.3078904956982119,1,3,0.0101,GO,0.5534
8623,Team 15,81,6,PUNT,,,-0.348,-0.348,PUNT,0.0
8624,Team 08,64,5,GO,0.4717100045295637,0,-2.48,0.3125,GO,0.0
8625,Team 06,51,4,GO,0.55285699926031,1,3.96,1.1967,GO,0.0
8626,Team 03,85,14,PUNT,,,-0.38,-0.38,PUNT,0.0
8627,Team 14,67,9,GO,0.23301469843774303,1,3.32,-1.1745,PUNT,0.9385
8628,Team 03,87,10,PUNT,,,-0.396,-0.396,PUNT,0.0
8629,Team 07,31,2,GO,0.7015142308273599,0,-1.82,2.796,GO,0.0
8630,Team 12,55,13,PUNT,,,-0.14,-0.14,PUNT,0.0
8631,Team 16,59,10,GO,0.26004815453768654,0,-2.38,-0.8145,PUNT,0.6425
8632,Team 06,55,15,PUNT,,,-0.14,-0.14,PUNT,0.0
8633,Team 08,19,1,GO,0.682810727672691,1,5.24,3.0768,GO,0.0
8634,Team 16,71,9,PUNT,,,-0.268,-0.268,PUNT,0.0
8635,Team 11,27,3,KICK,0.7464939833376621,1,3,1.9779,KICK,0.0
8636,Team 16,57,14,KICK,0.11204703855699037,0,-1.512,-1.0064,PUNT,0.8504
8637,Team 16,65,13,PUNT,,,-0.22,-0.22,PUNT,0.0
8638,Team 14,17,3,KICK,0.8937850083248244,1,3,2.5887,KICK,0.0
8639,Team 14,87,15,PUNT,,,-0.396,-0.396,PUNT,0.0
8640,Team 06,44,7,GO,0.3898889396292549,0,-2.08,0.3841,GO,0.0
8641,Team 12,41,14,KICK,0.40371730070321227,1,3,0.4622,KICK,0.0
8642,Team 12,56,13,PUNT,,,-0.148,-0.148,PUNT,0.0
8643,Team 11,34,9,KICK,0.5854045691294653,0,-1.144,1.2819,KICK,0.0
8644,Team 05,76,12,PUNT,,,-0.308,-0.308,PUNT,0.0
8645,Team 13,38,10,PUNT,,,-0.004,-0.004,KICK,0.8211
8646,Team 14,18,2,KICK,0.8833970308388606,1,3,2.5466,KICK,0.0
8647,Team 08,55,8,PUNT,,,-0.14,-0.14,PUNT,0.0
8648,Team 05,25,1,KICK,0.7841471891774855,1,3,2.1366,GO,0.4319
8649,Team 08,42,13,PUNT,,,-0.036,-0.036,KICK,0.3819
8650,Team 01,26,1,GO,0.6847891621792315,1,4.96,2.8544,GO,0.0
8651,Team 08,52,3,GO,0.5809608534948784,0,-2.24,1.3387,GO,0.0
8652,Team 15,79,1,GO,0.6545818519692127,1,2.84,0.8988,GO,0.0
8653,Team 13,28,12,KICK,0.7261149812607792,0,-1.048,1.8913,KICK,0.0
8654,Team 01,42,9,PUNT,,,-0.036,-0.036,KICK,0.3819
8655,Team 11,68,4,PUNT,,,-0.244,-0.244,PUNT,0.0
8656,Team 04,82,8,GO,0.2641325125711688,1,2.72,-1.3714,PUNT,1.0154
8657,Team 08,66,2,GO,0.6333740470762804,1,3.36,1.2042,GO,0.0
8658,Team 05,73,7,PUNT,,,-0.284,-0.284,PUNT,0.0
8659,Team 01,59,7,PUNT,,,-0.172,-0.172,GO,0.0027
8660,Team 05,45,8,GO,0.2734429893849809,1,4.2,-0.3773,KICK,0.3874
8661,Team 11,84,2,GO,0.48817701060294577,1,2.64,-0.1853,GO,0.0
8662,Team 03,39,6,KICK,0.45512110762641994,0,-1.224,0.6984,KICK,0.0
8663,Team 11,14,15,KICK,0.9201950407592125,1,3,2.6948,KICK,0.0
8664,Team 12,59,2,GO,0.7162933940110477,0,-2.38,1.9321,GO,0.0
8665,Team 02,39,3,GO,0.563227497954577,1,4.44,1.6359,GO,0.0
8666,Team 11,63,15,PUNT,,,-0.204,-0.204,PUNT,0.0
8667,Team 10,48,1,GO,0.570954621992401,1,4.08,1.4028,GO,0.0
8668,Team 14,62,5,GO,0.422781323781126,0,-2.44,0.0798,GO,0.0
8669,Team 14,83,4,PUNT,,,-0.364,-0.364,GO,0.1475
8670,Team 14,89,14,PUNT,,,-0.412,-0.412,PUNT,0.0
8671,Team 10,82,9,PUNT,,,-0.356,-0.356,PUNT,0.0
8672,Team 11,80,6,PUNT,,,-0.34,-0.34,PUNT,0.0
8673,Team 10,55,3,GO,0.4615130443401682,1,3.8,0.5152,GO,0.0
8674,Team 03,78,6,PUNT,,,-0.324,-0.324,PUNT,0.0
8675,Team 01,74,10,PUNT,,,-0.292,-0.292,PUNT,0.0
8676,Team 15,19,8,KICK,0.8721384336809187,1,3,2.5008,KICK,0.0
8677,Team 01,46,15,PUNT,,,-0.068,-0.068,PUNT,0.0
8678,Team 02,33,8,KICK,0.610639233949222,1,3,1.3927,KICK,0.0
8679,Team 13,43,1,GO,0.7749896631651041,0,-2.06,2.8534,GO,0.0
8680,Team 07,76,4,GO,0.6021709365103962,0,-2.72,0.7003,GO,0.0
8681,Team 14,46,1,GO,0.6384478943768523,0,-2.12,1.8895,GO,0.0
8682,Team 13,51,9,KICK,0.19154534856146757,0,-1.416,-0.5701,GO,0.6496
8683,Team 04,85,12,PUNT,,,-0.38,-0.38,PUNT,0.0
8684,Team 14,12,4,KICK,0.9343184948673792,1,3,2.7509,KICK,0.0
8685,Team 14,17,13,KICK,0.8937850083248244,0,-0.872,2.5887,KICK,0.0
8686,Team 07,51,13,GO,0.1728615552408277,0,-2.22,-1.1517,PUNT,1.0437
8687,Team 03,87,7,PUNT,,,-0.396,-0.396,PUNT,0.0
8688,Team 02,18,8,KICK,0.8833970308388606,1,3,2.5466,KICK,0.0
8689,Team 08,56,10,KICK,0.12292695083285751,0,-1.496,-0.9433,PUNT,0.7953
8690,Team 04,11,11,KICK,0.9404756340234984,1,3,2.7752,KICK,0.0
8691,Team 11,60,1,GO,0.5430678179428203,0,-2.4,0.8584,GO,0.0
8692,Team 08,30,4,GO,0.5266544657992237,1,4.8,1.6759,KICK,0.0284
8693,Team 02,24,12,KICK,0.8013892651145572,1,3,2.2087,KICK,0.0
8694,Team 01,23,15,KICK,0.8175744761936437,1,3,2.2761,KICK,0.0
8695,Team 11,62,8,KICK,0.06946090590056407,0,-1.592,-1.273,PUNT,1.077
8696,Team 11,41,5,PUNT,,,-0.028,-0.028,KICK,0.4902
8697,Team 05,21,12,KICK,0.8468362842349139,1,3,2.3971,KICK,0.0
8698,Team 12,52,7,KICK,0.175809597088929,0,-1.432,-0.6528,GO,1.2258
8699,Team 01,30,13,KICK,0.6824383021930649,1,3,1.7043,KICK,0.0
8700,Team 16,33,14,KICK,0.610639233949222,0,-1.128,1.3927,KICK,0.0
8701,Team 02,58,9,KICK,0.10201806918913042,0,-1.528,-1.0661,PUNT,0.9021
8702,Team 06,84,1,GO,0.7052076153533808,1,2.64,1.0127,GO,0.0
8703,Team 08,37,3,GO,0.5809608534948784,0,-1.94,1.813,GO,0.0
8704,Team 02,69,6,PUNT,,,-0.252,-0.252,PUNT,0.0
8705,Team 08,30,3,GO,0.5809608534948784,0,-1.8,2.0343,GO,0.0
8706,Team 14,32,4,GO,0.4771743507269338,0,-1.84,1.2903,KICK,0.2101
8707,Team 12,17,14,KICK,0.8937850083248244,0,-0.872,2.5887,KICK,0.0
8708,Team 01,55,15,PUNT,,,-0.14,-0.14,PUNT,0.0
8709,Team 07,55,10,GO,0.2879254391158803,0,-2.3,-0.5437,PUNT,0.4037
8710,Team 14,76,7,GO,0.32052370678858894,0,-2.72,-0.8994,PUNT,0.5914
8711,Team 12,14,2,GO,0.7162933940110477,1,5.44,3.4768,GO,0.0
8712,Team 06,75,12,PUNT,,,-0.3,-0.3,PUNT,0.0
8713,Team 05,10,7,KICK,0.9460888925720083,1,3,2.7973,KICK,0.0
8714,Team 12,67,7,PUNT,,,-0.236,-0.236,GO,0.3719
8715,Team 13,50,8,KICK,0.20833350927014557,1,3,-0.4833,GO,0.9168
8716,Team 16,56,6,PUNT,,,-0.148,-0.148,GO,0.6167
8717,Team 08,85,14,PUNT,,,-0.38,-0.38,PUNT,0.0
8718,Team 09,85,9,PUNT,,,-0.38,-0.38,PUNT,0.0
8719,Team 13,59,1,GO,0.7749896631651041,1,3.64,2.2854,GO,0.0
8720,Team 08,12,2,KICK,0.9343184948673792,1,3,2.7509,GO,0.2173
8721,Team 02,14,14,KICK,0.9201950407592125,1,3,2.6948,KICK,0.0
8722,Team 02,38,11,KICK,0.4812587841214649,1,3,0.8171,KICK,0.0
8723,Team 07,15,5,KICK,0.9121360851706988,1,3,2.6626,KICK,0.0
8724,Team 15,64,9,PUNT,,,-0.212,-0.212,PUNT,0.0
8725,Team 16,55,2,GO,0.6713465706923882,1,3.8,1.7952,GO,0.0
8726,Team 05,44,2,GO,0.5848647368258585,0,-2.08,1.6163,GO,0.0
8727,Team 05,47,4,GO,0.47571317758111337,1,4.12,0.838,GO,0.0
8728,Team 01,40,15,PUNT,,,-0.02,-0.02,KICK,0.5999
8729,Team 15,15,5,GO,0.4400992987044506,0,-1.5,1.5367,KICK,1.1259
8730,Team 16,67,14,PUNT,,,-0.236,-0.236,PUNT,0.0
8731,Team 12,42,14,KICK,0.37871640480893237,0,-1.272,0.3459,KICK,0.0
8732,Team 13,89,3,GO,0.6892688541839076,1,2.44,0.7558,GO,0.0
8733,Team 05,48,10,KICK,0.24508501313237172,0,-1.368,-0.2975,PUNT,0.2135
8734,Team 05,78,6,KICK,0.013721159282518925,0,-1.848,-1.7815,PUNT,1.4575
8735,Team 07,14,8,KICK,0.9201950407592125,0,-0.824,2.6948,KICK,0.0
8736,Team 15,27,1,GO,0.6545818519692127,1,4.92,2.6195,GO,0.0
8737,Team 16,14,2,KICK,0.9201950407592125,1,3,2.6948,GO,0.4709
8738,Team 10,48,10,KICK,0.24508501313237172,0,-1.368,-0.2975,PUNT,0.2135
8739,Team 11,87,6,PUNT,,,-0.396,-0.396,PUNT,0.0
8740,Team 14,29,3,GO,0.532114204592694,0,-1.78,1.7426,KICK,0.0575
8741,Team 01,57,5,GO,0.4739908119572121,1,3.72,0.5324,GO,0.0
8742,Team 01,64,15,PUNT,,,-0.212,-0.212,PUNT,0.0
8743,Team 10,41,1,GO,0.570954621992401,1,4.36,1.6227,GO,0.0
8744,Team 10,56,13,PUNT,,,-0.148,-0.148,PUNT,0.0
8745,Team 10,88,15,GO,0.05763552666338185,0,-2.96,-2.6465,PUNT,2.2425
8746,Team 14,26,11,KICK,0.7658456258197972,0,-1.016,2.0596,KICK,0.0
8747,Team 15,84,11,PUNT,,,-0.372,-0.372,PUNT,0.0
8748,Team 14,15,5,KICK,0.9121360851706988,1,3,2.6626,KICK,0.0
8749,Team 16,69,14,PUNT,,,-0.252,-0.252,PUNT,0.0
8750,Team 07,79,7,GO,0.4389360721152808,1,2.84,-0.3132,GO,0.0
8751,Team 03,51,11,KICK,0.19154534856146757,0,-1.416,-0.5701,PUNT,0.4621
8752,Team 12,37,9,PUNT,,,0.004,0.004,KICK,0.9314
8753,Team 07,90,3,GO,0.6535134081523024,1,2.4,0.529,GO,0.0
8754,Team 10,41,7,GO,0.262260411474723,0,-2.02,-0.3468,KICK,0.809
8755,Team 09,63,3,GO,0.6639890054498807,1,3.48,1.4841,GO,0.0
8756,Team 11,22,15,KICK,0.8327160444615168,0,-0.952,2.3389,KICK,0.0
8757,Team 04,65,3,GO,0.5188412894570203,0,-2.5,0.5612,GO,0.0
8758,Team 15,72,14,PUNT,,,-0.276,-0.276,PUNT,0.0
8759,Team 05,66,5,PUNT,,,-0.228,-0.228,GO,0.1856
8760,Team 06,88,12,PUNT,,,-0.404,-0.404,PUNT,0.0
8761,Team 03,37,6,KICK,0.5074994375506204,0,-1.192,0.9354,KICK,0.0
8762,Team 06,60,14,KICK,0.08432369642147458,0,-1.56,-1.1755,PUNT,0.9955
8763,Team 02,64,9,PUNT,,,-0.212,-0.212,PUNT,0.0
8764,Team 15,23,12,KICK,0.8175744761936437,1,3,2.2761,KICK,0.0
8765,Team 12,67,8,PUNT,,,-0.236,-0.236,GO,0.0564
8766,Team 09,38,12,PUNT,,,-0.004,-0.004,KICK,0.8211
8767,Team 03,59,9,PUNT,,,-0.172,-0.172,PUNT,0.0
8768,Team 02,54,9,PUNT,,,-0.132,-0.132,PUNT,0.0
8769,Team 05,23,3,KICK,0.8175744761936437,1,3,2.2761,KICK,0.0
8770,Team 10,36,15,KICK,0.533698835432901,0,-1.176,1.0527,KICK,0.0
8771,Team 14,69,4,GO,0.4771743507269338,0,-2.58,0.1972,GO,0.0
8772,Team 12,71,3,GO,0.6695497215555487,1,3.16,1.25,GO,0.0
8773,Team 11,49,2,GO,0.48817701060294577,1,4.04,0.8565,GO,0.0
8774,Team 02,30,12,KICK,0.6824383021930649,1,3,1.7043,KICK,0.0
8775,Team 09,61,13,PUNT,,,-0.188,-0.188,PUNT,0.0
8776,Team 15,60,4,GO,0.4948104192229929,0,-2.4,0.5689,GO,0.0
8777,Team 13,89,3,GO,0.6892688541839076,1,2.44,0.7558,GO,0.0
8778,Team 11,55,3,GO,0.4335698705359307,0,-2.3,0.3448,GO,0.0
8779,Team 01,24,9,KICK,0.8013892651145572,1,3,2.2087,KICK,0.0
8780,Team 03,66,12,PUNT,,,-0.228,-0.228,PUNT,0.0
8781,Team 01,24,1,GO,0.6847891621792315,1,5.04,2.9218,GO,0.0
8782,Team 14,60,5,GO,0.422781323781126,1,3.6,0.1367,GO,0.0
8783,Team 12,51,13,GO,0.1833444504468946,0,-2.22,-1.0869,PUNT,0.9789
8784,Team 14,39,15,KICK,0.45512110762641994,0,-1.224,0.6984,KICK,0.0
8785,Team 06,70,5,PUNT,,,-0.26,-0.26,GO,0.5487
8786,Team 03,82,1,PUNT,,,-0.356,-0.356,GO,0.8619
8787,Team 10,71,12,PUNT,,,-0.268,-0.268,PUNT,0.0
8788,Team 14,77,4,GO,0.4771743507269338,0,-2.74,-0.0392,GO,0.0
8789,Team 15,25,3,GO,0.5496461081640299,1,5.0,1.9826,KICK,0.154
8790,Team 02,62,3,GO,0.563227497954577,1,3.52,0.9168,GO,0.0
8791,Team 07,22,7,KICK,0.8327160444615168,1,3,2.3389,KICK,0.0
8792,Team 02,13,15,KICK,0.9275735146384823,0,-0.808,2.7242,KICK,0.0
8793,Team 09,66,11,KICK,0.046752805099547774,0,-1.656,-1.4383,PUNT,1.2103
8794,Team 07,68,14,PUNT,,,-0.244,-0.244,PUNT,0.0
8795,Team 04,13,7,KICK,0.9275735146384823,1,3,2.7242,KICK,0.0
8796,Team 15,58,2,GO,0.6033015971633345,1,3.68,1.2839,GO,0.0
8797,Team 09,33,6,GO,0.5052802311918284,1,4.68,1.4445,GO,0.0
8798,Team 13,67,4,GO,0.6403084946867348,1,3.32,1.2122,GO,0.0
8799,Team 09,73,9,PUNT,,,-0.284,-0.284,PUNT,0.0
8800,Team 03,13,7,KICK,0.9275735146384823,1,3,2.7242,KICK,0.0
8801,Team 04,15,3,KICK,0.9121360851706988,1,3,2.6626,KICK,0.0
8802,Team 01,63,13,PUNT,,,-0.204,-0.204,PUNT,0.0
8803,Team 10,33,1,GO,0.570954621992401,0,-1.86,1.874,GO,0.0
8804,Team 03,31,6,KICK,0.6592603884513855,1,3,1.6043,KICK,0.0
8805,Team 11,31,14,KICK,0.6592603884513855,1,3,1.6043,KICK,0.0
8806,Team 01,12,12,KICK,0.9343184948673792,1,3,2.7509,KICK,0.0
8807,Team 16,66,7,GO,0.40474845952406324,0,-2.52,-0.1401,GO,0.0
8808,Team 14,31,10,KICK,0.6592603884513855,0,-1.096,1.6043,KICK,0.0
8809,Team 01,10,5,KICK,0.9460888925720083,1,3,2.7973,KICK,0.0
8810,Team 07,61,1,GO,0.7454553407611428,1,3.56,2.0378,GO,0.0
8811,Team 14,31,5,GO,0.422781323781126,0,-1.82,0.9619,KICK,0.6424
8812,Team 12,36,6,GO,0.5115352589374579,0,-1.92,1.3947,GO,0.0
8813,Team 02,23,3,KICK,0.8175744761936437,1,3,2.2761,KICK,0.0
8814,Team 13,66,3,GO,0.6892688541839076,1,3.36,1.5329,GO,0.0
8815,Team 03,76,7,GO,0.28758501632281214,0,-2.72,-1.0865,PUNT,0.7785
8816,Team 08,20,2,KICK,0.8599650843722273,1,3,2.4511,GO,0.2559
8817,Team 12,15,12,KICK,0.9121360851706988,1,3,2.6626,KICK,0.0
8818,Team 13,63,9,KICK,0.06297335605699649,0,-1.608,-1.3178,PUNT,1.1138
8819,Team 05,49,4,GO,0.47571317758111337,1,4.04,0.7789,GO,0.0
8820,Team 11,33,1,KICK,0.610639233949222,0,-1.128,1.3927,GO,0.2989
8821,Team 14,80,4,GO,0.4771743507269338,0,-2.8,-0.1278,GO,0.0
8822,Team 03,12,15,KICK,0.9343184948673792,1,3,2.7509,KICK,0.0
8823,Team 16,21,7,KICK,0.8468362842349139,1,3,2.3971,KICK,0.0
8824,Team 01,35,12,PUNT,,,0.02,0.02,KICK,1.1484
8825,Team 01,32,7,GO,0.3672271904706913,1,4.72,0.569,KICK,0.9313
8826,Team 06,44,11,KICK,0.33070459722255413,1,3,0.1194,KICK,0.0
8827,Team 06,22,1,GO,0.7052076153533808,1,5.12,3.1272,GO,0.0
8828,Team 14,52,15,PUNT,,,-0.116,-0.116,PUNT,0.0
8829,Team 11,28,5,KICK,0.7261149812607792,1,3,1.8913,KICK,0.0
8830,Team 12,69,14,PUNT,,,-0.252,-0.252,PUNT,0.0
8831,Team 02,23,13,KICK,0.8175744761936437,0,-0.968,2.2761,KICK,0.0
8832,Team 03,26,12,KICK,0.7658456258197972,0,-1.016,2.0596,KICK,0.0
8833,Team 04,69,11,PUNT,,,-0.252,-0.252,PUNT,0.0
8834,Team 02,42,10,KICK,0.37871640480893237,1,3,0.3459,KICK,0.0
8835,Team 06,52,15,PUNT,,,-0.116,-0.116,PUNT,0.0
8836,Team 13,69,4,GO,0.6403084946867348,1,3.24,1.1466,GO,0.0
8837,Team 03,57,12,PUNT,,,-0.156,-0.156,PUNT,0.0
8838,Team 07,16,8,KICK,0.903348789058409,1,3,2.6273,KICK,0.0
8839,Team 02,28,13,KICK,0.7261149812607792,0,-1.048,1.8913,KICK,0.0
8840,Team 03,40,14,KICK,0.42922838810550845,1,3,0.5799,KICK,0.0
8841,Team 15,77,15,PUNT,,,-0.316,-0.316,PUNT,0.0
8842,Team 02,74,1,GO,0.6669163928212177,0,-2.68,1.1348,GO,0.0
8843,Team 12,79,8,PUNT,,,-0.332,-0.332,PUNT,0.0
8844,Team 10,35,9,KICK,0.5597136492671929,1,3,1.1684,KICK,0.0
8845,Team 09,79,9,GO,0.34550014746396424,0,-2.78,-0.8383,PUNT,0.5063
8846,Team 03,58,12,KICK,0.10201806918913042,0,-1.528,-1.0661,PUNT,0.9021
8847,Team 13,88,9,PUNT,,,-0.404,-0.404,PUNT,0.0
8848,Team 14,24,15,KICK,0.8013892651145572,1,3,2.2087,KICK,0.0
8849,Team 11,54,7,PUNT,,,-0.132,-0.132,PUNT,0.0
8850,Team 03,76,10,GO,0.17262419565250212,0,-2.72,-1.7395,PUNT,1.4315
8851,Team 05,28,12,KICK,0.7261149812607792,0,-1.048,1.8913,KICK,0.0
8852,Team 08,49,13,PUNT,,,-0.092,-0.092,PUNT,0.0
8853,Team 10,38,7,PUNT,,,-0.004,-0.004,KICK,0.8211
8854,Team 02,19,2,GO,0.6163941829217663,0,-1.58,2.6238,GO,0.0
8855,Team 09,19,10,KICK,0.8721384336809187,1,3,2.5008,KICK,0.0
8856,Team 13,73,6,GO,0.5341227138507878,0,-2.66,0.4059,GO,0.0
8857,Team 14,41,9,KICK,0.40371730070321227,0,-1.256,0.4622,KICK,0.0
8858,Team 16,83,2,PUNT,,,-0.364,-0.364,GO,1.2233
8859,Team 09,20,14,KICK,0.8599650843722273,1,3,2.4511,KICK,0.0
8860,Team 15,56,8,GO,0.2888945335324451,0,-2.32,-0.5635,PUNT,0.4155
8861,Team 01,68,14,PUNT,,,-0.244,-0.244,PUNT,0.0
8862,Team 07,11,12,KICK,0.9404756340234984,1,3,2.7752,KICK,0.0
8863,Team 02,79,4,PUNT,,,-0.332,-0.332,GO,0.4101
8864,Team 03,52,14,PUNT,,,-0.116,-0.116,PUNT,0.0
8865,Team 03,22,3,KICK,0.8327160444615168,1,3,2.3389,KICK,0.0
8866,Team 11,84,13,KICK,0.007354947021580431,0,-1.944,-1.9076,PUNT,1.5356
8867,Team 13,88,3,GO,0.6892688541839076,0,-2.96,0.7896,GO,0.0
8868,Team 04,34,9,KICK,0.5854045691294653,1,3,1.2819,KICK,0.0
8869,Team 12,45,14,GO,0.15266491930804604,0,-2.1,-1.1382,KICK,1.1483
8870,Team 15,54,9,GO,0.24587051127301954,0,-2.28,-0.7753,PUNT,0.6433
8871,Team 08,79,7,GO,0.3651035350617658,1,2.84,-0.7281,PUNT,0.3961
8872,Team 13,63,6,GO,0.5341227138507878,0,-2.46,0.7127,GO,0.0
8873,Team 16,45,13,PUNT,,,-0.06,-0.06,KICK,0.0701
8874,Team 10,46,12,KICK,0.2859777732226985,0,-1.336,-0.096,PUNT,0.028
8875,Team 06,79,10,PUNT,,,-0.332,-0.332,PUNT,0.0
8876,Team 14,69,3,GO,0.532114204592694,1,3.24,0.5169,GO,0.0
8877,Team 12,68,1,GO,0.7588068543713931,1,3.28,1.8714,GO,0.0
8878,Team 10,54,9,PUNT,,,-0.132,-0.132,PUNT,0.0
8879,Team 12,30,8,PUNT,,,0.06,0.06,KICK,1.6443
8880,Team 06,80,10,KICK,0.011151137398568576,0,-1.88,-1.8256,PUNT,1.4856
8881,Team 03,77,4,GO,0.4385270604912484,0,-2.74,-0.2579,GO,0.0
8882,Team 14,44,11,PUNT,,,-0.052,-0.052,KICK,0.1714
8883,Team 16,57,1,GO,0.7179431443239072,1,3.72,2.0107,GO,0.0
8884,Team 05,79,15,PUNT,,,-0.332,-0.332,PUNT,0.0
8885,Team 04,46,2,GO,0.5733178358600778,0,-2.12,1.4804,GO,0.0
8886,Team 01,81,3,GO,0.583186768451493,0,-2.82,0.4342,GO,0.0
8887,Team 11,82,7,KICK,0.009058068762720846,0,-1.912,-1.8675,PUNT,1.5115
8888,Team 14,70,7,PUNT,,,-0.26,-0.26,PUNT,0.0
8889,Team 09,52,14,KICK,0.175809597088929,0,-1.432,-0.6528,PUNT,0.5368
8890,Team 07,39,2,KICK,0.45512110762641994,0,-1.224,0.6984,GO,1.8253
8891,Team 06,88,4,GO,0.55285699926031,1,2.48,0.0475,GO,0.0
8892,Team 16,19,2,GO,0.6713465706923882,1,5.24,2.9986,GO,0.0
8893,Team 04,79,2,GO,0.5733178358600778,0,-2.78,0.442,GO,0.0
8894,Team 07,11,14,KICK,0.9404756340234984,1,3,2.7752,KICK,0.0
8895,Team 01,61,3,PUNT,,,-0.188,-0.188,GO,1.2555
8896,Team 11,77,13,PUNT,,,-0.316,-0.316,PUNT,0.0
8897,Team 04,54,5,PUNT,,,-0.132,-0.132,GO,0.3603
8898,Team 06,63,11,PUNT,,,-0.204,-0.204,PUNT,0.0
8899,Team 13,78,11,GO,0.27621863611689645,0,-2.76,-1.2021,PUNT,0.8781
8900,Team 05,45,10,KICK,0.3078904956982119,1,3,0.0101,KICK,0.0
8901,Team 03,47,7,GO,0.28758501632281214,0,-2.14,-0.3397,PUNT,0.2637
8902,Team 14,58,13,GO,0.11191119360714953,0,-2.36,-1.6841,PUNT,1.5201
8903,Team 03,37,10,KICK,0.5074994375506204,0,-1.192,0.9354,KICK,0.0
8904,Team 16,46,10,PUNT,,,-0.068,-0.068,PUNT,0.0
8905,Team 04,20,15,KICK,0.8599650843722273,1,3,2.4511,KICK,0.0
8906,Team 11,13,13,KICK,0.9275735146384823,1,3,2.7242,KICK,0.0
8907,Team 08,30,8,KICK,0.6824383021930649,0,-1.08,1.7043,KICK,0.0
8908,Team 08,44,11,KICK,0.33070459722255413,0,-1.304,0.1194,KICK,0.0
8909,Team 02,14,10,KICK,0.9201950407592125,1,3,2.6948,KICK,0.0
8910,Team 07,24,11,KICK,0.8013892651145572,1,3,2.2087,KICK,0.0
8911,Team 12,52,2,GO,0.7162933940110477,1,3.92,2.1724,GO,0.0
8912,Team 14,33,8,KICK,0.610639233949222,1,3,1.3927,KICK,0.0
8913,Team 03,57,6,PUNT,,,-0.156,-0.156,PUNT,0.0
8914,Team 15,90,13,PUNT,,,-0.42,-0.42,PUNT,0.0
8915,Team 07,49,13,KICK,0.22618142573054625,0,-1.384,-0.3924,PUNT,0.3004
8916,Team 07,78,5,GO,0.5484769739869401,1,2.88,0.3334,GO,0.0
8917,Team 05,83,3,PUNT,,,-0.364,-0.364,GO,0.4438
8918,Team 16,73,13,PUNT,,,-0.284,-0.284,PUNT,0.0
8919,Team 02,22,8,KICK,0.8327160444615168,1,3,2.3389,KICK,0.0
8920,Team 16,75,7,PUNT,,,-0.3,-0.3,PUNT,0.0
8921,Team 03,65,7,GO,0.28758501632281214,1,3.4,-0.8032,PUNT,0.5832
8922,Team 03,43,7,PUNT,,,-0.044,-0.044,KICK,0.2754
8923,Team 01,59,9,PUNT,,,-0.172,-0.172,PUNT,0.0
8924,Team 10,51,9,KICK,0.19154534856146757,0,-1.416,-0.5701,PUNT,0.4621
8925,Team 08,43,13,KICK,0.35434369377420466,1,3,0.2314,KICK,0.0
8926,Team 09,38,1,GO,0.7541967228490082,0,-1.96,2.897,GO,0.0
8927,Team 15,37,6,KICK,0.5074994375506204,0,-1.192,0.9354,KICK,0.0
8928,Team 16,42,2,GO,0.6713465706923882,1,4.32,2.2298,GO,0.0
8929,Team 02,23,4,KICK,0.8175744761936437,1,3,2.2761,KICK,0.0
8930,Team 16,78,9,PUNT,,,-0.324,-0.324,PUNT,0.0
8931,Team 05,30,15,KICK,0.6824383021930649,0,-1.08,1.7043,KICK,0.0
8932,Team 08,75,13,PUNT,,,-0.3,-0.3,PUNT,0.0
8933,Team 10,47,5,KICK,0.2650274005334813,1,3,-0.1986,GO,0.285
8934,Team 04,20,6,KICK,0.8599650843722273,1,3,2.4511,KICK,0.0
8935,Team 12,51,13,PUNT,,,-0.108,-0.108,PUNT,0.0
8936,Team 06,16,8,KICK,0.903348789058409,1,3,2.6273,KICK,0.0
8937,Team 08,37,8,KICK,0.5074994375506204,0,-1.192,0.9354,KICK,0.0
8938,Team 02,48,1,GO,0.6669163928212177,1,4.08,2.0016,GO,0.0
8939,Team 01,82,13,PUNT,,,-0.356,-0.356,PUNT,0.0
8940,Team 12,73,3,GO,0.6695497215555487,1,3.08,1.1832,GO,0.0
8941,Team 01,39,15,PUNT,,,-0.012,-0.012,KICK,0.7104
8942,Team 08,20,8,KICK,0.8599650843722273,1,3,2.4511,KICK,0.0
8943,Team 15,34,9,KICK,0.5854045691294653,0,-1.144,1.2819,KICK,0.0
8944,Team 09,76,6,PUNT,,,-0.308,-0.308,GO,0.458
8945,Team 08,16,6,KICK,0.903348789058409,1,3,2.6273,KICK,0.0
8946,Team 14,66,6,GO,0.37019832268003167,0,-2.52,-0.3432,PUNT,0.1152
8947,Team 05,50,8,GO,0.2734429893849809,0,-2.2,-0.5047,PUNT,0.4047
8948,Team 01,82,6,PUNT,,,-0.356,-0.356,PUNT,0.0
8949,Team 14,39,15,KICK,0.45512110762641994,0,-1.224,0.6984,KICK,0.0
8950,Team 09,88,2,GO,0.7111799598144781,0,-2.96,0.9088,GO,0.0
8951,Team 10,68,14,PUNT,,,-0.244,-0.244,PUNT,0.0
8952,Team 09,41,10,GO,0.29757375628027694,0,-2.02,-0.1215,KICK,0.5837
8953,Team 13,23,12,KICK,0.8175744761936437,1,3,2.2761,KICK,0.0
8954,Team 13,49,15,PUNT,,,-0.092,-0.092,PUNT,0.0
8955,Team 16,46,15,PUNT,,,-0.068,-0.068,PUNT,0.0
8956,Team 02,37,10,KICK,0.5074994375506204,1,3,0.9354,KICK,0.0
8957,Team 08,64,3,PUNT,,,-0.212,-0.212,GO,1.1713
8958,Team 16,17,9,KICK,0.8937850083248244,1,3,2.5887,KICK,0.0
8959,Team 09,21,5,KICK,0.8468362842349139,0,-0.936,2.3971,KICK,0.0
8960,Team 08,65,5,GO,0.4717100045295637,1,3.4,0.2831,GO,0.0
8961,Team 09,56,4,GO,0.6132802431683475,1,3.76,1.4087,GO,0.0
8962,Team 04,63,5,GO,0.4098467016511046,1,3.48,-0.0255,GO,0.0
8963,Team 06,51,2,GO,0.6575107676168527,1,3.96,1.8434,GO,0.0
8964,Team 04,45,9,KICK,0.3078904956982119,0,-1.32,0.0101,KICK,0.0
8965,Team 06,54,12,PUNT,,,-0.132,-0.132,PUNT,0.0
8966,Team 16,45,12,KICK,0.3078904956982119,0,-1.32,0.0101,KICK,0.0
8967,Team 02,51,7,GO,0.34847963982711555,1,3.96,-0.0664,GO,0.0
8968,Team 11,75,3,GO,0.4335698705359307,1,3.0,-0.2287,GO,0.0
8969,Team 05,65,7,PUNT,,,-0.22,-0.22,PUNT,0.0
8970,Team 01,57,2,GO,0.6354962284153843,0,-2.34,1.5111,GO,0.0
8971,Team 16,52,13,PUNT,,,-0.116,-0.116,PUNT,0.0
8972,Team 05,73,8,PUNT,,,-0.284,-0.284,PUNT,0.0
8973,Team 08,88,9,PUNT,,,-0.404,-0.404,PUNT,0.0
8974,Team 13,79,12,PUNT,,,-0.332,-0.332,PUNT,0.0
8975,Team 15,49,5,GO,0.4400992987044506,0,-2.18,0.5574,GO,0.0
8976,Team 14,12,8,KICK,0.9343184948673792,1,3,2.7509,KICK,0.0
8977,Team 14,83,14,PUNT,,,-0.364,-0.364,PUNT,0.0
8978,Team 12,82,4,GO,0.6191988694215159,1,2.72,0.6027,GO,0.0
8979,Team 07,77,11,PUNT,,,-0.316,-0.316,PUNT,0.0
8980,Team 03,37,12,PUNT,,,0.004,0.004,KICK,0.9314
8981,Team 05,71,6,PUNT,,,-0.268,-0.268,PUNT,0.0
8982,Team 05,73,10,GO,0.19509717295648946,0,-2.66,-1.5401,PUNT,1.2561
8983,Team 03,56,1,GO,0.6017729612434263,0,-2.32,1.3388,GO,0.0
8984,Team 08,32,3,GO,0.5809608534948784,0,-1.84,1.9711,GO,0.0
8985,Team 02,81,6,GO,0.39993670574892176,0,-2.82,-0.5884,PUNT,0.2404
8986,Team 16,44,1,GO,0.7179431443239072,1,4.24,2.4574,GO,0.0
8987,Team 11,47,8,GO,0.20305629695827773,0,-2.14,-0.8689,PUNT,0.7929
8988,Team 04,77,12,PUNT,,,-0.316,-0.316,PUNT,0.0
8989,Team 04,74,4,GO,0.4639130714247188,0,-2.68,-0.0264,GO,0.0
8990,Team 13,83,7,GO,0.4791878692587739,0,-2.86,-0.2053,GO,0.0
8991,Team 01,14,9,KICK,0.9201950407592125,0,-0.824,2.6948,KICK,0.0
8992,Team 10,85,10,PUNT,,,-0.38,-0.38,PUNT,0.0
8993,Team 11,78,13,PUNT,,,-0.324,-0.324,PUNT,0.0
8994,Team 13,31,8,PUNT,,,0.052,0.052,KICK,1.5523
8995,Team 15,33,2,KICK,0.610639233949222,0,-1.128,1.3927,GO,0.6929
8996,Team 08,17,15,KICK,0.8937850083248244,0,-0.872,2.5887,KICK,0.0
8997,Team 13,27,9,PUNT,,,0.084,0.084,KICK,1.8939
8998,Team 11,41,14,PUNT,,,-0.028,-0.028,KICK,0.4902
8999,Team 03,49,11,PUNT,,,-0.092,-0.092,PUNT,0.0
9000,Team 04,30,8,KICK,0.6824383021930649,0,-1.08,1.7043,KICK,0.0
9001,Team 14,56,4,GO,0.4771743507269338,0,-2.32,0.5812,GO,0.0
9002,Team 01,42,9,PUNT,,,-0.036,-0.036,KICK,0.3819
9003,Team 02,71,12,PUNT,,,-0.268,-0.268,PUNT,0.0
9004,Team 05,71,10,PUNT,,,-0.268,-0.268,PUNT,0.0
9005,Team 01,23,10,KICK,0.8175744761936437,1,3,2.2761,KICK,0.0
9006,Team 01,70,5,GO,0.4739908119572121,0,-2.6,0.1491,GO,0.0
9007,Team 10,28,11,KICK,0.7261149812607792,1,3,1.8913,KICK,0.0
9008,Team 02,42,3,GO,0.563227497954577,1,4.32,1.5421,GO,0.0
9009,Team 08,30,7,KICK,0.6824383021930649,1,3,1.7043,KICK,0.0
9010,Team 08,84,7,GO,0.3651035350617658,1,2.64,-0.8646,PUNT,0.4926
9011,Team 05,85,1,PUNT,,,-0.38,-0.38,GO,0.984
9012,Team 06,51,13,GO,0.14581873969738177,0,-2.22,-1.3188,PUNT,1.2108
9013,Team 12,53,4,GO,0.6191988694215159,1,3.88,1.5419,GO,0.0
9014,Team 10,22,12,KICK,0.8327160444615168,1,3,2.3389,KICK,0.0
9015,Team 16,37,12,KICK,0.5074994375506204,1,3,0.9354,KICK,0.0
9016,Team 08,25,5,GO,0.4717100045295637,1,5.0,1.4605,KICK,0.6761
9017,Team 14,42,5,KICK,0.37871640480893237,0,-1.272,0.3459,GO,0.303
9018,Team 01,18,9,KICK,0.8833970308388606,0,-0.888,2.5466,KICK,0.0
9019,Team 09,10,13,KICK,0.9460888925720083,1,3,2.7973,KICK,0.0
9020,Team 02,33,3,GO,0.563227497954577,0,-1.86,1.8235,GO,0.0
9021,Team 16,74,10,PUNT,,,-0.292,-0.292,PUNT,0.0
9022,Team 10,60,3,GO,0.4615130443401682,1,3.6,0.3691,GO,0.0
9023,Team 04,39,14,KICK,0.45512110762641994,0,-1.224,0.6984,KICK,0.0
9024,Team 14,62,4,GO,0.4771743507269338,0,-2.44,0.404,GO,0.0
9025,Team 16,61,14,PUNT,,,-0.188,-0.188,PUNT,0.0
9026,Team 05,23,3,KICK,0.8175744761936437,1,3,2.2761,KICK,0.0
9027,Team 11,57,4,GO,0.38052964198407724,0,-2.34,-0.034,GO,0.0
9028,Team 05,84,7,PUNT,,,-0.372,-0.372,PUNT,0.0
9029,Team 06,16,4,KICK,0.903348789058409,1,3,2.6273,KICK,0.0
9030,Team 03,32,7,KICK,0.6352948493228072,0,-1.112,1.5003,KICK,0.0
9031,Team 07,14,3,GO,0.6535134081523024,1,5.44,3.0423,GO,0.0
9032,Team 11,80,4,GO,0.38052964198407724,0,-2.8,-0.669,PUNT,0.329
9033,Team 04,56,4,GO,0.4639130714247188,1,3.76,0.5006,GO,0.0
9034,Team 02,81,6,PUNT,,,-0.348,-0.348,PUNT,0.0
9035,Team 06,74,13,PUNT,,,-0.292,-0.292,PUNT,0.0
9036,Team 12,34,15,KICK,0.5854045691294653,1,3,1.2819,KICK,0.0
9037,Team 14,13,6,KICK,0.9275735146384823,1,3,2.7242,KICK,0.0
9038,Team 12,62,15,PUNT,,,-0.196,-0.196,PUNT,0.0
9039,Team 07,74,10,PUNT,,,-0.292,-0.292,PUNT,0.0
9040,Team 02,21,9,KICK,0.8468362842349139,1,3,2.3971,KICK,0.0
9041,Team 03,15,3,KICK,0.9121360851706988,1,3,2.6626,KICK,0.0
9042,Team 01,22,13,KICK,0.8327160444615168,1,3,2.3389,KICK,0.0
9043,Team 15,37,5,KICK,0.5074994375506204,0,-1.192,0.9354,KICK,0.0
9044,Team 13,68,14,PUNT,,,-0.244,-0.244,PUNT,0.0
9045,Team 08,55,10,PUNT,,,-0.14,-0.14,PUNT,0.0
9046,Team 12,78,1,GO,0.7588068543713931,1,2.88,1.5197,GO,0.0
9047,Team 13,73,8,GO,0.4247517878519248,1,3.08,-0.2219,GO,0.0
9048,Team 06,10,7,KICK,0.9460888925720083,1,3,2.7973,KICK,0.0
9049,Team 07,15,5,GO,0.5484769739869401,1,5.4,2.2845,KICK,0.3781
9050,Team 11,29,11,KICK,0.7047456979980911,1,3,1.8001,KICK,0.0
9051,Team 14,51,2,GO,0.5862862634331419,1,3.96,1.4032,GO,0.0
9052,Team 12,76,3,GO,0.6695497215555487,1,2.96,1.083,GO,0.0
9053,Team 12,20,13,KICK,0.8599650843722273,0,-0.92,2.4511,KICK,0.0
9054,Team 16,43,13,KICK,0.35434369377420466,0,-1.288,0.2314,KICK,0.0
9055,Team 02,81,3,PUNT,,,-0.348,-0.348,GO,0.6708
9056,Team 09,37,10,KICK,0.5074994375506204,0,-1.192,0.9354,KICK,0.0
9057,Team 01,27,6,KICK,0.7464939833376621,1,3,1.9779,KICK,0.0
9058,Team 10,48,15,PUNT,,,-0.084,-0.084,PUNT,0.0
9059,Team 11,49,7,PUNT,,,-0.092,-0.092,PUNT,0.0
9060,Team 05,22,2,GO,0.5848647368258585,1,5.12,2.3137,KICK,0.0252
9061,Team 06,32,1,GO,0.7052076153533808,1,4.72,2.7862,GO,0.0
9062,Team 11,62,15,PUNT,,,-0.196,-0.196,PUNT,0.0
9063,Team 05,53,11,KICK,0.1611089495765853,0,-1.448,-0.7314,PUNT,0.6074
9064,Team 05,39,4,GO,0.47571317758111337,0,-1.98,1.0741,GO,0.0
9065,Team 09,72,5,GO,0.5599900585150124,0,-2.64,0.5855,GO,0.0
9066,Team 07,32,14,KICK,0.6352948493228072,0,-1.112,1.5003,KICK,0.0
9067,Team 06,77,8,GO,0.33899432053520184,0,-2.74,-0.8213,PUNT,0.5053
9068,Team 05,41,15,PUNT,,,-0.028,-0.028,KICK,0.4902
9069,Team 01,43,10,PUNT,,,-0.044,-0.044,KICK,0.2754
9070,Team 15,67,1,GO,0.6545818519692127,0,-2.54,1.2958,GO,0.0
9071,Team 05,40,15,KICK,0.42922838810550845,0,-1.24,0.5799,KICK,0.0
9072,Team 14,65,10,KICK,0.051661435466084885,0,-1.64,-1.4003,PUNT,1.1803
9073,Team 07,34,2,GO,0.7015142308273599,0,-1.88,2.6939,GO,0.0
9074,Team 15,27,5,GO,0.4400992987044506,0,-1.74,1.1911,KICK,0.7868
9075,Team 04,86,14,PUNT,,,-0.388,-0.388,PUNT,0.0
9076,Team 05,15,5,KICK,0.9121360851706988,0,-0.84,2.6626,KICK,0.0
9077,Team 15,83,9,KICK,0.008162571153159897,0,-1.928,-1.8878,PUNT,1.5238
9078,Team 10,46,14,PUNT,,,-0.068,-0.068,PUNT,0.0
9079,Team 09,53,14,PUNT,,,-0.124,-0.124,PUNT,0.0
9080,Team 13,72,1,GO,0.7749896631651041,1,3.12,1.8239,GO,0.0
9081,Team 12,14,3,GO,0.6695497215555487,0,-1.48,3.1533,GO,0.0
9082,Team 01,77,6,PUNT,,,-0.316,-0.316,PUNT,0.0
9083,Team 16,42,5,GO,0.5135670971823116,1,4.32,1.2263,GO,0.0
9084,Team 12,60,12,PUNT,,,-0.18,-0.18,PUNT,0.0
9085,Team 14,87,6,GO,0.37019832268003167,0,-2.94,-0.9187,PUNT,0.5227
9086,Team 15,59,3,GO,0.5496461081640299,1,3.64,0.9289,GO,0.0
9087,Team 12,44,14,KICK,0.33070459722255413,0,-1.304,0.1194,KICK,0.0
9088,Team 15,85,6,PUNT,,,-0.38,-0.38,PUNT,0.0
9089,Team 03,40,2,GO,0.5480655976092276,1,4.4,1.5076,GO,0.0
9090,Team 08,50,15,KICK,0.20833350927014557,0,-1.4,-0.4833,PUNT,0.3833
9091,Team 11,15,8,KICK,0.9121360851706988,1,3,2.6626,KICK,0.0
9092,Team 06,10,15,KICK,0.9460888925720083,1,3,2.7973,KICK,0.0
9093,Team 08,37,6,KICK,0.5074994375506204,0,-1.192,0.9354,KICK,0.0
9094,Team 15,17,14,KICK,0.8937850083248244,1,3,2.5887,KICK,0.0
9095,Team 13,47,6,GO,0.5341227138507878,1,4.12,1.2036,GO,0.0
9096,Team 03,77,12,PUNT,,,-0.316,-0.316,PUNT,0.0
9097,Team 02,80,7,GO,0.34847963982711555,1,2.8,-0.8485,PUNT,0.5085
9098,Team 03,44,15,PUNT,,,-0.052,-0.052,KICK,0.1714
9099,Team 03,68,13,PUNT,,,-0.244,-0.244,PUNT,0.0
9100,Team 12,82,6,PUNT,,,-0.356,-0.356,GO,0.3601
9101,Team 12,31,10,KICK,0.6592603884513855,0,-1.096,1.6043,KICK,0.0
9102,Team 06,44,8,KICK,0.33070459722255413,0,-1.304,0.1194,KICK,0.0
9103,Team 11,33,12,KICK,0.610639233949222,0,-1.128,1.3927,KICK,0.0
9104,Team 06,53,7,PUNT,,,-0.124,-0.124,GO,0.2579
9105,Team 02,81,15,PUNT,,,-0.348,-0.348,PUNT,0.0
9106,Team 12,80,14,PUNT,,,-0.34,-0.34,PUNT,0.0
9107,Team 15,47,4,GO,0.4948104192229929,1,4.12,0.9575,GO,0.0
9108,Team 02,16,6,KICK,0.903348789058409,0,-0.856,2.6273,KICK,0.0
9109,Team 14,26,1,GO,0.6384478943768523,1,4.96,2.5448,GO,0.0
9110,Team 06,29,2,KICK,0.7047456979980911,1,3,1.8001,GO,0.7726
9111,Team 02,45,9,KICK,0.3078904956982119,0,-1.32,0.0101,KICK,0.0
9112,Team 14,16,5,KICK,0.903348789058409,1,3,2.6273,KICK,0.0
9113,Team 14,76,1,GO,0.6384478943768523,1,2.96,0.9064,GO,0.0
9114,Team 09,24,2,GO,0.7111799598144781,1,5.04,3.0991,GO,0.0
9115,Team 09,64,5,GO,0.5599900585150124,1,3.44,0.8351,GO,0.0
9116,Team 04,24,1,GO,0.6260717063282923,0,-1.68,2.5272,GO,0.0
9117,Team 06,25,4,GO,0.55285699926031,0,-1.7,2.0041,KICK,0.1324
9118,Team 01,15,11,KICK,0.9121360851706988,1,3,2.6626,KICK,0.0
9119,Team 01,44,7,KICK,0.33070459722255413,0,-1.304,0.1194,GO,0.1215
9120,Team 01,71,11,PUNT,,,-0.268,-0.268,PUNT,0.0
9121,Team 16,54,9,PUNT,,,-0.132,-0.132,PUNT,0.0
9122,Team 15,53,15,PUNT,,,-0.124,-0.124,PUNT,0.0
9123,Team 02,76,14,PUNT,,,-0.308,-0.308,PUNT,0.0
9124,Team 11,32,9,KICK,0.6352948493228072,1,3,1.5003,KICK,0.0
9125,Team 08,65,15,PUNT,,,-0.22,-0.22,PUNT,0.0
9126,Team 03,40,9,KICK,0.42922838810550845,1,3,0.5799,KICK,0.0
9127,Team 15,18,3,KICK,0.8833970308388606,1,3,2.5466,KICK,0.0
9128,Team 13,74,8,PUNT,,,-0.292,-0.292,GO,0.0416
9129,Team 12,72,11,PUNT,,,-0.276,-0.276,PUNT,0.0
9130,Team 15,73,1,GO,0.6545818519692127,0,-2.66,1.0973,GO,0.0
9131,Team 02,76,15,KICK,0.016873391437354078,0,-1.816,-1.7347,PUNT,1.4267
9132,Team 05,23,6,KICK,0.8175744761936437,1,3,2.2761,KICK,0.0
9133,Team 15,17,13,KICK,0.8937850083248244,1,3,2.5887,KICK,0.0
9134,Team 12,18,11,KICK,0.8833970308388606,1,3,2.5466,KICK,0.0
9135,Team 13,83,7,GO,0.4791878692587739,0,-2.86,-0.2053,GO,0.0
9136,Team 10,39,2,GO,0.5164308431129125,0,-1.98,1.3355,GO,0.0
9137,Team 06,14,12,KICK,0.9201950407592125,1,3,2.6948,KICK,0.0
9138,Team 06,81,8,PUNT,,,-0.348,-0.348,PUNT,0.0
9139,Team 09,73,11,KICK,0.022977369910025632,0,-1.768,-1.6584,PUNT,1.3744
9140,Team 13,37,13,PUNT,,,0.004,0.004,KICK,0.9314
9141,Team 09,44,6,GO,0.5052802311918284,0,-2.08,1.1134,GO,0.0
9142,Team 04,51,11,KICK,0.19154534856146757,0,-1.416,-0.5701,PUNT,0.4621
9143,Team 05,82,6,PUNT,,,-0.356,-0.356,PUNT,0.0
9144,Team 04,89,5,GO,0.4098467016511046,0,-2.98,-0.7586,PUNT,0.3466
9145,Team 08,86,6,GO,0.41744252810344173,1,2.56,-0.6324,PUNT,0.2444
9146,Team 15,53,9,PUNT,,,-0.124,-0.124,PUNT,0.0
9147,Team 05,89,10,PUNT,,,-0.412,-0.412,PUNT,0.0
9148,Team 06,45,10,KICK,0.3078904956982119,0,-1.32,0.0101,KICK,0.0
9149,Team 06,60,1,GO,0.7052076153533808,0,-2.4,1.8312,GO,0.0
9150,Team 13,86,15,PUNT,,,-0.388,-0.388,PUNT,0.0
9151,Team 16,27,9,KICK,0.7464939833376621,1,3,1.9779,KICK,0.0
9152,Team 06,74,13,PUNT,,,-0.292,-0.292,PUNT,0.0
9153,Team 06,61,11,GO,0.2095269689848933,0,-2.42,-1.167,PUNT,0.979
9154,Team 01,21,8,KICK,0.8468362842349139,1,3,2.3971,KICK,0.0
9155,Team 09,21,15,KICK,0.8468362842349139,1,3,2.3971,KICK,0.0
9156,Team 01,62,5,GO,0.4739908119572121,1,3.52,0.385,GO,0.0
9157,Team 01,56,1,GO,0.6847891621792315,0,-2.32,1.8435,GO,0.0
9158,Team 14,45,13,PUNT,,,-0.06,-0.06,KICK,0.0701
9159,Team 07,26,9,KICK,0.7658456258197972,1,3,2.0596,KICK,0.0
9160,Team 15,25,15,KICK,0.7841471891774855,0,-1.0,2.1366,KICK,0.0
9161,Team 05,60,15,KICK,0.08432369642147458,0,-1.56,-1.1755,PUNT,0.9955
9162,Team 15,80,9,PUNT,,,-0.34,-0.34,PUNT,0.0
9163,Team 07,67,1,GO,0.7454553407611428,1,3.32,1.8284,GO,0.0
9164,Team 16,41,13,KICK,0.40371730070321227,0,-1.256,0.4622,KICK,0.0
9165,Team 08,65,14,PUNT,,,-0.22,-0.22,PUNT,0.0
9166,Team 12,21,10,KICK,0.8468362842349139,1,3,2.3971,KICK,0.0
9167,Team 06,36,4,GO,0.55285699926031,1,4.56,1.6625,GO,0.0
9168,Team 10,13,7,KICK,0.9275735146384823,1,3,2.7242,KICK,0.0
9169,Team 01,35,3,GO,0.583186768451493,1,4.6,1.8907,GO,0.0
9170,Team 08,22,9,KICK,0.8327160444615168,1,3,2.3389,KICK,0.0
9171,Team 01,50,3,GO,0.583186768451493,1,4.0,1.4158,GO,0.0
9172,Team 13,10,5,KICK,0.9460888925720083,1,3,2.7973,KICK,0.0
9173,Team 15,61,1,GO,0.6545818519692127,1,3.56,1.4944,GO,0.0
9174,Team 03,33,13,KICK,0.610639233949222,1,3,1.3927,KICK,0.0
9175,Team 06,58,7,PUNT,,,-0.164,-0.164,GO,0.1589
9176,Team 04,68,6,PUNT,,,-0.244,-0.244,PUNT,0.0
9177,Team 04,70,12,PUNT,,,-0.26,-0.26,PUNT,0.0
9178,Team 07,67,14,PUNT,,,-0.236,-0.236,PUNT,0.0
9179,Team 08,90,9,PUNT,,,-0.42,-0.42,PUNT,0.0
9180,Team 02,10,6,KICK,0.9460888925720083,1,3,2.7973,KICK,0.0
9181,Team 16,71,6,PUNT,,,-0.268,-0.268,GO,0.2991
9182,Team 16,55,13,PUNT,,,-0.14,-0.14,PUNT,0.0
9183,Team 03,35,8,KICK,0.5597136492671929,1,3,1.1684,KICK,0.0
9184,Team 14,30,5,KICK,0.6824383021930649,1,3,1.7043,KICK,0.0
9185,Team 03,15,8,KICK,0.9121360851706988,1,3,2.6626,KICK,0.0
9186,Team 06,82,5,PUNT,,,-0.356,-0.356,GO,0.2852
9187,Team 10,10,2,KICK,0.9460888925720083,1,3,2.7973,KICK,0.0
9188,Team 14,36,5,KICK,0.533698835432901,0,-1.176,1.0527,KICK,0.0
9189,Team 11,87,6,KICK,0.005378247173848609,0,-1.992,-1.9652,PUNT,1.5692
9190,Team 13,42,1,GO,0.7749896631651041,1,4.32,2.8889,GO,0.0
9191,Team 16,74,3,GO,0.6211145745754056,1,3.04,0.8728,GO,0.0
9192,Team 06,55,8,PUNT,,,-0.14,-0.14,PUNT,0.0
9193,Team 15,41,9,KICK,0.40371730070321227,0,-1.256,0.4622,KICK,0.0
9194,Team 12,29,1,GO,0.7588068543713931,1,4.84,3.2433,GO,0.0
9195,Team 04,41,6,KICK,0.40371730070321227,0,-1.256,0.4622,KICK,0.0
9196,Team 09,43,15,KICK,0.35434369377420466,1,3,0.2314,KICK,0.0
9197,Team 09,81,12,PUNT,,,-0.348,-0.348,PUNT,0.0
9198,Team 05,87,11,PUNT,,,-0.396,-0.396,PUNT,0.0
9199,Team 11,70,12,PUNT,,,-0.26,-0.26,PUNT,0.0
9200,Team 08,78,1,GO,0.682810727672691,1,2.88,1.0911,GO,0.0
9201,Team 01,44,11,KICK,0.33070459722255413,1,3,0.1194,KICK,0.0
9202,Team 08,78,12,PUNT,,,-0.324,-0.324,PUNT,0.0
9203,Team 03,64,11,PUNT,,,-0.212,-0.212,PUNT,0.0
9204,Team 07,11,6,KICK,0.9404756340234984,1,3,2.7752,KICK,0.0
9205,Team 10,78,8,PUNT,,,-0.324,-0.324,PUNT,0.0
9206,Team 05,51,14,PUNT,,,-0.108,-0.108,PUNT,0.0
9207,Team 07,15,10,KICK,0.9121360851706988,1,3,2.6626,KICK,0.0
9208,Team 13,38,3,GO,0.6892688541839076,0,-1.96,2.4789,GO,0.0
9209,Team 15,43,12,KICK,0.35434369377420466,0,-1.288,0.2314,KICK,0.0
9210,Team 11,83,10,PUNT,,,-0.364,-0.364,PUNT,0.0
9211,Team 14,11,9,KICK,0.9404756340234984,1,3,2.7752,KICK,0.0
9212,Team 03,17,14,KICK,0.8937850083248244,1,3,2.5887,KICK,0.0
9213,Team 14,10,5,KICK,0.9460888925720083,1,3,2.7973,KICK,0.0
9214,Team 07,66,3,GO,0.6535134081523024,1,3.36,1.3227,GO,0.0
9215,Team 05,77,11,KICK,0.015217121208656311,0,-1.832,-1.7585,PUNT,1.4425
9216,Team 01,68,11,PUNT,,,-0.244,-0.244,PUNT,0.0
9217,Team 16,30,7,KICK,0.6824383021930649,1,3,1.7043,KICK,0.0
9218,Team 11,84,8,PUNT,,,-0.372,-0.372,PUNT,0.0
9219,Team 15,86,10,PUNT,,,-0.388,-0.388,PUNT,0.0
9220,Team 12,82,10,PUNT,,,-0.356,-0.356,PUNT,0.0
9221,Team 13,14,4,KICK,0.9201950407592125,1,3,2.6948,GO,0.2561
9222,Team 13,79,15,PUNT,,,-0.332,-0.332,PUNT,0.0
9223,Team 08,55,3,GO,0.5809608534948784,0,-2.3,1.2439,GO,0.0
9224,Team 02,37,4,GO,0.5085669512394625,1,4.52,1.3453,GO,0.0
9225,Team 09,22,5,GO,0.5599900585150124,0,-1.64,2.1455,KICK,0.1934
9226,Team 02,60,6,GO,0.39993670574892176,0,-2.4,-0.0004,GO,0.0
9227,Team 09,17,10,KICK,0.8937850083248244,1,3,2.5887,KICK,0.0
9228,Team 14,34,2,GO,0.5862862634331419,1,4.64,1.9426,GO,0.0
9229,Team 08,84,5,PUNT,,,-0.372,-0.372,GO,0.0958
9230,Team 07,51,11,KICK,0.19154534856146757,0,-1.416,-0.5701,PUNT,0.4621
9231,Team 04,12,10,KICK,0.9343184948673792,1,3,2.7509,KICK,0.0
9232,Team 02,39,8,GO,0.30032959740928544,0,-1.98,-0.0519,KICK,0.7503
9233,Team 13,34,5,GO,0.5882421741646358,0,-1.88,1.9553,GO,0.0
9234,Team 09,58,6,GO,0.5052802311918284,0,-2.36,0.6919,GO,0.0
9235,Team 03,57,3,GO,0.4932149019395633,1,3.72,0.6489,GO,0.0
9236,Team 14,13,8,KICK,0.9275735146384823,1,3,2.7242,KICK,0.0
9237,Team 13,10,13,KICK,0.9460888925720083,1,3,2.7973,KICK,0.0
9238,Team 10,32,9,KICK,0.6352948493228072,1,3,1.5003,KICK,0.0
9239,Team 10,66,8,PUNT,,,-0.228,-0.228,PUNT,0.0
9240,Team 02,26,15,KICK,0.7658456258197972,1,3,2.0596,KICK,0.0
9241,Team 07,41,13,KICK,0.40371730070321227,0,-1.256,0.4622,KICK,0.0
9242,Team 08,44,2,GO,0.6333740470762804,1,4.24,1.9229,GO,0.0
9243,Team 12,83,1,GO,0.7588068543713931,1,2.68,1.3438,GO,0.0
9244,Team 10,83,9,PUNT,,,-0.364,-0.364,PUNT,0.0
9245,Team 05,78,3,GO,0.5306555509303387,1,2.88,0.2329,GO,0.0
9246,Team 13,51,14,KICK,0.19154534856146757,0,-1.416,-0.5701,PUNT,0.4621
9247,Team 01,33,3,GO,0.583186768451493,1,4.68,1.954,GO,0.0
9248,Team 08,34,14,KICK,0.5854045691294653,0,-1.144,1.2819,KICK,0.0
9249,Team 16,71,2,GO,0.6713465706923882,1,3.16,1.2604,GO,0.0
9250,Team 15,14,6,KICK,0.9201950407592125,1,3,2.6948,KICK,0.0
9251,Team 01,33,10,KICK,0.610639233949222,0,-1.128,1.3927,KICK,0.0
9252,Team 16,60,4,PUNT,,,-0.18,-0.18,GO,1.1889
9253,Team 02,72,3,GO,0.563227497954577,0,-2.64,0.6042,GO,0.0
9254,Team 14,90,5,PUNT,,,-0.42,-0.42,PUNT,0.0
9255,Team 02,85,6,PUNT,,,-0.38,-0.38,PUNT,0.0
9256,Team 03,37,3,KICK,0.5074994375506204,0,-1.192,0.9354,GO,0.3107
9257,Team 06,44,13,KICK,0.33070459722255413,0,-1.304,0.1194,KICK,0.0
9258,Team 04,37,6,KICK,0.5074994375506204,0,-1.192,0.9354,KICK,0.0
9259,Team 08,66,14,PUNT,,,-0.228,-0.228,PUNT,0.0
9260,Team 03,57,4,PUNT,,,-0.156,-0.156,GO,0.4735
9261,Team 13,51,3,GO,0.6892688541839076,0,-2.22,2.0397,GO,0.0
9262,Team 10,47,3,GO,0.4615130443401682,1,4.12,0.7491,GO,0.0
9263,Team 10,36,15,KICK,0.533698835432901,1,3,1.0527,KICK,0.0
9264,Team 08,14,9,KICK,0.9201950407592125,1,3,2.6948,KICK,0.0
9265,Team 11,16,11,KICK,0.903348789058409,1,3,2.6273,KICK,0.0
9266,Team 02,48,1,GO,0.6669163928212177,0,-2.16,2.0016,GO,0.0
9267,Team 08,52,10,PUNT,,,-0.116,-0.116,PUNT,0.0
9268,Team 01,27,3,GO,0.583186768451493,0,-1.74,2.144,GO,0.0
9269,Team 02,70,11,PUNT,,,-0.26,-0.26,PUNT,0.0
9270,Team 04,61,12,PUNT,,,-0.188,-0.188,PUNT,0.0
9271,Team 16,76,11,GO,0.21999109178604664,1,2.96,-1.4705,PUNT,1.1625
9272,Team 14,80,7,GO,0.32052370678858894,0,-2.8,-1.0051,PUNT,0.6651
9273,Team 06,23,15,KICK,0.8175744761936437,1,3,2.2761,KICK,0.0
9274,Team 07,85,12,PUNT,,,-0.38,-0.38,PUNT,0.0
9275,Team 12,16,13,KICK,0.903348789058409,0,-0.856,2.6273,KICK,0.0
9276,Team 03,88,6,PUNT,,,-0.404,-0.404,PUNT,0.0
9277,Team 07,81,5,PUNT,,,-0.348,-0.348,GO,0.5885
9278,Team 15,46,9,KICK,0.2859777732226985,1,3,-0.096,PUNT,0.028
9279,Team 02,51,5,PUNT,,,-0.108,-0.108,GO,0.6919
9280,Team 03,77,10,PUNT,,,-0.316,-0.316,PUNT,0.0
9281,Team 13,68,5,PUNT,,,-0.244,-0.244,GO,1.1193
9282,Team 11,56,13,PUNT,,,-0.148,-0.148,PUNT,0.0
9283,Team 11,18,9,KICK,0.8833970308388606,1,3,2.5466,KICK,0.0
9284,Team 09,53,12,PUNT,,,-0.124,-0.124,PUNT,0.0
9285,Team 12,59,4,GO,0.6191988694215159,0,-2.38,1.3476,GO,0.0
9286,Team 11,76,3,GO,0.4335698705359307,1,2.96,-0.2573,GO,0.0
9287,Team 02,18,2,GO,0.6163941829217663,0,-1.56,2.6561,GO,0.0
9288,Team 15,56,10,GO,0.2073852577257895,0,-2.32,-1.0591,PUNT,0.9111
9289,Team 14,72,13,KICK,0.025456451452111294,0,-1.752,-1.631,PUNT,1.355
9290,Team 06,81,1,GO,0.7052076153533808,1,2.76,1.1151,GO,0.0
9291,Team 13,28,12,KICK,0.7261149812607792,0,-1.048,1.8913,KICK,0.0
9292,Team 08,72,10,PUNT,,,-0.276,-0.276,PUNT,0.0
9293,Team 12,68,7,GO,0.4566464446563816,1,3.28,0.1068,GO,0.0
9294,Team 11,15,2,KICK,0.9121360851706988,1,3,2.6626,KICK,0.0
9295,Team 03,24,2,GO,0.5480655976092276,0,-1.68,2.003,KICK,0.2057
9296,Team 08,61,4,GO,0.5266544657992237,0,-2.42,0.7294,GO,0.0
9297,Team 03,12,7,KICK,0.9343184948673792,1,3,2.7509,KICK,0.0
9298,Team 12,14,5,GO,0.5661473020656971,0,-1.48,2.4377,KICK,0.2571
9299,Team 03,19,12,KICK,0.8721384336809187,0,-0.904,2.5008,KICK,0.0
9300,Team 16,65,11,PUNT,,,-0.22,-0.22,PUNT,0.0
9301,Team 13,52,15,PUNT,,,-0.116,-0.116,PUNT,0.0
9302,Team 03,11,12,KICK,0.9404756340234984,1,3,2.7752,KICK,0.0
9303,Team 12,88,11,GO,0.2584863321099704,0,-2.96,-1.5538,PUNT,1.1498
9304,Team 03,40,12,KICK,0.42922838810550845,1,3,0.5799,KICK,0.0
9305,Team 16,27,14,KICK,0.7464939833376621,1,3,1.9779,KICK,0.0
9306,Team 07,59,6,GO,0.4936300767509541,0,-2.38,0.5917,GO,0.0
9307,Team 08,69,15,GO,0.09002899369401778,0,-2.58,-2.056,PUNT,1.804
9308,Team 04,10,14,KICK,0.9460888925720083,0,-0.76,2.7973,KICK,0.0
9309,Team 09,46,10,KICK,0.2859777732226985,0,-1.336,-0.096,PUNT,0.028
9310,Team 06,37,7,KICK,0.5074994375506204,1,3,0.9354,KICK,0.0
9311,Team 05,86,13,PUNT,,,-0.388,-0.388,PUNT,0.0
9312,Team 15,36,3,KICK,0.533698835432901,0,-1.176,1.0527,GO,0.589
9313,Team 09,45,4,GO,0.6132802431683475,1,4.2,1.7637,GO,0.0
9314,Team 05,41,2,GO,0.5848647368258585,1,4.36,1.7114,GO,0.0
9315,Team 05,48,2,PUNT,,,-0.084,-0.084,GO,1.5736
9316,Team 10,48,4,KICK,0.24508501313237172,0,-1.368,-0.2975,GO,0.6804
9317,Team 10,61,14,PUNT,,,-0.188,-0.188,PUNT,0.0
9318,Team 01,64,10,PUNT,,,-0.212,-0.212,PUNT,0.0
9319,Team 02,13,11,KICK,0.9275735146384823,1,3,2.7242,KICK,0.0
9320,Team 08,52,2,GO,0.6333740470762804,1,3.92,1.6616,GO,0.0
9321,Team 03,11,8,KICK,0.9404756340234984,1,3,2.7752,KICK,0.0
9322,Team 16,67,4,GO,0.5681437558388193,0,-2.54,0.7893,GO,0.0
9323,Team 09,64,6,GO,0.5052802311918284,1,3.44,0.5113,GO,0.0
9324,Team 10,10,10,KICK,0.9460888925720083,1,3,2.7973,KICK,0.0
9325,Team 14,14,9,KICK,0.9201950407592125,1,3,2.6948,KICK,0.0
9326,Team 11,83,13,PUNT,,,-0.364,-0.364,PUNT,0.0
9327,Team 01,32,1,GO,0.6847891621792315,0,-1.84,2.6522,GO,0.0
9328,Team 12,78,9,PUNT,,,-0.324,-0.324,PUNT,0.0
9329,Team 12,74,2,GO,0.7162933940110477,1,3.04,1.4172,GO,0.0
9330,Team 12,84,8,PUNT,,,-0.372,-0.372,PUNT,0.0
9331,Team 04,70,4,PUNT,,,-0.26,-0.26,GO,0.3507
9332,Team 05,24,14,KICK,0.8013892651145572,0,-0.984,2.2087,KICK,0.0
9333,Team 13,71,4,GO,0.6403084946867348,1,3.16,1.081,GO,0.0
9334,Team 04,67,12,PUNT,,,-0.236,-0.236,PUNT,0.0
9335,Team 15,90,7,PUNT,,,-0.42,-0.42,PUNT,0.0
9336,Team 12,29,15,KICK,0.7047456979980911,1,3,1.8001,KICK,0.0
9337,Team 07,36,11,PUNT,,,0.012,0.012,KICK,1.0407
9338,Team 08,47,11,KICK,0.2650274005334813,0,-1.352,-0.1986,PUNT,0.1226
9339,Team 01,65,10,PUNT,,,-0.22,-0.22,PUNT,0.0
9340,Team 08,41,11,KICK,0.40371730070321227,0,-1.256,0.4622,KICK,0.0
9341,Team 12,37,12,KICK,0.5074994375506204,1,3,0.9354,KICK,0.0
9342,Team 13,78,2,GO,0.7343299545462806,1,2.88,1.3816,GO,0.0
9343,Team 07,31,2,GO,0.7015142308273599,0,-1.82,2.796,GO,0.0
9344,Team 05,24,6,KICK,0.8013892651145572,1,3,2.2087,KICK,0.0
9345,Team 08,48,6,GO,0.41744252810344173,1,4.08,0.4448,GO,0.0
9346,Team 06,85,12,PUNT,,,-0.38,-0.38,PUNT,0.0
9347,Team 04,69,10,KICK,0.034556230286276544,0,-1.704,-1.5414,PUNT,1.2894
9348,Team 12,53,6,GO,0.5115352589374579,1,3.88,0.8808,GO,0.0
9349,Team 14,74,12,PUNT,,,-0.292,-0.292,PUNT,0.0
9350,Team 14,79,2,GO,0.5862862634331419,1,2.84,0.5149,GO,0.0
9351,Team 02,13,15,KICK,0.9275735146384823,1,3,2.7242,KICK,0.0
9352,Team 09,49,1,GO,0.7541967228490082,1,4.04,2.5111,GO,0.0
9353,Team 11,59,8,PUNT,,,-0.172,-0.172,PUNT,0.0
9354,Team 04,47,13,KICK,0.2650274005334813,0,-1.352,-0.1986,PUNT,0.1226
9355,Team 15,48,10,GO,0.2073852577257895,0,-2.16,-0.8659,PUNT,0.7819
9356,Team 03,12,9,KICK,0.9343184948673792,1,3,2.7509,KICK,0.0
9357,Team 06,53,4,GO,0.55285699926031,1,3.88,1.1345,GO,0.0
9358,Team 09,42,15,PUNT,,,-0.036,-0.036,KICK,0.3819
9359,Team 01,47,9,KICK,0.2650274005334813,0,-1.352,-0.1986,PUNT,0.1226
9360,Team 16,73,11,GO,0.21999109178604664,1,3.08,-1.3973,PUNT,1.1133
9361,Team 07,11,8,KICK,0.9404756340234984,1,3,2.7752,KICK,0.0
9362,Team 09,27,5,KICK,0.7464939833376621,0,-1.032,1.9779,GO,0.0117
9363,Team 12,78,1,PUNT,,,-0.324,-0.324,GO,1.8437
9364,Team 12,72,14,PUNT,,,-0.276,-0.276,PUNT,0.0
9365,Team 09,29,7,KICK,0.7047456979980911,0,-1.064,1.8001,KICK,0.0
9366,Team 05,87,7,PUNT,,,-0.396,-0.396,PUNT,0.0
9367,Team 04,12,3,GO,0.5188412894570203,0,-1.44,2.1711,KICK,0.5798
9368,Team 12,19,4,KICK,0.8721384336809187,1,3,2.5008,GO,0.1421
9369,Team 14,34,5,KICK,0.5854045691294653,0,-1.144,1.2819,KICK,0.0
9370,Team 13,10,13,KICK,0.9460888925720083,1,3,2.7973,KICK,0.0
9371,Team 16,37,2,GO,0.6713465706923882,1,4.52,2.3969,GO,0.0
9372,Team 06,50,6,GO,0.4433001665920852,0,-2.2,0.5485,GO,0.0
9373,Team 04,62,13,PUNT,,,-0.196,-0.196,PUNT,0.0
9374,Team 10,70,4,PUNT,,,-0.26,-0.26,GO,0.0236
9375,Team 15,38,1,GO,0.6545818519692127,1,4.48,2.2555,GO,0.0
9376,Team 05,24,7,GO,0.31924931227269765,1,5.04,0.4654,KICK,1.7434
9377,Team 16,31,12,KICK,0.6592603884513855,0,-1.096,1.6043,KICK,0.0
9378,Team 01,38,14,KICK,0.4812587841214649,0,-1.208,0.8171,KICK,0.0
9379,Team 07,49,10,KICK,0.22618142573054625,1,3,-0.3924,PUNT,0.3004
9380,Team 05,51,10,KICK,0.19154534856146757,1,3,-0.5701,PUNT,0.4621
9381,Team 10,63,12,PUNT,,,-0.204,-0.204,PUNT,0.0
9382,Team 16,89,5,PUNT,,,-0.412,-0.412,GO,0.2155
9383,Team 10,45,15,KICK,0.3078904956982119,0,-1.32,0.0101,KICK,0.0
9384,Team 03,13,6,KICK,0.9275735146384823,1,3,2.7242,KICK,0.0
9385,Team 03,88,1,GO,0.6017729612434263,1,2.48,0.3136,GO,0.0
9386,Team 12,73,14,PUNT,,,-0.284,-0.284,PUNT,0.0
9387,Team 08,59,8,PUNT,,,-0.172,-0.172,PUNT,0.0
9388,Team 11,83,6,PUNT,,,-0.364,-0.364,PUNT,0.0
9389,Team 09,84,11,PUNT,,,-0.372,-0.372,PUNT,0.0
9390,Team 16,76,14,PUNT,,,-0.308,-0.308,PUNT,0.0
9391,Team 13,73,13,GO,0.19729350377214794,1,3.08,-1.5275,PUNT,1.2435
9392,Team 10,81,1,PUNT,,,-0.348,-0.348,GO,0.7139
9393,Team 15,76,5,GO,0.4400992987044506,0,-2.72,-0.2202,GO,0.0
9394,Team 06,18,1,KICK,0.8833970308388606,1,3,2.5466,GO,0.717
9395,Team 11,84,12,PUNT,,,-0.372,-0.372,PUNT,0.0
9396,Team 13,45,15,KICK,0.3078904956982119,0,-1.32,0.0101,KICK,0.0
9397,Team 01,45,6,GO,0.41966938533727444,1,4.2,0.5439,GO,0.0
9398,Team 04,85,11,PUNT,,,-0.38,-0.38,PUNT,0.0
9399,Team 02,48,6,KICK,0.24508501313237172,0,-1.368,-0.2975,GO,0.6331
9400,Team 06,73,10,GO,0.24828516880960202,0,-2.66,-1.2348,PUNT,0.9508
9401,Team 06,52,10,PUNT,,,-0.116,-0.116,PUNT,0.0
9402,Team 10,58,6,PUNT,,,-0.164,-0.164,PUNT,0.0
9403,Team 06,16,2,GO,0.6575107676168527,0,-1.52,3.0037,GO,0.0
9404,Team 02,39,1,GO,0.6669163928212177,1,4.44,2.3016,GO,0.0
9405,Team 07,77,5,GO,0.5484769739869401,0,-2.74,0.3644,GO,0.0
9406,Team 10,82,13,PUNT,,,-0.356,-0.356,PUNT,0.0
9407,Team 14,11,8,KICK,0.9404756340234984,1,3,2.7752,KICK,0.0
9408,Team 11,15,5,KICK,0.9121360851706988,1,3,2.6626,KICK,0.0
9409,Team 10,88,1,GO,0.570954621992401,1,2.48,0.146,GO,0.0
9410,Team 04,56,11,GO,0.15648742700510007,1,3.76,-1.3686,PUNT,1.2206
9411,Team 07,77,2,GO,0.7015142308273599,1,2.92,1.2306,GO,0.0
9412,Team 08,77,15,PUNT,,,-0.316,-0.316,PUNT,0.0
9413,Team 04,83,7,GO,0.3090425788856058,0,-2.86,-1.1479,PUNT,0.7839
9414,Team 14,30,5,KICK,0.6824383021930649,1,3,1.7043,KICK,0.0
9415,Team 11,66,12,PUNT,,,-0.228,-0.228,PUNT,0.0
9416,Team 08,71,11,KICK,0.02819528797014257,0,-1.736,-1.6025,PUNT,1.3345
9417,Team 13,73,11,PUNT,,,-0.284,-0.284,PUNT,0.0
9418,Team 10,28,5,KICK,0.7261149812607792,0,-1.048,1.8913,KICK,0.0
9419,Team 13,51,15,GO,0.1366618697541906,1,3.96,-1.3754,PUNT,1.2674
9420,Team 08,62,6,GO,0.41744252810344173,1,3.52,0.048,GO,0.0
9421,Team 07,54,2,GO,0.7015142308273599,1,3.84,2.0133,GO,0.0
9422,Team 06,89,8,PUNT,,,-0.412,-0.412,PUNT,0.0
9423,Team 04,67,10,PUNT,,,-0.236,-0.236,PUNT,0.0
9424,Team 10,52,2,GO,0.5164308431129125,1,3.92,0.9412,GO,0.0
9425,Team 14,75,5,PUNT,,,-0.3,-0.3,GO,0.0099
9426,Team 04,31,10,KICK,0.6592603884513855,0,-1.096,1.6043,KICK,0.0
9427,Team 16,71,13,PUNT,,,-0.268,-0.268,PUNT,0.0
9428,Team 09,23,8,KICK,0.8175744761936437,1,3,2.2761,KICK,0.0
9429,Team 13,21,3,GO,0.6892688541839076,0,-1.62,3.0532,GO,0.0
9430,Team 15,24,7,KICK,0.8013892651145572,1,3,2.2087,KICK,0.0
9431,Team 03,64,4,GO,0.4385270604912484,0,-2.48,0.1161,GO,0.0
9432,Team 10,68,7,PUNT,,,-0.244,-0.244,PUNT,0.0
9433,Team 07,29,3,GO,0.6535134081523024,1,4.84,2.5463,GO,0.0
9434,Team 02,81,11,PUNT,,,-0.348,-0.348,PUNT,0.0
9435,Team 11,88,7,PUNT,,,-0.404,-0.404,PUNT,0.0
9436,Team 06,56,13,KICK,0.12292695083285751,0,-1.496,-0.9433,PUNT,0.7953
9437,Team 16,59,9,PUNT,,,-0.172,-0.172,PUNT,0.0
9438,Team 01,80,7,GO,0.3672271904706913,1,2.8,-0.7435,PUNT,0.4035
9439,Team 12,37,6,GO,0.5115352589374579,0,-1.94,1.3645,GO,0.0
9440,Team 10,38,3,GO,0.4615130443401682,1,4.48,1.0121,GO,0.0
9441,Team 02,57,14,PUNT,,,-0.156,-0.156,PUNT,0.0
9442,Team 12,42,8,GO,0.402790649617937,0,-2.04,0.5217,GO,0.0
9443,Team 11,24,11,KICK,0.8013892651145572,1,3,2.2087,KICK,0.0
9444,Team 07,48,10,KICK,0.24508501313237172,0,-1.368,-0.2975,PUNT,0.2135
9445,Team 12,33,11,KICK,0.610639233949222,0,-1.128,1.3927,KICK,0.0
9446,Team 08,65,3,GO,0.5809608534948784,0,-2.5,0.9277,GO,0.0
9447,Team 04,55,9,PUNT,,,-0.14,-0.14,PUNT,0.0
9448,Team 07,65,14,KICK,0.051661435466084885,1,3,-1.4003,PUNT,1.1803
9449,Team 11,33,13,KICK,0.610639233949222,1,3,1.3927,KICK,0.0
9450,Team 14,72,12,PUNT,,,-0.276,-0.276,PUNT,0.0
9451,Team 09,20,8,GO,0.3967851966138369,1,5.2,1.0981,KICK,1.3529
9452,Team 12,61,7,GO,0.4566464446563816,0,-2.42,0.3107,GO,0.0
9453,Team 08,62,2,GO,0.6333740470762804,0,-2.44,1.3349,GO,0.0
9454,Team 03,49,14,PUNT,,,-0.092,-0.092,PUNT,0.0
9455,Team 16,55,9,GO,0.30455117633797296,0,-2.3,-0.4422,PUNT,0.3022
9456,Team 10,38,7,PUNT,,,-0.004,-0.004,KICK,0.8211
9457,Team 13,73,7,GO,0.4791878692587739,0,-2.66,0.0905,GO,0.0
9458,Team 05,86,7,GO,0.31924931227269765,1,2.56,-1.1705,PUNT,0.7825
9459,Team 02,30,9,KICK,0.6824383021930649,1,3,1.7043,KICK,0.0
9460,Team 10,85,11,PUNT,,,-0.38,-0.38,PUNT,0.0
9461,Team 09,33,2,GO,0.7111799598144781,0,-1.86,2.7911,GO,0.0
9462,Team 07,21,4,KICK,0.8468362842349139,1,3,2.3971,GO,0.0656
9463,Team 01,16,10,KICK,0.903348789058409,0,-0.856,2.6273,KICK,0.0
9464,Team 14,32,10,KICK,0.6352948493228072,0,-1.112,1.5003,KICK,0.0
9465,Team 10,62,12,PUNT,,,-0.196,-0.196,PUNT,0.0
9466,Team 07,82,15,PUNT,,,-0.356,-0.356,PUNT,0.0
9467,Team 01,28,2,GO,0.6354962284153843,1,4.88,2.4597,GO,0.0
9468,Team 05,67,3,GO,0.5306555509303387,0,-2.54,0.5696,GO,0.0
9469,Team 04,18,15,KICK,0.8833970308388606,1,3,2.5466,KICK,0.0
9470,Team 10,81,10,PUNT,,,-0.348,-0.348,PUNT,0.0
9471,Team 07,32,11,KICK,0.6352948493228072,0,-1.112,1.5003,KICK,0.0
9472,Team 05,18,13,KICK,0.8833970308388606,1,3,2.5466,KICK,0.0
9473,Team 02,29,5,KICK,0.7047456979980911,1,3,1.8001,KICK,0.0
9474,Team 06,38,15,KICK,0.4812587841214649,1,3,0.8171,KICK,0.0
9475,Team 06,26,1,GO,0.7052076153533808,1,4.96,2.9908,GO,0.0
9476,Team 08,55,2,GO,0.6333740470762804,1,3.8,1.5636,GO,0.0
9477,Team 12,21,1,KICK,0.8468362842349139,1,3,2.3971,GO,1.1276
9478,Team 16,80,4,GO,0.5681437558388193,0,-2.8,0.3816,GO,0.0
9479,Team 03,82,2,GO,0.5480655976092276,1,2.72,0.2072,GO,0.0
9480,Team 12,20,11,KICK,0.8599650843722273,1,3,2.4511,KICK,0.0
9481,Team 16,61,8,GO,0.35303653218502695,1,3.56,-0.3088,PUNT,0.1208
9482,Team 01,40,6,KICK,0.42922838810550845,1,3,0.5799,GO,0.106
9483,Team 14,20,6,KICK,0.8599650843722273,1,3,2.4511,KICK,0.0
9484,Team 13,71,3,GO,0.6892688541839076,1,3.16,1.364,GO,0.0
9485,Team 08,40,9,KICK,0.42922838810550845,0,-1.24,0.5799,KICK,0.0
9486,Team 13,12,7,GO,0.4791878692587739,0,-1.44,1.8951,KICK,0.8558
9487,Team 08,34,13,KICK,0.5854045691294653,1,3,1.2819,KICK,0.0
9488,Team 16,50,3,GO,0.6211145745754056,1,4.0,1.6509,GO,0.0
9489,Team 06,56,15,PUNT,,,-0.148,-0.148,PUNT,0.0
9490,Team 12,42,11,PUNT,,,-0.036,-0.036,KICK,0.3819
9491,Team 06,54,7,PUNT,,,-0.132,-0.132,GO,0.2381
9492,Team 13,78,7,PUNT,,,-0.324,-0.324,GO,0.2666
9493,Team 02,30,12,KICK,0.6824383021930649,1,3,1.7043,KICK,0.0
9494,Team 02,74,12,PUNT,,,-0.292,-0.292,PUNT,0.0
9495,Team 02,11,15,KICK,0.9404756340234984,1,3,2.7752,KICK,0.0
9496,Team 11,68,14,PUNT,,,-0.244,-0.244,PUNT,0.0
9497,Team 04,73,3,PUNT,,,-0.284,-0.284,GO,0.6021
9498,Team 16,24,14,KICK,0.8013892651145572,1,3,2.2087,KICK,0.0
9499,Team 07,14,14,KICK,0.9201950407592125,1,3,2.6948,KICK,0.0
9500,Team 02,33,7,GO,0.34847963982711555,1,4.68,0.4191,KICK,0.9737
9501,Team 02,58,14,PUNT,,,-0.164,-0.164,PUNT,0.0
9502,Team 04,54,7,PUNT,,,-0.132,-0.132,PUNT,0.0
9503,Team 03,12,6,KICK,0.9343184948673792,1,3,2.7509,KICK,0.0
9504,Team 15,22,14,KICK,0.8327160444615168,1,3,2.3389,KICK,0.0
9505,Team 12,29,14,KICK,0.7047456979980911,1,3,1.8001,KICK,0.0
9506,Team 08,81,11,PUNT,,,-0.348,-0.348,PUNT,0.0
9507,Team 04,10,13,KICK,0.9460888925720083,1,3,2.7973,KICK,0.0
9508,Team 06,37,3,KICK,0.5074994375506204,0,-1.192,0.9354,GO,1.0419
9509,Team 16,73,2,GO,0.6713465706923882,1,3.08,1.1935,GO,0.0
9510,Team 16,85,2,GO,0.6713465706923882,0,-2.9,0.7924,GO,0.0
9511,Team 10,19,11,KICK,0.8721384336809187,1,3,2.5008,KICK,0.0
9512,Team 14,32,9,KICK,0.6352948493228072,1,3,1.5003,KICK,0.0
9513,Team 12,86,2,GO,0.7162933940110477,1,2.56,1.0053,GO,0.0
9514,Team 12,11,5,KICK,0.9404756340234984,1,3,2.7752,KICK,0.0
9515,Team 11,64,12,PUNT,,,-0.212,-0.212,PUNT,0.0
9516,Team 02,23,1,PUNT,,,0.116,0.116,GO,2.719
9517,Team 15,56,9,GO,0.24587051127301954,0,-2.32,-0.8251,PUNT,0.6771
9518,Team 14,38,9,KICK,0.4812587841214649,0,-1.208,0.8171,KICK,0.0
9519,Team 03,34,14,KICK,0.5854045691294653,1,3,1.2819,KICK,0.0
9520,Team 06,84,8,PUNT,,,-0.372,-0.372,PUNT,0.0
9521,Team 13,34,10,KICK,0.5854045691294653,0,-1.144,1.2819,KICK,0.0
9522,Team 06,58,7,PUNT,,,-0.164,-0.164,GO,0.1589
9523,Team 11,34,1,KICK,0.5854045691294653,1,3,1.2819,GO,0.3789
9524,Team 15,76,8,PUNT,,,-0.308,-0.308,PUNT,0.0
9525,Team 04,48,2,GO,0.5733178358600778,1,4.08,1.4175,GO,0.0
9526,Team 11,61,2,GO,0.48817701060294577,0,-2.42,0.4993,GO,0.0
9527,Team 14,49,12,GO,0.13571258068519226,0,-2.18,-1.3359,PUNT,1.2439
9528,Team 08,10,10,KICK,0.9460888925720083,1,3,2.7973,KICK,0.0
9529,Team 04,35,7,KICK,0.5597136492671929,1,3,1.1684,KICK,0.0
9530,Team 15,43,6,GO,0.386805767152458,0,-2.06,0.3923,GO,0.0
9531,Team 16,70,10,PUNT,,,-0.26,-0.26,PUNT,0.0
9532,Team 11,81,5,PUNT,,,-0.348,-0.348,PUNT,0.0
9533,Team 09,85,4,GO,0.6132802431683475,0,-2.9,0.473,GO,0.0
9534,Team 15,32,6,KICK,0.6352948493228072,1,3,1.5003,KICK,0.0
9535,Team 07,41,9,PUNT,,,-0.028,-0.028,KICK,0.4902
9536,Team 09,83,9,PUNT,,,-0.364,-0.364,PUNT,0.0
9537,Team 14,87,10,PUNT,,,-0.396,-0.396,PUNT,0.0
9538,Team 05,15,12,KICK,0.9121360851706988,1,3,2.6626,KICK,0.0
9539,Team 07,23,7,KICK,0.8175744761936437,1,3,2.2761,KICK,0.0
9540,Team 11,80,1,GO,0.5430678179428203,1,2.8,0.2412,GO,0.0
9541,Team 03,48,2,KICK,0.24508501313237172,0,-1.368,-0.2975,GO,1.5574
9542,Team 10,39,13,KICK,0.45512110762641994,1,3,0.6984,KICK,0.0
9543,Team 08,19,4,KICK,0.8721384336809187,1,3,2.5008,KICK,0.0
9544,Team 03,80,3,PUNT,,,-0.34,-0.34,GO,0.302
9545,Team 07,82,6,PUNT,,,-0.356,-0.356,GO,0.2606
9546,Team 06,13,2,KICK,0.9275735146384823,1,3,2.7242,GO,0.3789
9547,Team 02,49,6,GO,0.39993670574892176,0,-2.18,0.3076,GO,0.0
9548,Team 13,46,7,PUNT,,,-0.068,-0.068,GO,0.9573
9549,Team 02,45,13,PUNT,,,-0.06,-0.06,KICK,0.0701
9550,Team 10,50,4,GO,0.4075137590184509,0,-2.2,0.3266,GO,0.0
9551,Team 05,68,8,PUNT,,,-0.244,-0.244,PUNT,0.0
9552,Team 08,54,13,PUNT,,,-0.132,-0.132,PUNT,0.0
9553,Team 12,29,9,KICK,0.7047456979980911,1,3,1.8001,KICK,0.0
9554,Team 13,18,7,KICK,0.8833970308388606,1,3,2.5466,KICK,0.0
9555,Team 10,77,4,GO,0.4075137590184509,0,-2.74,-0.4335,PUNT,0.1175
9556,Team 08,84,12,PUNT,,,-0.372,-0.372,PUNT,0.0
9557,Team 14,84,10,GO,0.1960186755284064,0,-2.88,-1.798,PUNT,1.426
9558,Team 14,26,15,KICK,0.7658456258197972,1,3,2.0596,KICK,0.0
9559,Team 14,24,9,KICK,0.8013892651145572,1,3,2.2087,KICK,0.0
9560,Team 03,52,7,PUNT,,,-0.116,-0.116,PUNT,0.0
9561,Team 04,41,13,KICK,0.40371730070321227,1,3,0.4622,KICK,0.0
9562,Team 11,12,15,KICK,0.9343184948673792,1,3,2.7509,KICK,0.0
9563,Team 11,66,10,PUNT,,,-0.228,-0.228,PUNT,0.0
9564,Team 06,45,13,KICK,0.3078904956982119,1,3,0.0101,KICK,0.0
9565,Team 01,69,6,GO,0.41966938533727444,0,-2.58,-0.1375,GO,0.0
9566,Team 01,33,14,KICK,0.610639233949222,1,3,1.3927,KICK,0.0
9567,Team 04,23,3,GO,0.5188412894570203,0,-1.66,1.837,KICK,0.4391
9568,Team 04,16,1,GO,0.6260717063282923,1,5.36,2.7874,GO,0.0
9569,Team 01,42,9,KICK,0.37871640480893237,0,-1.272,0.3459,KICK,0.0
9570,Team 05,27,1,GO,0.6370946554825867,1,4.92,2.5031,GO,0.0
9571,Team 14,84,3,GO,0.532114204592694,1,2.64,0.0573,GO,0.0
9572,Team 08,18,4,KICK,0.8833970308388606,1,3,2.5466,KICK,0.0
9573,Team 06,33,15,KICK,0.610639233949222,1,3,1.3927,KICK,0.0
9574,Team 11,39,9,GO,0.16976399799278502,0,-1.98,-0.8901,KICK,1.5885
9575,Team 08,14,1,GO,0.682810727672691,1,5.44,3.2451,GO,0.0
9576,Team 09,73,2,GO,0.7111799598144781,0,-2.66,1.4222,GO,0.0
9577,Team 10,18,7,KICK,0.8833970308388606,1,3,2.5466,KICK,0.0
9578,Team 08,71,6,GO,0.41744252810344173,1,3.16,-0.2072,GO,0.0
9579,Team 14,30,1,KICK,0.6824383021930649,1,3,1.7043,GO,0.7094
9580,Team 01,21,13,KICK,0.8468362842349139,1,3,2.3971,KICK,0.0
9581,Team 02,83,8,PUNT,,,-0.364,-0.364,PUNT,0.0
9582,Team 01,70,11,GO,0.19401483007764866,0,-2.6,-1.4747,PUNT,1.2147
9583,Team 01,51,9,KICK,0.19154534856146757,1,3,-0.5701,PUNT,0.4621
9584,Team 07,67,9,PUNT,,,-0.236,-0.236,PUNT,0.0
9585,Team 04,66,7,KICK,0.046752805099547774,0,-1.656,-1.4383,PUNT,1.2103
9586,Team 12,26,4,GO,0.6191988694215159,0,-1.72,2.4162,GO,0.0
9587,Team 05,68,2,GO,0.5848647368258585,0,-2.56,0.8556,GO,0.0
9588,Team 11,16,14,KICK,0.903348789058409,1,3,2.6273,KICK,0.0
9589,Team 11,84,8,PUNT,,,-0.372,-0.372,PUNT,0.0
9590,Team 16,57,5,PUNT,,,-0.156,-0.156,GO,0.9282
9591,Team 06,63,12,PUNT,,,-0.204,-0.204,PUNT,0.0
9592,Team 05,25,1,GO,0.6370946554825867,0,-1.7,2.5685,GO,0.0
9593,Team 06,88,13,PUNT,,,-0.404,-0.404,PUNT,0.0
9594,Team 13,83,4,PUNT,,,-0.364,-0.364,GO,1.0513
9595,Team 11,56,4,GO,0.38052964198407724,1,3.76,-0.0064,GO,0.0
9596,Team 11,45,7,PUNT,,,-0.06,-0.06,KICK,0.0701
9597,Team 03,81,13,PUNT,,,-0.348,-0.348,PUNT,0.0
9598,Team 13,37,12,KICK,0.5074994375506204,1,3,0.9354,KICK,0.0
9599,Team 13,52,2,GO,0.7343299545462806,0,-2.24,2.2835,GO,0.0
9600,Team 09,13,10,KICK,0.9275735146384823,1,3,2.7242,KICK,0.0
9601,Team 15,68,2,GO,0.6033015971633345,0,-2.56,0.9633,GO,0.0
9602,Team 15,19,1,GO,0.6545818519692127,1,5.24,2.8842,GO,0.0
9603,Team 01,86,15,PUNT,,,-0.388,-0.388,PUNT,0.0
9604,Team 14,61,1,GO,0.6384478943768523,0,-2.42,1.3979,GO,0.0
9605,Team 02,66,7,PUNT,,,-0.228,-0.228,PUNT,0.0
9606,Team 07,15,3,KICK,0.9121360851706988,1,3,2.6626,GO,0.3466
9607,Team 12,38,8,KICK,0.4812587841214649,1,3,0.8171,KICK,0.0
9608,Team 02,67,10,PUNT,,,-0.236,-0.236,PUNT,0.0
9609,Team 11,88,15,PUNT,,,-0.404,-0.404,PUNT,0.0
9610,Team 15,13,1,GO,0.6545818519692127,1,5.48,3.0828,GO,0.0
9611,Team 07,29,4,KICK,0.7047456979980911,1,3,1.8001,GO,0.4063
9612,Team 04,84,13,GO,0.10672880506713711,0,-2.88,-2.2909,PUNT,1.9189
9613,Team 13,82,6,GO,0.5341227138507878,1,2.72,0.1297,GO,0.0
9614,Team 02,56,12,KICK,0.12292695083285751,0,-1.496,-0.9433,PUNT,0.7953
9615,Team 01,12,9,KICK,0.9343184948673792,1,3,2.7509,KICK,0.0
9616,Team 11,68,11,PUNT,,,-0.244,-0.244,PUNT,0.0
9617,Team 04,81,3,GO,0.5188412894570203,1,2.76,0.0751,GO,0.0
9618,Team 14,12,8,KICK,0.9343184948673792,1,3,2.7509,KICK,0.0
9619,Team 10,41,9,KICK,0.40371730070321227,1,3,0.4622,KICK,0.0
9620,Team 03,36,2,GO,0.5480655976092276,1,4.56,1.6315,GO,0.0
9621,Team 16,29,1,GO,0.7179431443239072,1,4.84,2.9728,GO,0.0
9622,Team 11,84,1,PUNT,,,-0.372,-0.372,GO,0.4897
9623,Team 08,57,10,PUNT,,,-0.156,-0.156,PUNT,0.0
9624,Team 13,20,9,KICK,0.8599650843722273,1,3,2.4511,KICK,0.0
9625,Team 09,11,1,GO,0.7541967228490082,1,5.56,3.8443,GO,0.0
9626,Team 16,51,5,GO,0.5135670971823116,0,-2.22,0.9538,GO,0.0
9627,Team 06,67,10,GO,0.24828516880960202,0,-2.54,-1.085,PUNT,0.849
9628,Team 06,61,14,PUNT,,,-0.188,-0.188,PUNT,0.0
9629,Team 12,73,10,PUNT,,,-0.284,-0.284,PUNT,0.0
9630,Team 14,90,5,PUNT,,,-0.42,-0.42,PUNT,0.0
9631,Team 04,52,13,KICK,0.175809597088929,0,-1.432,-0.6528,PUNT,0.5368
9632,Team 10,84,4,GO,0.4075137590184509,0,-2.88,-0.6305,PUNT,0.2585
9633,Team 05,18,13,KICK,0.8833970308388606,1,3,2.5466,KICK,0.0
9634,Team 15,20,12,KICK,0.8599650843722273,1,3,2.4511,KICK,0.0
9635,Team 14,35,8,KICK,0.5597136492671929,0,-1.16,1.1684,KICK,0.0
9636,Team 15,73,10,PUNT,,,-0.284,-0.284,PUNT,0.0
9637,Team 13,77,7,GO,0.4791878692587739,0,-2.74,-0.0278,GO,0.0
9638,Team 10,39,2,KICK,0.45512110762641994,1,3,0.6984,GO,0.6371
9639,Team 11,71,9,PUNT,,,-0.268,-0.268,PUNT,0.0
9640,Team 16,47,10,KICK,0.2650274005334813,0,-1.352,-0.1986,PUNT,0.1226
9641,Team 11,78,8,PUNT,,,-0.324,-0.324,PUNT,0.0
9642,Team 15,72,13,KICK,0.025456451452111294,0,-1.752,-1.631,PUNT,1.355
9643,Team 07,86,6,PUNT,,,-0.388,-0.388,GO,0.1731
9644,Team 14,56,13,PUNT,,,-0.148,-0.148,PUNT,0.0
9645,Team 11,12,5,KICK,0.9343184948673792,1,3,2.7509,KICK,0.0
9646,Team 16,46,12,KICK,0.2859777732226985,0,-1.336,-0.096,PUNT,0.028
9647,Team 03,18,2,KICK,0.8833970308388606,1,3,2.5466,KICK,0.0
9648,Team 10,11,10,KICK,0.9404756340234984,1,3,2.7752,KICK,0.0
9649,Team 13,35,6,GO,0.5341227138507878,0,-1.9,1.5718,GO,0.0
9650,Team 08,56,11,KICK,0.12292695083285751,0,-1.496,-0.9433,PUNT,0.7953
9651,Team 15,33,7,KICK,0.610639233949222,1,3,1.3927,KICK,0.0
9652,Team 10,77,11,PUNT,,,-0.316,-0.316,PUNT,0.0
9653,Team 03,13,15,KICK,0.9275735146384823,1,3,2.7242,KICK,0.0
9654,Team 01,81,10,PUNT,,,-0.348,-0.348,PUNT,0.0
9655,Team 04,45,5,GO,0.4098467016511046,1,4.2,0.482,GO,0.0
9656,Team 12,81,15,PUNT,,,-0.348,-0.348,PUNT,0.0
9657,Team 13,28,9,KICK,0.7261149812607792,0,-1.048,1.8913,KICK,0.0
9658,Team 06,77,3,GO,0.6064038791149935,1,2.92,0.6922,GO,0.0
9659,Team 07,46,15,KICK,0.2859777732226985,0,-1.336,-0.096,PUNT,0.028
9660,Team 10,15,2,GO,0.5164308431129125,0,-1.5,2.0634,KICK,0.5992
9661,Team 07,45,12,PUNT,,,-0.06,-0.06,KICK,0.0701
9662,Team 07,54,5,GO,0.5484769739869401,0,-2.28,1.0767,GO,0.0
9663,Team 10,74,13,PUNT,,,-0.292,-0.292,PUNT,0.0
9664,Team 08,29,4,KICK,0.7047456979980911,1,3,1.8001,KICK,0.0
9665,Team 12,77,15,PUNT,,,-0.316,-0.316,PUNT,0.0
9666,Team 05,57,12,PUNT,,,-0.156,-0.156,PUNT,0.0
9667,Team 14,74,3,GO,0.532114204592694,0,-2.68,0.3637,GO,0.0
9668,Team 04,32,4,GO,0.4639130714247188,0,-1.84,1.2033,KICK,0.2971
9669,Team 04,40,3,GO,0.5188412894570203,0,-2.0,1.3206,GO,0.0
9670,Team 04,40,1,GO,0.6260717063282923,0,-2.0,2.0069,GO,0.0
9671,Team 04,11,1,KICK,0.9404756340234984,0,-0.776,2.7752,GO,0.1747
9672,Team 10,62,5,PUNT,,,-0.196,-0.196,PUNT,0.0
9673,Team 04,60,5,PUNT,,,-0.18,-0.18,GO,0.2391
9674,Team 08,46,14,KICK,0.2859777732226985,0,-1.336,-0.096,PUNT,0.028
9675,Team 13,82,11,PUNT,,,-0.356,-0.356,PUNT,0.0
9676,Team 01,46,4,GO,0.5289349488921719,1,4.16,1.2017,GO,0.0
9677,Team 07,87,5,GO,0.5484769739869401,0,-2.94,0.0547,GO,0.0
9678,Team 09,36,3,GO,0.6639890054498807,1,4.56,2.3826,GO,0.0
9679,Team 16,33,11,KICK,0.610639233949222,0,-1.128,1.3927,KICK,0.0
9680,Team 07,46,15,PUNT,,,-0.068,-0.068,PUNT,0.0
9681,Team 16,53,13,KICK,0.1611089495765853,0,-1.448,-0.7314,PUNT,0.6074
9682,Team 04,34,1,GO,0.6260717063282923,0,-1.88,2.202,GO,0.0
9683,Team 12,82,6,PUNT,,,-0.356,-0.356,GO,0.3601
9684,Team 01,19,5,KICK,0.8721384336809187,1,3,2.5008,KICK,0.0
9685,Team 11,66,1,GO,0.5430678179428203,0,-2.52,0.6732,GO,0.0
9686,Team 11,31,2,KICK,0.6592603884513855,0,-1.096,1.6043,KICK,0.0
9687,Team 12,20,12,KICK,0.8599650843722273,0,-0.92,2.4511,KICK,0.0
9688,Team 05,19,1,GO,0.6370946554825867,0,-1.58,2.765,GO,0.0
9689,Team 02,37,10,KICK,0.5074994375506204,1,3,0.9354,KICK,0.0
9690,Team 08,45,9,KICK,0.3078904956982119,1,3,0.0101,KICK,0.0
9691,Team 09,15,3,KICK,0.9121360851706988,1,3,2.6626,GO,0.4189
9692,Team 04,20,4,KICK,0.8599650843722273,1,3,2.4511,KICK,0.0
9693,Team 11,44,10,KICK,0.33070459722255413,1,3,0.1194,KICK,0.0
9694,Team 04,43,13,PUNT,,,-0.044,-0.044,KICK,0.2754
9695,Team 03,11,14,KICK,0.9404756340234984,1,3,2.7752,KICK,0.0
9696,Team 07,39,6,GO,0.4936300767509541,0,-1.98,1.1891,GO,0.0
9697,Team 08,39,13,KICK,0.45512110762641994,0,-1.224,0.6984,KICK,0.0
9698,Team 11,66,4,GO,0.38052964198407724,0,-2.52,-0.2825,PUNT,0.0545
9699,Team 15,40,5,KICK,0.42922838810550845,0,-1.24,0.5799,GO,0.2367
9700,Team 08,28,14,KICK,0.7261149812607792,1,3,1.8913,KICK,0.0
9701,Team 15,29,12,KICK,0.7047456979980911,1,3,1.8001,KICK,0.0
9702,Team 09,78,1,GO,0.7541967228490082,1,2.88,1.4937,GO,0.0
9703,Team 13,13,6,KICK,0.9275735146384823,1,3,2.7242,KICK,0.0
9704,Team 09,67,1,GO,0.7541967228490082,1,3.32,1.8796,GO,0.0
9705,Team 14,11,5,KICK,0.9404756340234984,1,3,2.7752,KICK,0.0
9706,Team 13,33,3,KICK,0.610639233949222,0,-1.128,1.3927,GO,1.2551
9707,Team 10,83,7,PUNT,,,-0.364,-0.364,PUNT,0.0
9708,Team 12,21,15,KICK,0.8468362842349139,1,3,2.3971,KICK,0.0
9709,Team 05,33,8,PUNT,,,0.036,0.036,KICK,1.3567
9710,Team 04,66,6,PUNT,,,-0.228,-0.228,PUNT,0.0
9711,Team 16,15,14,KICK,0.9121360851706988,1,3,2.6626,KICK,0.0
9712,Team 08,13,4,GO,0.5266544657992237,0,-1.46,2.195,KICK,0.5292
9713,Team 09,34,5,GO,0.5599900585150124,0,-1.88,1.7711,GO,0.0
9714,Team 12,59,8,KICK,0.09279295311715706,0,-1.544,-1.1223,GO,1.1671
9715,Team 07,55,8,GO,0.3856863695078365,1,3.8,0.0527,GO,0.0
9716,Team 08,29,11,KICK,0.7047456979980911,1,3,1.8001,KICK,0.0
9717,Team 14,63,8,PUNT,,,-0.204,-0.204,PUNT,0.0
9718,Team 12,12,11,KICK,0.9343184948673792,1,3,2.7509,KICK,0.0
9719,Team 14,41,11,KICK,0.40371730070321227,0,-1.256,0.4622,KICK,0.0
9720,Team 15,51,12,PUNT,,,-0.108,-0.108,PUNT,0.0
9721,Team 12,47,14,PUNT,,,-0.076,-0.076,PUNT,0.0
9722,Team 14,46,7,GO,0.32052370678858894,1,4.16,-0.1071,PUNT,0.0391
9723,Team 03,77,7,PUNT,,,-0.316,-0.316,PUNT,0.0
9724,Team 01,19,4,KICK,0.8721384336809187,1,3,2.5008,KICK,0.0
9725,Team 01,55,13,KICK,0.13470305195202817,0,-1.48,-0.8765,PUNT,0.7365
9726,Team 15,59,1,GO,0.6545818519692127,0,-2.38,1.5606,GO,0.0
9727,Team 12,82,14,PUNT,,,-0.356,-0.356,PUNT,0.0
9728,Team 06,54,15,PUNT,,,-0.132,-0.132,PUNT,0.0
9729,Team 05,39,15,KICK,0.45512110762641994,0,-1.224,0.6984,KICK,0.0
9730,Team 05,39,5,GO,0.42135247739455595,0,-1.98,0.7251,GO,0.0
9731,Team 13,90,12,KICK,0.003930697284418408,0,-2.04,-2.0202,PUNT,1.6002
9732,Team 07,35,8,PUNT,,,0.02,0.02,KICK,1.1484
9733,Team 14,86,4,PUNT,,,-0.388,-0.388,GO,0.0829
9734,Team 05,31,6,KICK,0.6592603884513855,1,3,1.6043,KICK,0.0
9735,Team 16,13,13,KICK,0.9275735146384823,1,3,2.7242,KICK,0.0
9736,Team 11,56,13,PUNT,,,-0.148,-0.148,PUNT,0.0
9737,Team 07,29,5,GO,0.5484769739869401,0,-1.78,1.8509,GO,0.0
9738,Team 11,51,10,PUNT,,,-0.108,-0.108,PUNT,0.0
9739,Team 06,54,15,PUNT,,,-0.132,-0.132,PUNT,0.0
9740,Team 08,89,5,PUNT,,,-0.412,-0.412,PUNT,0.0
9741,Team 16,61,7,PUNT,,,-0.188,-0.188,GO,0.1884
9742,Team 16,84,8,PUNT,,,-0.372,-0.372,PUNT,0.0
9743,Team 07,57,8,PUNT,,,-0.156,-0.156,GO,0.1533
9744,Team 07,27,4,KICK,0.7464939833376621,1,3,1.9779,GO,0.2926
9745,Team 12,28,12,KICK,0.7261149812607792,0,-1.048,1.8913,KICK,0.0
9746,Team 02,45,5,PUNT,,,-0.06,-0.06,GO,0.8183
9747,Team 16,12,13,KICK,0.9343184948673792,1,3,2.7509,KICK,0.0
9748,Team 07,38,12,KICK,0.4812587841214649,0,-1.208,0.8171,KICK,0.0
9749,Team 10,66,10,PUNT,,,-0.228,-0.228,PUNT,0.0
9750,Team 07,70,3,GO,0.6535134081523024,0,-2.6,1.1904,GO,0.0
9751,Team 13,57,3,GO,0.6892688541839076,1,3.72,1.837,GO,0.0
9752,Team 05,42,10,KICK,0.37871640480893237,0,-1.272,0.3459,KICK,0.0
9753,Team 11,89,9,PUNT,,,-0.412,-0.412,PUNT,0.0
9754,Team 02,83,4,GO,0.5085669512394625,1,2.68,-0.0425,GO,0.0
9755,Team 11,45,9,KICK,0.3078904956982119,1,3,0.0101,KICK,0.0
9756,Team 09,53,6,GO,0.5052802311918284,0,-2.26,0.8424,GO,0.0
9757,Team 08,82,11,PUNT,,,-0.356,-0.356,PUNT,0.0
9758,Team 12,34,10,KICK,0.5854045691294653,1,3,1.2819,KICK,0.0
9759,Team 15,88,12,PUNT,,,-0.404,-0.404,PUNT,0.0
9760,Team 08,39,13,KICK,0.45512110762641994,1,3,0.6984,KICK,0.0
9761,Team 09,88,4,GO,0.6132802431683475,0,-2.96,0.3762,GO,0.0
9762,Team 01,68,3,PUNT,,,-0.244,-0.244,GO,1.0898
9763,Team 16,49,11,KICK,0.22618142573054625,1,3,-0.3924,PUNT,0.3004
9764,Team 04,28,6,KICK,0.7261149812607792,1,3,1.8913,KICK,0.0
9765,Team 08,64,11,PUNT,,,-0.212,-0.212,PUNT,0.0
9766,Team 10,53,11,PUNT,,,-0.124,-0.124,PUNT,0.0
9767,Team 08,26,14,KICK,0.7658456258197972,1,3,2.0596,KICK,0.0
9768,Team 13,76,12,PUNT,,,-0.308,-0.308,PUNT,0.0
9769,Team 10,74,6,PUNT,,,-0.292,-0.292,PUNT,0.0
9770,Team 02,34,11,KICK,0.5854045691294653,0,-1.144,1.2819,KICK,0.0
9771,Team 15,37,6,GO,0.386805767152458,0,-1.94,0.5588,KICK,0.3767
9772,Team 11,58,9,GO,0.16976399799278502,0,-2.36,-1.3346,PUNT,1.1706
9773,Team 06,11,9,KICK,0.9404756340234984,1,3,2.7752,KICK,0.0
9774,Team 11,78,12,GO,0.09558254896797012,0,-2.76,-2.2209,PUNT,1.8969
9775,Team 06,81,11,PUNT,,,-0.348,-0.348,PUNT,0.0
9776,Team 03,54,13,PUNT,,,-0.132,-0.132,PUNT,0.0
9777,Team 08,14,5,KICK,0.9201950407592125,1,3,2.6948,KICK,0.0
9778,Team 07,87,3,GO,0.6535134081523024,1,2.52,0.6282,GO,0.0
9779,Team 02,88,1,PUNT,,,-0.404,-0.404,GO,1.072
9780,Team 15,36,1,GO,0.6545818519692127,1,4.56,2.3217,GO,0.0
9781,Team 15,77,2,PUNT,,,-0.316,-0.316,GO,0.9907
9782,Team 16,73,2,GO,0.6713465706923882,0,-2.66,1.1935,GO,0.0
9783,Team 10,18,3,GO,0.4615130443401682,1,5.28,1.5967,KICK,0.9499
9784,Team 08,22,7,KICK,0.8327160444615168,1,3,2.3389,KICK,0.0
9785,Team 10,64,13,PUNT,,,-0.212,-0.212,PUNT,0.0
9786,Team 01,30,13,KICK,0.6824383021930649,1,3,1.7043,KICK,0.0
9787,Team 09,31,5,KICK,0.6592603884513855,0,-1.096,1.6043,GO,0.2604
9788,Team 08,16,3,KICK,0.903348789058409,1,3,2.6273,KICK,0.0
9789,Team 05,60,4,GO,0.47571317758111337,0,-2.4,0.4543,GO,0.0
9790,Team 06,82,4,GO,0.55285699926031,0,-2.84,0.2339,GO,0.0
9791,Team 13,89,15,PUNT,,,-0.412,-0.412,PUNT,0.0
9792,Team 10,32,2,KICK,0.6352948493228072,0,-1.112,1.5003,GO,0.0475
9793,Team 10,74,8,PUNT,,,-0.292,-0.292,PUNT,0.0
9794,Team 02,80,15,PUNT,,,-0.34,-0.34,PUNT,0.0
9795,Team 07,38,10,KICK,0.4812587841214649,1,3,0.8171,KICK,0.0
9796,Team 16,42,10,PUNT,,,-0.036,-0.036,KICK,0.3819
9797,Team 03,69,3,GO,0.4932149019395633,0,-2.58,0.2905,GO,0.0
9798,Team 05,59,3,GO,0.5306555509303387,0,-2.38,0.8145,GO,0.0
9799,Team 09,45,11,PUNT,,,-0.06,-0.06,KICK,0.0701
9800,Team 16,82,6,GO,0.45866498212655793,0,-2.84,-0.2898,GO,0.0
9801,Team 04,33,14,KICK,0.610639233949222,1,3,1.3927,KICK,0.0
9802,Team 02,41,11,PUNT,,,-0.028,-0.028,KICK,0.4902
9803,Team 13,43,10,KICK,0.35434369377420466,0,-1.288,0.2314,KICK,0.0
9804,Team 03,42,5,GO,0.38529290273260947,0,-2.04,0.4105,GO,0.0
9805,Team 02,42,2,GO,0.6163941829217663,1,4.32,1.8803,GO,0.0
9806,Team 12,21,11,KICK,0.8468362842349139,0,-0.936,2.3971,KICK,0.0
9807,Team 15,42,15,KICK,0.37871640480893237,1,3,0.3459,KICK,0.0
9808,Team 07,71,2,GO,0.7015142308273599,0,-2.62,1.4348,GO,0.0
9809,Team 15,86,5,GO,0.4400992987044506,1,2.56,-0.5083,PUNT,0.1203
9810,Team 10,59,15,PUNT,,,-0.172,-0.172,PUNT,0.0
9811,Team 12,14,5,GO,0.5661473020656971,1,5.44,2.4377,KICK,0.2571
9812,Team 14,90,9,PUNT,,,-0.42,-0.42,PUNT,0.0
9813,Team 08,60,12,PUNT,,,-0.18,-0.18,PUNT,0.0
9814,Team 11,84,14,PUNT,,,-0.372,-0.372,PUNT,0.0
9815,Team 09,17,8,KICK,0.8937850083248244,1,3,2.5887,KICK,0.0
9816,Team 12,32,8,KICK,0.6352948493228072,1,3,1.5003,KICK,0.0
9817,Team 16,37,11,KICK,0.5074994375506204,0,-1.192,0.9354,KICK,0.0
9818,Team 01,22,9,KICK,0.8327160444615168,0,-0.952,2.3389,KICK,0.0
9819,Team 14,53,12,PUNT,,,-0.124,-0.124,PUNT,0.0
9820,Team 11,13,8,KICK,0.9275735146384823,1,3,2.7242,KICK,0.0
9821,Team 11,66,10,PUNT,,,-0.228,-0.228,PUNT,0.0
9822,Team 05,90,7,PUNT,,,-0.42,-0.42,PUNT,0.0
9823,Team 13,61,9,GO,0.3720816900525986,0,-2.42,-0.195,PUNT,0.007
9824,Team 08,57,12,PUNT,,,-0.156,-0.156,PUNT,0.0
9825,Team 16,42,9,GO,0.30455117633797296,1,4.32,-0.1031,KICK,0.4489
9826,Team 13,56,2,GO,0.7343299545462806,1,3.76,2.1447,GO,0.0
9827,Team 01,31,6,KICK,0.6592603884513855,1,3,1.6043,KICK,0.0
9828,Team 09,32,15,KICK,0.6352948493228072,1,3,1.5003,KICK,0.0
9829,Team 13,42,1,GO,0.7749896631651041,1,4.32,2.8889,GO,0.0
9830,Team 04,20,13,KICK,0.8599650843722273,1,3,2.4511,KICK,0.0
9831,Team 08,34,14,KICK,0.5854045691294653,1,3,1.2819,KICK,0.0
9832,Team 08,14,2,KICK,0.9201950407592125,1,3,2.6948,GO,0.2081
9833,Team 11,62,14,PUNT,,,-0.196,-0.196,PUNT,0.0
9834,Team 03,27,2,KICK,0.7464939833376621,1,3,1.9779,KICK,0.0
9835,Team 05,90,2,PUNT,,,-0.42,-0.42,GO,0.5783
9836,Team 12,70,4,GO,0.6191988694215159,1,3.2,0.9914,GO,0.0
9837,Team 02,64,14,PUNT,,,-0.212,-0.212,PUNT,0.0
9838,Team 04,25,12,KICK,0.7841471891774855,0,-1.0,2.1366,KICK,0.0
9839,Team 04,19,4,KICK,0.8721384336809187,1,3,2.5008,KICK,0.0
9840,Team 12,56,5,GO,0.5661473020656971,0,-2.32,1.1222,GO,0.0
9841,Team 05,45,15,KICK,0.3078904956982119,1,3,0.0101,KICK,0.0
9842,Team 15,23,11,KICK,0.8175744761936437,1,3,2.2761,KICK,0.0
9843,Team 01,64,4,PUNT,,,-0.212,-0.212,GO,0.8633
9844,Team 13,43,2,GO,0.7343299545462806,1,4.28,2.5957,GO,0.0
9845,Team 15,15,13,KICK,0.9121360851706988,0,-0.84,2.6626,KICK,0.0
9846,Team 12,40,10,PUNT,,,-0.02,-0.02,KICK,0.5999
9847,Team 07,49,14,PUNT,,,-0.092,-0.092,PUNT,0.0
9848,Team 15,11,8,KICK,0.9404756340234984,1,3,2.7752,KICK,0.0
9849,Team 05,53,10,PUNT,,,-0.124,-0.124,PUNT,0.0
9850,Team 12,36,10,KICK,0.533698835432901,1,3,1.0527,KICK,0.0
9851,Team 01,56,1,GO,0.6847891621792315,1,3.76,1.8435,GO,0.0
9852,Team 01,80,14,PUNT,,,-0.34,-0.34,PUNT,0.0
9853,Team 13,17,7,KICK,0.8937850083248244,1,3,2.5887,KICK,0.0
9854,Team 12,34,12,KICK,0.5854045691294653,1,3,1.2819,KICK,0.0
9855,Team 03,39,13,KICK,0.45512110762641994,1,3,0.6984,KICK,0.0
9856,Team 13,82,7,PUNT,,,-0.356,-0.356,GO,0.1803
9857,Team 01,32,10,KICK,0.6352948493228072,1,3,1.5003,KICK,0.0
9858,Team 03,23,14,KICK,0.8175744761936437,0,-0.968,2.2761,KICK,0.0
9859,Team 15,71,11,PUNT,,,-0.268,-0.268,PUNT,0.0
9860,Team 16,31,10,KICK,0.6592603884513855,1,3,1.6043,KICK,0.0
9861,Team 12,88,4,GO,0.6191988694215159,0,-2.96,0.4084,GO,0.0
9862,Team 11,54,15,KICK,0.14741766105380757,0,-1.464,-0.8059,PUNT,0.6739
9863,Team 01,53,3,GO,0.583186768451493,0,-2.26,1.3208,GO,0.0
9864,Team 16,46,3,GO,0.6211145745754056,0,-2.12,1.7806,GO,0.0
9865,Team 04,45,6,KICK,0.3078904956982119,0,-1.32,0.0101,GO,0.1445
9866,Team 05,68,14,PUNT,,,-0.244,-0.244,PUNT,0.0
9867,Team 02,32,10,KICK,0.6352948493228072,1,3,1.5003,KICK,0.0
9868,Team 12,78,14,PUNT,,,-0.324,-0.324,PUNT,0.0
9869,Team 07,86,10,PUNT,,,-0.388,-0.388,PUNT,0.0
9870,Team 08,13,7,KICK,0.9275735146384823,1,3,2.7242,KICK,0.0
9871,Team 10,71,14,PUNT,,,-0.268,-0.268,PUNT,0.0
9872,Team 12,47,12,KICK,0.2650274005334813,0,-1.352,-0.1986,PUNT,0.1226
9873,Team 06,13,8,KICK,0.9275735146384823,1,3,2.7242,KICK,0.0
9874,Team 16,65,5,GO,0.5135670971823116,1,3.4,0.53,GO,0.0
9875,Team 08,35,3,GO,0.5809608534948784,0,-1.9,1.8762,GO,0.0
9876,Team 02,50,9,KICK,0.20833350927014557,1,3,-0.4833,PUNT,0.3833
9877,Team 05,13,4,KICK,0.9275735146384823,1,3,2.7242,KICK,0.0
9878,Team 15,20,8,PUNT,,,0.14,0.14,KICK,2.3111
9879,Team 08,78,6,PUNT,,,-0.324,-0.324,PUNT,0.0
9880,Team 16,79,3,GO,0.6211145745754056,1,2.84,0.7107,GO,0.0
9881,Team 06,58,11,PUNT,,,-0.164,-0.164,PUNT,0.0
9882,Team 07,35,6,KICK,0.5597136492671929,0,-1.16,1.1684,GO,0.1402
9883,Team 08,64,8,GO,0.31576979490360163,0,-2.48,-0.6106,PUNT,0.3986
9884,Team 01,60,4,GO,0.5289349488921719,1,3.6,0.7736,GO,0.0
9885,Team 09,89,7,PUNT,,,-0.412,-0.412,PUNT,0.0
9886,Team 15,38,12,KICK,0.4812587841214649,1,3,0.8171,KICK,0.0
9887,Team 10,43,13,KICK,0.35434369377420466,0,-1.288,0.2314,KICK,0.0
9888,Team 06,36,10,PUNT,,,0.012,0.012,KICK,1.0407
9889,Team 01,45,8,GO,0.3177501098281303,0,-2.1,-0.0982,KICK,0.1083
9890,Team 06,38,10,KICK,0.4812587841214649,1,3,0.8171,KICK,0.0
9891,Team 11,70,7,PUNT,,,-0.26,-0.26,PUNT,0.0
9892,Team 02,84,12,PUNT,,,-0.372,-0.372,PUNT,0.0
9893,Team 01,22,6,KICK,0.8327160444615168,0,-0.952,2.3389,KICK,0.0
9894,Team 16,66,8,PUNT,,,-0.228,-0.228,PUNT,0.0
9895,Team 13,12,14,KICK,0.9343184948673792,1,3,2.7509,KICK,0.0
9896,Team 11,20,10,KICK,0.8599650843722273,1,3,2.4511,KICK,0.0
9897,Team 04,59,9,PUNT,,,-0.172,-0.172,PUNT,0.0
9898,Team 11,77,15,PUNT,,,-0.316,-0.316,PUNT,0.0
9899,Team 07,88,8,GO,0.3856863695078365,1,2.48,-0.8619,PUNT,0.4579
9900,Team 15,45,1,KICK,0.3078904956982119,1,3,0.0101,GO,2.0138
9901,Team 10,65,14,PUNT,,,-0.22,-0.22,PUNT,0.0
9902,Team 02,33,10,KICK,0.610639233949222,1,3,1.3927,KICK,0.0
9903,Team 09,24,4,GO,0.6132802431683475,1,5.04,2.4412,GO,0.0
9904,Team 07,78,10,PUNT,,,-0.324,-0.324,PUNT,0.0
9905,Team 16,75,2,GO,0.6713465706923882,1,3.0,1.1267,GO,0.0
9906,Team 04,45,12,PUNT,,,-0.06,-0.06,KICK,0.0701
9907,Team 16,36,4,PUNT,,,0.012,0.012,GO,1.7496
9908,Team 02,87,11,PUNT,,,-0.396,-0.396,PUNT,0.0
9909,Team 12,38,2,GO,0.7162933940110477,0,-1.96,2.6529,GO,0.0
9910,Team 01,56,6,GO,0.41966938533727444,0,-2.32,0.2316,GO,0.0
9911,Team 05,54,2,GO,0.5848647368258585,1,3.84,1.2994,GO,0.0
9912,Team 06,47,1,GO,0.7052076153533808,0,-2.14,2.2746,GO,0.0
9913,Team 06,74,9,PUNT,,,-0.292,-0.292,PUNT,0.0
9914,Team 07,48,10,KICK,0.24508501313237172,0,-1.368,-0.2975,PUNT,0.2135
9915,Team 04,27,14,KICK,0.7464939833376621,1,3,1.9779,KICK,0.0
9916,Team 11,85,12,PUNT,,,-0.38,-0.38,PUNT,0.0
9917,Team 02,84,10,PUNT,,,-0.372,-0.372,PUNT,0.0
9918,Team 01,27,13,KICK,0.7464939833376621,0,-1.032,1.9779,KICK,0.0
9919,Team 09,44,5,GO,0.5599900585150124,1,4.24,1.4591,GO,0.0
9920,Team 08,76,2,GO,0.6333740470762804,1,2.96,0.8776,GO,0.0
9921,Team 15,53,1,GO,0.6545818519692127,1,3.88,1.7591,GO,0.0
9922,Team 14,32,14,KICK,0.6352948493228072,0,-1.112,1.5003,KICK,0.0
9923,Team 02,47,1,GO,0.6669163928212177,0,-2.14,2.0349,GO,0.0
9924,Team 07,47,14,PUNT,,,-0.076,-0.076,PUNT,0.0
9925,Team 06,33,15,KICK,0.610639233949222,0,-1.128,1.3927,KICK,0.0
9926,Team 09,66,10,PUNT,,,-0.228,-0.228,PUNT,0.0
9927,Team 15,49,9,KICK,0.22618142573054625,1,3,-0.3924,PUNT,0.3004
9928,Team 07,12,8,KICK,0.9343184948673792,1,3,2.7509,KICK,0.0
9929,Team 06,18,9,KICK,0.8833970308388606,1,3,2.5466,KICK,0.0
9930,Team 07,11,15,KICK,0.9404756340234984,1,3,2.7752,KICK,0.0
9931,Team 04,39,10,KICK,0.45512110762641994,0,-1.224,0.6984,KICK,0.0
9932,Team 14,54,6,GO,0.37019832268003167,0,-2.28,-0.0144,GO,0.0
9933,Team 03,24,9,KICK,0.8013892651145572,1,3,2.2087,KICK,0.0
9934,Team 16,51,3,GO,0.6211145745754056,1,3.96,1.6185,GO,0.0
9935,Team 15,86,5,PUNT,,,-0.388,-0.388,PUNT,0.0
9936,Team 06,28,6,KICK,0.7261149812607792,1,3,1.8913,KICK,0.0
9937,Team 13,55,13,KICK,0.13470305195202817,0,-1.48,-0.8765,PUNT,0.7365
9938,Team 16,82,5,GO,0.5135670971823116,1,2.72,0.0154,GO,0.0
9939,Team 01,77,14,PUNT,,,-0.316,-0.316,PUNT,0.0
9940,Team 15,68,11,PUNT,,,-0.244,-0.244,PUNT,0.0
9941,Team 13,33,5,GO,0.5882421741646358,0,-1.86,1.9871,GO,0.0
9942,Team 15,16,12,KICK,0.903348789058409,1,3,2.6273,KICK,0.0
9943,Team 04,75,7,GO,0.3090425788856058,0,-2.7,-0.9385,PUNT,0.6385
9944,Team 02,89,5,GO,0.4537008049433731,1,2.44,-0.5209,PUNT,0.1089
9945,Team 04,57,15,KICK,0.11204703855699037,0,-1.512,-1.0064,PUNT,0.8504
9946,Team 16,75,6,PUNT,,,-0.3,-0.3,GO,0.2144
9947,Team 15,51,7,GO,0.3360919074183416,0,-2.22,-0.143,PUNT,0.035
9948,Team 04,79,12,PUNT,,,-0.332,-0.332,PUNT,0.0
9949,Team 02,69,11,PUNT,,,-0.252,-0.252,PUNT,0.0
9950,Team 16,71,3,GO,0.6211145745754056,0,-2.62,0.97,GO,0.0
9951,Team 08,78,15,PUNT,,,-0.324,-0.324,PUNT,0.0
9952,Team 12,35,1,GO,0.7588068543713931,1,4.6,3.0322,GO,0.0
9953,Team 15,17,11,KICK,0.8937850083248244,0,-0.872,2.5887,KICK,0.0
9954,Team 15,27,6,GO,0.386805767152458,0,-1.74,0.8361,KICK,1.1417
9955,Team 10,85,4,PUNT,,,-0.38,-0.38,PUNT,0.0
9956,Team 07,82,14,PUNT,,,-0.356,-0.356,PUNT,0.0
9957,Team 16,42,2,GO,0.6713465706923882,1,4.32,2.2298,GO,0.0
9958,Team 10,35,15,KICK,0.5597136492671929,1,3,1.1684,KICK,0.0
9959,Team 11,40,9,PUNT,,,-0.02,-0.02,KICK,0.5999
9960,Team 16,82,8,PUNT,,,-0.356,-0.356,PUNT,0.0
9961,Team 10,27,6,KICK,0.7464939833376621,1,3,1.9779,KICK,0.0
9962,Team 02,72,10,PUNT,,,-0.276,-0.276,PUNT,0.0
9963,Team 01,70,12,PUNT,,,-0.26,-0.26,PUNT,0.0
9964,Team 08,14,7,GO,0.3651035350617658,0,-1.48,1.0465,KICK,1.6483
9965,Team 14,29,8,KICK,0.7047456979980911,1,3,1.8001,KICK,0.0
9966,Team 15,78,4,PUNT,,,-0.324,-0.324,GO,0.3547
9967,Team 07,10,8,KICK,0.9460888925720083,1,3,2.7973,KICK,0.0
9968,Team 09,26,1,GO,0.7541967228490082,0,-1.72,3.318,GO,0.0
9969,Team 10,20,15,KICK,0.8599650843722273,1,3,2.4511,KICK,0.0
9970,Team 04,35,12,KICK,0.5597136492671929,1,3,1.1684,KICK,0.0
9971,Team 16,13,6,KICK,0.9275735146384823,1,3,2.7242,KICK,0.0
9972,Team 11,16,9,KICK,0.903348789058409,1,3,2.6273,KICK,0.0
9973,Team 03,83,9,PUNT,,,-0.364,-0.364,PUNT,0.0
9974,Team 14,61,9,KICK,0.0765621973518122,0,-1.576,-1.2257,PUNT,1.0377
9975,Team 14,47,3,GO,0.532114204592694,0,-2.14,1.191,GO,0.0
9976,Team 04,61,15,PUNT,,,-0.188,-0.188,PUNT,0.0
9977,Team 04,70,9,PUNT,,,-0.26,-0.26,PUNT,0.0
9978,Team 07,58,5,GO,0.5484769739869401,0,-2.36,0.9528,GO,0.0
9979,Team 03,47,15,PUNT,,,-0.076,-0.076,PUNT,0.0
9980,Team 13,25,5,GO,0.5882421741646358,1,5.0,2.2412,GO,0.0
9981,Team 05,51,9,PUNT,,,-0.108,-0.108,PUNT,0.0
9982,Team 10,47,8,PUNT,,,-0.076,-0.076,PUNT,0.0
9983,Team 15,31,7,KICK,0.6592603884513855,0,-1.096,1.6043,KICK,0.0
9984,Team 10,24,11,KICK,0.8013892651145572,1,3,2.2087,KICK,0.0
9985,Team 10,10,5,KICK,0.9460888925720083,1,3,2.7973,KICK,0.0
9986,Team 15,20,6,KICK,0.8599650843722273,1,3,2.4511,KICK,0.0
9987,Team 10,29,6,KICK,0.7047456979980911,1,3,1.8001,KICK,0.0
9988,Team 16,21,6,KICK,0.8468362842349139,1,3,2.3971,KICK,0.0
9989,Team 16,44,14,KICK,0.33070459722255413,0,-1.304,0.1194,KICK,0.0
9990,Team 09,61,4,GO,0.6132802431683475,1,3.56,1.2474,GO,0.0
9991,Team 05,15,14,KICK,0.9121360851706988,1,3,2.6626,KICK,0.0
9992,Team 03,34,15,KICK,0.5854045691294653,1,3,1.2819,KICK,0.0
9993,Team 11,46,2,GO,0.48817701060294577,1,4.16,0.9458,GO,0.0
9994,Team 05,88,6,GO,0.36883363288543497,0,-2.96,-0.9535,PUNT,0.5495
9995,Team 13,15,8,KICK,0.9121360851706988,1,3,2.6626,KICK,0.0
9996,Team 16,41,14,KICK,0.40371730070321227,1,3,0.4622,KICK,0.0
9997,Team 10,34,10,GO,0.1552173537244101,0,-1.88,-0.868,KICK,2.1499
9998,Team 03,78,11,PUNT,,,-0.324,-0.324,PUNT,0.0
9999,Team 01,66,10,PUNT,,,-0.228,-0.228,PUNT,0.0
10000,Team 14,40,1,GO,0.6384478943768523,0,-2.0,2.0861,GO,0.0
10001,Team 14,68,8,PUNT,,,-0.244,-0.244,PUNT,0.0
10002,Team 08,36,15,PUNT,,,0.012,0.012,KICK,1.0407
10003,Team 05,13,9,KICK,0.9275735146384823,1,3,2.7242,KICK,0.0
10004,Team 10,13,10,KICK,0.9275735146384823,1,3,2.7242,KICK,0.0
10005,Team 07,16,12,KICK,0.903348789058409,0,-0.856,2.6273,KICK,0.0
10006,Team 14,76,9,PUNT,,,-0.308,-0.308,PUNT,0.0
10007,Team 02,29,14,KICK,0.7047456979980911,1,3,1.8001,KICK,0.0
10008,Team 04,42,10,KICK,0.37871640480893237,0,-1.272,0.3459,KICK,0.0
10009,Team 03,47,5,GO,0.38529290273260947,0,-2.14,0.2719,GO,0.0
10010,Team 06,49,9,KICK,0.22618142573054625,0,-1.384,-0.3924,PUNT,0.3004
10011,Team 15,54,7,GO,0.3360919074183416,0,-2.28,-0.2231,PUNT,0.0911
10012,Team 14,33,13,KICK,0.610639233949222,0,-1.128,1.3927,KICK,0.0
10013,Team 03,87,12,PUNT,,,-0.396,-0.396,PUNT,0.0
10014,Team 06,40,15,KICK,0.42922838810550845,0,-1.24,0.5799,KICK,0.0
10015,Team 10,20,8,KICK,0.8599650843722273,1,3,2.4511,KICK,0.0
10016,Team 12,10,5,KICK,0.9460888925720083,1,3,2.7973,KICK,0.0
10017,Team 13,79,12,PUNT,,,-0.332,-0.332,PUNT,0.0
10018,Team 08,63,7,PUNT,,,-0.204,-0.204,PUNT,0.0
10019,Team 10,59,14,KICK,0.09279295311715706,0,-1.544,-1.1223,PUNT,0.9503
10020,Team 16,69,15,PUNT,,,-0.252,-0.252,PUNT,0.0
10021,Team 12,54,6,GO,0.5115352589374579,1,3.84,0.8506,GO,0.0
10022,Team 15,77,9,PUNT,,,-0.316,-0.316,PUNT,0.0
10023,Team 14,52,14,PUNT,,,-0.116,-0.116,PUNT,0.0
10024,Team 02,62,11,PUNT,,,-0.196,-0.196,PUNT,0.0
10025,Team 15,90,9,PUNT,,,-0.42,-0.42,PUNT,0.0
10026,Team 08,11,4,KICK,0.9404756340234984,1,3,2.7752,KICK,0.0
10027,Team 02,88,1,GO,0.6669163928212177,0,-2.96,0.668,GO,0.0
10028,Team 09,74,10,PUNT,,,-0.292,-0.292,PUNT,0.0
10029,Team 02,64,12,PUNT,,,-0.212,-0.212,PUNT,0.0
10030,Team 16,19,12,KICK,0.8721384336809187,1,3,2.5008,KICK,0.0
10031,Team 16,74,1,GO,0.7179431443239072,1,3.04,1.4266,GO,0.0
10032,Team 09,22,15,KICK,0.8327160444615168,1,3,2.3389,KICK,0.0
10033,Team 12,33,7,GO,0.4566464446563816,0,-1.86,1.1265,KICK,0.2663
10034,Team 11,41,14,KICK,0.40371730070321227,0,-1.256,0.4622,KICK,0.0
10035,Team 15,46,15,KICK,0.2859777732226985,1,3,-0.096,PUNT,0.028
10036,Team 15,48,14,PUNT,,,-0.084,-0.084,PUNT,0.0
10037,Team 01,40,5,KICK,0.42922838810550845,1,3,0.5799,GO,0.4536
10038,Team 05,34,11,KICK,0.5854045691294653,1,3,1.2819,KICK,0.0
10039,Team 07,52,15,PUNT,,,-0.116,-0.116,PUNT,0.0
10040,Team 03,27,10,KICK,0.7464939833376621,1,3,1.9779,KICK,0.0
10041,Team 10,27,14,KICK,0.7464939833376621,1,3,1.9779,KICK,0.0
10042,Team 05,55,2,GO,0.5848647368258585,0,-2.3,1.2677,GO,0.0
10043,Team 10,55,8,KICK,0.13470305195202817,0,-1.48,-0.8765,PUNT,0.7365
10044,Team 08,19,2,GO,0.6333740470762804,1,5.24,2.7396,GO,0.0
10045,Team 07,43,9,PUNT,,,-0.044,-0.044,KICK,0.2754
10046,Team 15,47,9,KICK,0.2650274005334813,0,-1.352,-0.1986,PUNT,0.1226
10047,Team 10,53,14,KICK,0.1611089495765853,0,-1.448,-0.7314,PUNT,0.6074
10048,Team 15,78,14,PUNT,,,-0.324,-0.324,PUNT,0.0
10049,Team 15,37,12,KICK,0.5074994375506204,1,3,0.9354,KICK,0.0
10050,Team 16,40,7,GO,0.40474845952406324,0,-2.0,0.5904,GO,0.0
10051,Team 02,69,6,GO,0.39993670574892176,0,-2.58,-0.2524,PUNT,0.0004
10052,Team 15,27,7,KICK,0.7464939833376621,1,3,1.9779,KICK,0.0
10053,Team 06,63,13,PUNT,,,-0.204,-0.204,PUNT,0.0
10054,Team 04,78,14,PUNT,,,-0.324,-0.324,PUNT,0.0
10055,Team 07,31,5,GO,0.5484769739869401,1,4.76,1.789,GO,0.0
10056,Team 06,29,13,KICK,0.7047456979980911,1,3,1.8001,KICK,0.0
10057,Team 15,23,3,GO,0.5496461081640299,1,5.08,2.0446,KICK,0.2315
10058,Team 01,70,15,PUNT,,,-0.26,-0.26,PUNT,0.0
10059,Team 16,59,8,PUNT,,,-0.172,-0.172,PUNT,0.0
10060,Team 01,40,10,KICK,0.42922838810550845,0,-1.24,0.5799,KICK,0.0
10061,Team 01,79,6,GO,0.41966938533727444,1,2.84,-0.4215,PUNT,0.0895
10062,Team 14,26,9,KICK,0.7658456258197972,1,3,2.0596,KICK,0.0
10063,Team 16,32,11,KICK,0.6352948493228072,1,3,1.5003,KICK,0.0
10064,Team 15,25,12,KICK,0.7841471891774855,0,-1.0,2.1366,KICK,0.0
10065,Team 05,18,8,KICK,0.8833970308388606,1,3,2.5466,KICK,0.0
10066,Team 06,72,9,PUNT,,,-0.276,-0.276,PUNT,0.0
10067,Team 06,14,5,KICK,0.9201950407592125,1,3,2.6948,KICK,0.0
10068,Team 14,76,12,KICK,0.016873391437354078,0,-1.816,-1.7347,PUNT,1.4267
10069,Team 05,85,4,PUNT,,,-0.38,-0.38,GO,0.0964
10070,Team 07,56,11,GO,0.2449960169720538,0,-2.32,-0.8304,PUNT,0.6824
10071,Team 06,66,9,GO,0.29156836022871013,0,-2.52,-0.8056,PUNT,0.5776
10072,Team 07,62,8,PUNT,,,-0.196,-0.196,GO,0.0547
10073,Team 12,31,1,GO,0.7588068543713931,0,-1.82,3.1729,GO,0.0
10074,Team 03,12,12,KICK,0.9343184948673792,1,3,2.7509,KICK,0.0
10075,Team 08,50,10,PUNT,,,-0.1,-0.1,PUNT,0.0
10076,Team 07,78,7,PUNT,,,-0.324,-0.324,GO,0.0396
10077,Team 07,66,6,GO,0.4936300767509541,0,-2.52,0.3825,GO,0.0
10078,Team 10,75,9,PUNT,,,-0.3,-0.3,PUNT,0.0
10079,Team 06,34,6,KICK,0.5854045691294653,1,3,1.2819,KICK,0.0
10080,Team 03,23,3,KICK,0.8175744761936437,1,3,2.2761,KICK,0.0
10081,Team 08,20,1,GO,0.682810727672691,1,5.2,3.0431,GO,0.0
10082,Team 06,62,9,PUNT,,,-0.196,-0.196,PUNT,0.0
10083,Team 02,31,9,KICK,0.6592603884513855,1,3,1.6043,KICK,0.0
10084,Team 15,49,3,GO,0.5496461081640299,1,4.04,1.2388,GO,0.0
10085,Team 08,39,15,KICK,0.45512110762641994,1,3,0.6984,KICK,0.0
10086,Team 05,67,5,GO,0.42135247739455595,0,-2.54,-0.0709,GO,0.0
10087,Team 10,34,12,PUNT,,,0.028,0.028,KICK,1.2539
10088,Team 01,19,9,KICK,0.8721384336809187,1,3,2.5008,KICK,0.0
10089,Team 01,85,12,PUNT,,,-0.38,-0.38,PUNT,0.0
10090,Team 11,29,4,KICK,0.7047456979980911,1,3,1.8001,KICK,0.0
10091,Team 05,86,5,PUNT,,,-0.388,-0.388,PUNT,0.0
10092,Team 14,81,5,PUNT,,,-0.348,-0.348,PUNT,0.0
10093,Team 07,90,3,GO,0.6535134081523024,1,2.4,0.529,GO,0.0
10094,Team 06,60,4,GO,0.55285699926031,0,-2.4,0.9171,GO,0.0
10095,Team 01,44,2,GO,0.6354962284153843,1,4.24,1.9363,GO,0.0
10096,Team 04,33,2,GO,0.5733178358600778,1,4.68,1.8895,GO,0.0
10097,Team 08,16,2,GO,0.6333740470762804,0,-1.52,2.8376,GO,0.0
10098,Team 03,42,2,KICK,0.37871640480893237,1,3,0.3459,GO,1.0998
10099,Team 07,82,13,PUNT,,,-0.356,-0.356,PUNT,0.0
10100,Team 05,80,7,KICK,0.011151137398568576,0,-1.88,-1.8256,PUNT,1.4856
10101,Team 05,65,8,GO,0.2734429893849809,0,-2.5,-0.8867,PUNT,0.6667
10102,Team 16,89,15,PUNT,,,-0.412,-0.412,PUNT,0.0
10103,Team 07,19,8,KICK,0.8721384336809187,1,3,2.5008,KICK,0.0
10104,Team 02,21,7,KICK,0.8468362842349139,1,3,2.3971,KICK,0.0
10105,Team 12,64,8,PUNT,,,-0.212,-0.212,GO,0.1165
10106,Team 04,84,5,PUNT,,,-0.372,-0.372,PUNT,0.0
10107,Team 14,63,11,GO,0.1636433047915109,0,-2.46,-1.488,PUNT,1.284
10108,Team 10,85,5,PUNT,,,-0.38,-0.38,PUNT,0.0
10109,Team 03,44,6,PUNT,,,-0.052,-0.052,KICK,0.1714
10110,Team 02,76,3,PUNT,,,-0.308,-0.308,GO,0.7871
10111,Team 05,26,14,KICK,0.7658456258197972,1,3,2.0596,KICK,0.0
10112,Team 01,50,15,KICK,0.20833350927014557,0,-1.4,-0.4833,PUNT,0.3833
10113,Team 10,80,6,GO,0.3069849581582148,0,-2.8,-1.0809,PUNT,0.7409
10114,Team 07,40,9,KICK,0.42922838810550845,1,3,0.5799,KICK,0.0
10115,Team 03,29,8,KICK,0.7047456979980911,1,3,1.8001,KICK,0.0
10116,Team 06,66,11,PUNT,,,-0.228,-0.228,PUNT,0.0
10117,Team 08,22,5,KICK,0.8327160444615168,1,3,2.3389,KICK,0.0
10118,Team 13,60,1,GO,0.7749896631651041,1,3.6,2.2499,GO,0.0
10119,Team 08,73,13,PUNT,,,-0.284,-0.284,PUNT,0.0
10120,Team 06,52,4,GO,0.55285699926031,1,3.92,1.1656,GO,0.0
10121,Team 16,76,10,GO,0.26004815453768654,0,-2.72,-1.2429,PUNT,0.9349
10122,Team 12,16,4,GO,0.6191988694215159,0,-1.52,2.7401,GO,0.0
10123,Team 07,39,15,KICK,0.45512110762641994,1,3,0.6984,KICK,0.0
10124,Team 09,71,2,GO,0.7111799598144781,1,3.16,1.4906,GO,0.0
10125,Team 09,49,12,GO,0.2143538594376484,0,-2.18,-0.8467,PUNT,0.7547
10126,Team 08,43,14,KICK,0.35434369377420466,0,-1.288,0.2314,KICK,0.0
10127,Team 03,74,15,PUNT,,,-0.292,-0.292,PUNT,0.0
10128,Team 12,25,3,GO,0.6695497215555487,1,5.0,2.786,GO,0.0
10129,Team 08,39,9,KICK,0.45512110762641994,1,3,0.6984,KICK,0.0
10130,Team 08,86,9,PUNT,,,-0.388,-0.388,PUNT,0.0
10131,Team 01,81,2,GO,0.6354962284153843,1,2.76,0.7261,GO,0.0
10132,Team 14,33,6,GO,0.37019832268003167,1,4.68,0.5611,KICK,0.8316
10133,Team 13,38,12,KICK,0.4812587841214649,1,3,0.8171,KICK,0.0
10134,Team 15,12,12,KICK,0.9343184948673792,1,3,2.7509,KICK,0.0
10135,Team 02,67,9,GO,0.2562161887145722,0,-2.54,-1.0386,PUNT,0.8026
10136,Team 02,25,6,KICK,0.7841471891774855,1,3,2.1366,KICK,0.0
10137,Team 03,51,4,GO,0.4385270604912484,1,3.96,0.4901,GO,0.0
10138,Team 16,50,5,GO,0.5135670971823116,1,4.0,0.9841,GO,0.0
10139,Team 08,65,5,GO,0.4717100045295637,1,3.4,0.2831,GO,0.0
10140,Team 12,61,9,PUNT,,,-0.188,-0.188,PUNT,0.0
10141,Team 03,51,6,PUNT,,,-0.108,-0.108,PUNT,0.0
10142,Team 03,37,3,KICK,0.5074994375506204,0,-1.192,0.9354,GO,0.3107
10143,Team 05,23,3,KICK,0.8175744761936437,1,3,2.2761,KICK,0.0
10144,Team 16,36,5,GO,0.5135670971823116,1,4.56,1.4079,GO,0.0
10145,Team 08,20,6,KICK,0.8599650843722273,0,-0.92,2.4511,KICK,0.0
10146,Team 16,30,1,GO,0.7179431443239072,1,4.8,2.9384,GO,0.0
10147,Team 15,78,5,GO,0.4400992987044506,0,-2.76,-0.2778,GO,0.0
10148,Team 03,18,4,KICK,0.8833970308388606,1,3,2.5466,KICK,0.0
10149,Team 12,70,7,GO,0.4566464446563816,0,-2.6,0.0485,GO,0.0
10150,Team 08,33,9,KICK,0.610639233949222,0,-1.128,1.3927,KICK,0.0
10151,Team 08,77,13,KICK,0.015217121208656311,0,-1.832,-1.7585,PUNT,1.4425
10152,Team 13,66,12,PUNT,,,-0.228,-0.228,PUNT,0.0
10153,Team 08,51,5,GO,0.4717100045295637,1,3.96,0.6952,GO,0.0
10154,Team 11,90,12,PUNT,,,-0.42,-0.42,PUNT,0.0
10155,Team 09,77,14,PUNT,,,-0.316,-0.316,PUNT,0.0
10156,Team 16,80,14,PUNT,,,-0.34,-0.34,PUNT,0.0
10157,Team 05,61,13,PUNT,,,-0.188,-0.188,PUNT,0.0
10158,Team 08,47,13,PUNT,,,-0.076,-0.076,PUNT,0.0
10159,Team 15,81,15,PUNT,,,-0.348,-0.348,PUNT,0.0
10160,Team 16,58,4,GO,0.5681437558388193,1,3.68,1.0716,GO,0.0
10161,Team 08,12,8,KICK,0.9343184948673792,1,3,2.7509,KICK,0.0
10162,Team 01,44,12,KICK,0.33070459722255413,0,-1.304,0.1194,KICK,0.0
10163,Team 08,29,12,KICK,0.7047456979980911,1,3,1.8001,KICK,0.0
10164,Team 10,17,14,KICK,0.8937850083248244,1,3,2.5887,KICK,0.0
10165,Team 10,51,1,GO,0.570954621992401,1,3.96,1.3085,GO,0.0
10166,Team 16,52,6,GO,0.45866498212655793,0,-2.24,0.5854,GO,0.0
10167,Team 11,45,12,KICK,0.3078904956982119,0,-1.32,0.0101,KICK,0.0
10168,Team 02,48,2,GO,0.6163941829217663,1,4.08,1.6863,GO,0.0
10169,Team 15,68,15,PUNT,,,-0.244,-0.244,PUNT,0.0
10170,Team 15,50,4,GO,0.4948104192229929,0,-2.2,0.8678,GO,0.0
10171,Team 11,27,4,KICK,0.7464939833376621,1,3,1.9779,KICK,0.0
10172,Team 07,77,8,GO,0.3856863695078365,0,-2.74,-0.557,PUNT,0.241
10173,Team 01,12,11,KICK,0.9343184948673792,1,3,2.7509,KICK,0.0
10174,Team 07,88,8,PUNT,,,-0.404,-0.404,PUNT,0.0
10175,Team 02,24,9,KICK,0.8013892651145572,0,-0.984,2.2087,KICK,0.0
10176,Team 07,37,11,KICK,0.5074994375506204,0,-1.192,0.9354,KICK,0.0
10177,Team 03,19,7,KICK,0.8721384336809187,1,3,2.5008,KICK,0.0
10178,Team 11,26,11,KICK,0.7658456258197972,1,3,2.0596,KICK,0.0
10179,Team 10,32,12,KICK,0.6352948493228072,0,-1.112,1.5003,KICK,0.0
10180,Team 09,53,15,PUNT,,,-0.124,-0.124,PUNT,0.0
10181,Team 15,66,7,GO,0.3360919074183416,0,-2.52,-0.5438,PUNT,0.3158
10182,Team 12,56,13,PUNT,,,-0.148,-0.148,PUNT,0.0
10183,Team 10,85,7,PUNT,,,-0.38,-0.38,PUNT,0.0
10184,Team 13,63,9,GO,0.3720816900525986,1,3.48,-0.2498,PUNT,0.0458
10185,Team 10,45,1,KICK,0.3078904956982119,0,-1.32,0.0101,GO,1.4869
10186,Team 03,71,2,GO,0.5480655976092276,1,3.16,0.5478,GO,0.0
10187,Team 02,51,12,KICK,0.19154534856146757,0,-1.416,-0.5701,PUNT,0.4621
10188,Team 04,20,9,KICK,0.8599650843722273,1,3,2.4511,KICK,0.0
10189,Team 06,21,12,KICK,0.8468362842349139,1,3,2.3971,KICK,0.0
10190,Team 01,61,14,PUNT,,,-0.188,-0.188,PUNT,0.0
10191,Team 02,86,13,PUNT,,,-0.388,-0.388,PUNT,0.0
10192,Team 09,87,9,GO,0.34550014746396424,0,-2.94,-1.0536,PUNT,0.6576
10193,Team 15,10,11,KICK,0.9460888925720083,1,3,2.7973,KICK,0.0
10194,Team 03,14,12,KICK,0.9201950407592125,1,3,2.6948,KICK,0.0
10195,Team 07,66,6,PUNT,,,-0.228,-0.228,GO,0.6105
10196,Team 13,42,12,KICK,0.37871640480893237,1,3,0.3459,KICK,0.0
10197,Team 12,89,12,PUNT,,,-0.412,-0.412,PUNT,0.0
10198,Team 09,43,5,GO,0.5599900585150124,0,-2.06,1.4903,GO,0.0
10199,Team 03,56,9,PUNT,,,-0.148,-0.148,PUNT,0.0
10200,Team 07,46,9,KICK,0.2859777732226985,1,3,-0.096,GO,0.08
10201,Team 14,83,2,GO,0.5862862634331419,1,2.68,0.388,GO,0.0
10202,Team 13,75,13,PUNT,,,-0.3,-0.3,PUNT,0.0
10203,Team 16,41,12,KICK,0.40371730070321227,1,3,0.4622,KICK,0.0
10204,Team 13,83,12,PUNT,,,-0.364,-0.364,PUNT,0.0
10205,Team 16,51,13,KICK,0.19154534856146757,0,-1.416,-0.5701,PUNT,0.4621
10206,Team 13,50,13,GO,0.19729350377214794,0,-2.2,-0.9768,PUNT,0.8768
10207,Team 15,49,9,KICK,0.22618142573054625,0,-1.384,-0.3924,PUNT,0.3004
10208,Team 12,58,8,GO,0.402790649617937,0,-2.36,0.0729,GO,0.0
10209,Team 16,90,2,GO,0.6713465706923882,1,2.4,0.6253,GO,0.0
10210,Team 11,51,11,PUNT,,,-0.108,-0.108,PUNT,0.0
10211,Team 01,55,3,GO,0.583186768451493,1,3.8,1.2574,GO,0.0
10212,Team 05,52,15,KICK,0.175809597088929,0,-1.432,-0.6528,PUNT,0.5368
10213,Team 10,27,10,KICK,0.7464939833376621,1,3,1.9779,KICK,0.0
10214,Team 12,39,11,KICK,0.45512110762641994,1,3,0.6984,KICK,0.0
10215,Team 12,65,14,PUNT,,,-0.22,-0.22,PUNT,0.0
10216,Team 01,76,6,GO,0.41966938533727444,1,2.96,-0.3363,PUNT,0.0283
10217,Team 12,18,8,KICK,0.8833970308388606,1,3,2.5466,KICK,0.0
10218,Team 13,45,7,GO,0.4791878692587739,1,4.2,0.9189,GO,0.0
10219,Team 12,24,15,KICK,0.8013892651145572,1,3,2.2087,KICK,0.0
10220,Team 13,11,12,KICK,0.9404756340234984,1,3,2.7752,KICK,0.0
10221,Team 11,33,11,KICK,0.610639233949222,1,3,1.3927,KICK,0.0
10222,Team 09,57,11,PUNT,,,-0.156,-0.156,PUNT,0.0
10223,Team 12,42,8,GO,0.402790649617937,0,-2.04,0.5217,GO,0.0
10224,Team 05,34,14,KICK,0.5854045691294653,0,-1.144,1.2819,KICK,0.0
10225,Team 12,40,5,GO,0.5661473020656971,0,-2.0,1.6233,GO,0.0
10226,Team 11,22,13,KICK,0.8327160444615168,1,3,2.3389,KICK,0.0
10227,Team 08,52,1,GO,0.682810727672691,0,-2.24,1.9661,GO,0.0
10228,Team 06,63,15,PUNT,,,-0.204,-0.204,PUNT,0.0
10229,Team 07,87,15,PUNT,,,-0.396,-0.396,PUNT,0.0
10230,Team 07,40,6,GO,0.4936300767509541,1,4.4,1.1592,GO,0.0
10231,Team 05,83,14,PUNT,,,-0.364,-0.364,PUNT,0.0
10232,Team 05,59,6,PUNT,,,-0.172,-0.172,GO,0.0124
10233,Team 12,88,15,PUNT,,,-0.404,-0.404,PUNT,0.0
10234,Team 10,18,7,KICK,0.8833970308388606,0,-0.888,2.5466,KICK,0.0
10235,Team 04,24,15,KICK,0.8013892651145572,1,3,2.2087,KICK,0.0
10236,Team 03,31,15,KICK,0.6592603884513855,1,3,1.6043,KICK,0.0
10237,Team 13,62,6,GO,0.5341227138507878,1,3.52,0.7434,GO,0.0
10238,Team 16,59,6,GO,0.45866498212655793,1,3.64,0.3812,GO,0.0
10239,Team 05,18,4,KICK,0.8833970308388606,1,3,2.5466,KICK,0.0
10240,Team 11,70,11,PUNT,,,-0.26,-0.26,PUNT,0.0
10241,Team 05,56,3,GO,0.5306555509303387,0,-2.32,0.9064,GO,0.0
10242,Team 08,15,14,KICK,0.9121360851706988,0,-0.84,2.6626,KICK,0.0
10243,Team 08,84,11,GO,0.19258798623969967,0,-2.88,-1.8169,PUNT,1.4449
10244,Team 04,59,11,PUNT,,,-0.172,-0.172,PUNT,0.0
10245,Team 01,26,8,KICK,0.7658456258197972,1,3,2.0596,KICK,0.0
10246,Team 13,46,10,PUNT,,,-0.068,-0.068,PUNT,0.0
10247,Team 05,38,11,KICK,0.4812587841214649,1,3,0.8171,KICK,0.0
10248,Team 11,14,2,KICK,0.9201950407592125,1,3,2.6948,KICK,0.0
10249,Team 12,89,5,GO,0.5661473020656971,1,2.44,0.0885,GO,0.0
10250,Team 05,13,8,KICK,0.9275735146384823,1,3,2.7242,KICK,0.0
10251,Team 06,55,3,GO,0.6064038791149935,0,-2.3,1.3991,GO,0.0
10252,Team 08,16,10,KICK,0.903348789058409,1,3,2.6273,KICK,0.0
10253,Team 04,37,4,KICK,0.5074994375506204,1,3,0.9354,GO,0.1214
10254,Team 15,43,14,PUNT,,,-0.044,-0.044,KICK,0.2754
10255,Team 08,72,1,PUNT,,,-0.276,-0.276,GO,1.569
10256,Team 09,81,1,GO,0.7541967228490082,1,2.76,1.3884,GO,0.0
10257,Team 04,32,3,GO,0.5188412894570203,1,4.72,1.5636,GO,0.0
10258,Team 01,31,15,KICK,0.6592603884513855,0,-1.096,1.6043,KICK,0.0
10259,Team 13,77,10,PUNT,,,-0.316,-0.316,PUNT,0.0
10260,Team 08,20,1,GO,0.682810727672691,0,-1.6,3.0431,GO,0.0
10261,Team 14,36,9,KICK,0.533698835432901,1,3,1.0527,KICK,0.0
10262,Team 03,84,9,GO,0.2063380030522642,1,2.64,-1.741,PUNT,1.369
10263,Team 06,67,5,GO,0.4980552402097736,0,-2.54,0.3786,GO,0.0
10264,Team 04,24,15,PUNT,,,0.108,0.108,KICK,2.1007
10265,Team 14,63,8,GO,0.2746082927331906,0,-2.46,-0.8288,PUNT,0.6248
10266,Team 16,69,10,PUNT,,,-0.252,-0.252,PUNT,0.0
10267,Team 13,88,3,GO,0.6892688541839076,0,-2.96,0.7896,GO,0.0
10268,Team 04,27,6,KICK,0.7464939833376621,1,3,1.9779,KICK,0.0
10269,Team 06,26,11,KICK,0.7658456258197972,1,3,2.0596,KICK,0.0
10270,Team 07,28,11,KICK,0.7261149812607792,1,3,1.8913,KICK,0.0
10271,Team 10,89,7,PUNT,,,-0.412,-0.412,PUNT,0.0
10272,Team 06,16,7,PUNT,,,0.172,0.172,KICK,2.4553
10273,Team 12,49,4,GO,0.6191988694215159,0,-2.18,1.6714,GO,0.0
10274,Team 01,51,2,GO,0.6354962284153843,0,-2.22,1.7074,GO,0.0
10275,Team 13,64,12,PUNT,,,-0.212,-0.212,PUNT,0.0
10276,Team 02,13,14,KICK,0.9275735146384823,0,-0.808,2.7242,KICK,0.0
10277,Team 01,24,13,KICK,0.8013892651145572,1,3,2.2087,KICK,0.0
10278,Team 12,42,13,KICK,0.37871640480893237,0,-1.272,0.3459,KICK,0.0
10279,Team 15,30,9,KICK,0.6824383021930649,1,3,1.7043,KICK,0.0
10280,Team 08,27,11,KICK,0.7464939833376621,1,3,1.9779,KICK,0.0
10281,Team 07,76,10,PUNT,,,-0.308,-0.308,PUNT,0.0
10282,Team 10,15,7,KICK,0.9121360851706988,1,3,2.6626,KICK,0.0
10283,Team 13,51,1,GO,0.7749896631651041,1,3.96,2.5694,GO,0.0
10284,Team 07,52,11,KICK,0.175809597088929,0,-1.432,-0.6528,PUNT,0.5368
10285,Team 07,24,4,GO,0.6021709365103962,1,5.04,2.3666,GO,0.0
10286,Team 05,68,9,PUNT,,,-0.244,-0.244,PUNT,0.0
10287,Team 04,85,13,GO,0.10672880506713711,0,-2.9,-2.313,PUNT,1.933
10288,Team 09,53,12,GO,0.2143538594376484,0,-2.26,-0.9439,PUNT,0.8199
10289,Team 13,28,3,GO,0.6892688541839076,1,4.88,2.8167,GO,0.0
10290,Team 11,24,3,KICK,0.8013892651145572,1,3,2.2087,KICK,0.0
10291,Team 08,17,10,KICK,0.8937850083248244,1,3,2.5887,KICK,0.0
10292,Team 03,80,2,GO,0.5480655976092276,1,2.8,0.2692,GO,0.0
10293,Team 12,85,13,PUNT,,,-0.38,-0.38,PUNT,0.0
10294,Team 09,55,8,PUNT,,,-0.14,-0.14,GO,0.2604
10295,Team 13,23,2,GO,0.7343299545462806,1,5.08,3.2894,GO,0.0
10296,Team 14,10,6,KICK,0.9460888925720083,1,3,2.7973,KICK,0.0
10297,Team 13,87,12,PUNT,,,-0.396,-0.396,PUNT,0.0
10298,Team 04,73,6,GO,0.3578750197347471,1,3.08,-0.6058,PUNT,0.3218
10299,Team 07,59,8,GO,0.3856863695078365,1,3.64,-0.0582,GO,0.0
10300,Team 08,10,14,KICK,0.9460888925720083,1,3,2.7973,KICK,0.0
10301,Team 03,76,5,GO,0.38529290273260947,0,-2.72,-0.5315,PUNT,0.2235
10302,Team 10,68,6,PUNT,,,-0.244,-0.244,PUNT,0.0
10303,Team 09,60,10,PUNT,,,-0.18,-0.18,PUNT,0.0
10304,Team 04,38,7,KICK,0.4812587841214649,0,-1.208,0.8171,KICK,0.0
10305,Team 01,34,13,KICK,0.5854045691294653,0,-1.144,1.2819,KICK,0.0
10306,Team 04,36,7,KICK,0.533698835432901,0,-1.176,1.0527,KICK,0.0
10307,Team 16,46,14,PUNT,,,-0.068,-0.068,PUNT,0.0
10308,Team 08,48,10,PUNT,,,-0.084,-0.084,PUNT,0.0
10309,Team 04,52,12,GO,0.12958882749322279,0,-2.24,-1.4417,PUNT,1.3257
10310,Team 09,70,5,PUNT,,,-0.26,-0.26,GO,0.9079
10311,Team 05,24,6,KICK,0.8013892651145572,1,3,2.2087,KICK,0.0
10312,Team 15,66,8,PUNT,,,-0.228,-0.228,PUNT,0.0
10313,Team 06,57,15,PUNT,,,-0.156,-0.156,PUNT,0.0
10314,Team 11,44,8,KICK,0.33070459722255413,1,3,0.1194,KICK,0.0
10315,Team 14,12,9,KICK,0.9343184948673792,1,3,2.7509,KICK,0.0
10316,Team 16,52,8,PUNT,,,-0.116,-0.116,GO,0.0507
10317,Team 07,41,12,PUNT,,,-0.028,-0.028,KICK,0.4902
10318,Team 07,87,4,PUNT,,,-0.396,-0.396,GO,0.7439
10319,Team 01,52,5,GO,0.4739908119572121,1,3.92,0.6798,GO,0.0
10320,Team 12,39,10,GO,0.30283146014450685,1,4.44,-0.0358,KICK,0.7343
10321,Team 12,31,13,KICK,0.6592603884513855,1,3,1.6043,KICK,0.0
10322,Team 12,60,6,GO,0.5115352589374579,0,-2.4,0.6692,GO,0.0
10323,Team 09,63,5,GO,0.5599900585150124,1,3.48,0.8663,GO,0.0
10324,Team 05,16,3,KICK,0.903348789058409,1,3,2.6273,KICK,0.0
10325,Team 09,13,11,KICK,0.9275735146384823,1,3,2.7242,KICK,0.0
10326,Team 08,76,12,PUNT,,,-0.308,-0.308,PUNT,0.0
10327,Team 02,52,8,KICK,0.175809597088929,0,-1.432,-0.6528,PUNT,0.5368
10328,Team 14,23,14,KICK,0.8175744761936437,1,3,2.2761,KICK,0.0
10329,Team 02,58,12,PUNT,,,-0.164,-0.164,PUNT,0.0
10330,Team 01,65,8,KICK,0.051661435466084885,0,-1.64,-1.4003,PUNT,1.1803
10331,Team 05,80,11,PUNT,,,-0.34,-0.34,PUNT,0.0
10332,Team 01,10,9,KICK,0.9460888925720083,1,3,2.7973,KICK,0.0
10333,Team 06,84,1,PUNT,,,-0.372,-0.372,GO,1.3847
10334,Team 08,69,5,GO,0.4717100045295637,0,-2.58,0.1654,GO,0.0
10335,Team 04,75,4,PUNT,,,-0.3,-0.3,GO,0.2443
10336,Team 09,69,4,GO,0.6132802431683475,1,3.24,0.9893,GO,0.0
10337,Team 08,55,3,GO,0.5809608534948784,0,-2.3,1.2439,GO,0.0
10338,Team 15,39,12,KICK,0.45512110762641994,1,3,0.6984,KICK,0.0
10339,Team 10,72,10,PUNT,,,-0.276,-0.276,PUNT,0.0
10340,Team 03,42,10,KICK,0.37871640480893237,1,3,0.3459,KICK,0.0
10341,Team 12,90,1,PUNT,,,-0.42,-0.42,GO,1.5176
10342,Team 01,81,15,PUNT,,,-0.348,-0.348,PUNT,0.0
10343,Team 16,14,4,GO,0.5681437558388193,1,5.44,2.4516,KICK,0.2433
10344,Team 15,13,6,KICK,0.9275735146384823,1,3,2.7242,KICK,0.0
10345,Team 01,25,14,KICK,0.7841471891774855,1,3,2.1366,KICK,0.0
10346,Team 09,17,5,KICK,0.8937850083248244,1,3,2.5887,KICK,0.0
10347,Team 14,55,7,GO,0.32052370678858894,0,-2.3,-0.3448,PUNT,0.2048
10348,Team 14,33,6,KICK,0.610639233949222,1,3,1.3927,KICK,0.0
10349,Team 11,29,6,KICK,0.7047456979980911,1,3,1.8001,KICK,0.0
10350,Team 06,88,9,GO,0.29156836022871013,1,2.48,-1.3739,PUNT,0.9699
10351,Team 05,22,4,GO,0.47571317758111337,0,-1.64,1.5758,KICK,0.7631
10352,Team 02,54,8,PUNT,,,-0.132,-0.132,PUNT,0.0
10353,Team 03,52,10,PUNT,,,-0.116,-0.116,PUNT,0.0
10354,Team 01,30,7,KICK,0.6824383021930649,1,3,1.7043,KICK,0.0
10355,Team 02,64,8,PUNT,,,-0.212,-0.212,PUNT,0.0
10356,Team 16,45,4,GO,0.5681437558388193,1,4.2,1.4793,GO,0.0
10357,Team 06,39,4,GO,0.55285699926031,1,4.44,1.5693,GO,0.0
10358,Team 12,19,6,KICK,0.8721384336809187,1,3,2.5008,KICK,0.0
10359,Team 10,62,3,GO,0.4615130443401682,1,3.52,0.3106,GO,0.0
10360,Team 11,59,13,PUNT,,,-0.172,-0.172,PUNT,0.0
10361,Team 06,11,5,KICK,0.9404756340234984,1,3,2.7752,KICK,0.0
10362,Team 07,75,15,KICK,0.018706509954354602,0,-1.8,-1.7102,PUNT,1.4102
10363,Team 15,13,13,KICK,0.9275735146384823,1,3,2.7242,KICK,0.0
10364,Team 13,63,3,GO,0.6892688541839076,1,3.48,1.6343,GO,0.0
10365,Team 08,52,7,GO,0.3651035350617658,0,-2.24,0.009,GO,0.0
10366,Team 09,65,9,GO,0.34550014746396424,1,3.4,-0.4615,PUNT,0.2415
10367,Team 13,38,9,KICK,0.4812587841214649,1,3,0.8171,KICK,0.0
10368,Team 13,31,2,GO,0.7343299545462806,1,4.76,3.0119,GO,0.0
10369,Team 01,71,11,PUNT,,,-0.268,-0.268,PUNT,0.0
10370,Team 01,68,11,PUNT,,,-0.244,-0.244,PUNT,0.0
10371,Team 08,80,5,PUNT,,,-0.34,-0.34,GO,0.1816
10372,Team 01,61,9,PUNT,,,-0.188,-0.188,PUNT,0.0
10373,Team 10,44,8,KICK,0.33070459722255413,1,3,0.1194,KICK,0.0
10374,Team 14,21,14,KICK,0.8468362842349139,0,-0.936,2.3971,KICK,0.0
10375,Team 09,33,1,GO,0.7541967228490082,1,4.68,3.0724,GO,0.0
10376,Team 02,48,6,GO,0.39993670574892176,0,-2.16,0.3356,GO,0.0
10377,Team 15,86,1,GO,0.6545818519692127,1,2.56,0.6671,GO,0.0
10378,Team 13,65,5,GO,0.5882421741646358,1,3.4,0.9706,GO,0.0
10379,Team 16,65,15,PUNT,,,-0.22,-0.22,PUNT,0.0
10380,Team 12,27,2,KICK,0.7464939833376621,1,3,1.9779,GO,1.0527
10381,Team 15,22,12,KICK,0.8327160444615168,0,-0.952,2.3389,KICK,0.0
10382,Team 16,10,6,KICK,0.9460888925720083,1,3,2.7973,KICK,0.0
10383,Team 11,39,10,KICK,0.45512110762641994,1,3,0.6984,KICK,0.0
10384,Team 13,42,7,PUNT,,,-0.036,-0.036,GO,1.0436
10385,Team 01,40,11,KICK,0.42922838810550845,0,-1.24,0.5799,KICK,0.0
10386,Team 09,12,15,KICK,0.9343184948673792,1,3,2.7509,KICK,0.0
10387,Team 09,28,8,KICK,0.7261149812607792,1,3,1.8913,KICK,0.0
10388,Team 04,55,12,KICK,0.13470305195202817,0,-1.48,-0.8765,PUNT,0.7365
10389,Team 05,78,4,GO,0.47571317758111337,1,2.88,-0.077,GO,0.0
10390,Team 08,71,15,KICK,0.02819528797014257,0,-1.736,-1.6025,PUNT,1.3345
10391,Team 06,71,14,PUNT,,,-0.268,-0.268,PUNT,0.0
10392,Team 09,87,8,PUNT,,,-0.396,-0.396,PUNT,0.0
10393,Team 13,22,2,GO,0.7343299545462806,1,5.12,3.3241,GO,0.0
10394,Team 09,38,15,PUNT,,,-0.004,-0.004,KICK,0.8211
10395,Team 15,28,6,KICK,0.7261149812607792,1,3,1.8913,KICK,0.0
10396,Team 09,30,15,KICK,0.6824383021930649,1,3,1.7043,KICK,0.0
10397,Team 01,12,7,KICK,0.9343184948673792,1,3,2.7509,KICK,0.0
10398,Team 10,87,8,PUNT,,,-0.396,-0.396,PUNT,0.0
10399,Team 06,46,11,KICK,0.2859777732226985,0,-1.336,-0.096,PUNT,0.028
10400,Team 10,90,13,PUNT,,,-0.42,-0.42,PUNT,0.0
10401,Team 02,26,3,KICK,0.7658456258197972,0,-1.016,2.0596,KICK,0.0
10402,Team 16,36,13,KICK,0.533698835432901,0,-1.176,1.0527,KICK,0.0
10403,Team 12,23,8,KICK,0.8175744761936437,1,3,2.2761,KICK,0.0
10404,Team 04,79,7,PUNT,,,-0.332,-0.332,PUNT,0.0
10405,Team 16,46,6,GO,0.45866498212655793,0,-2.12,0.7604,GO,0.0
10406,Team 14,58,5,GO,0.422781323781126,0,-2.36,0.1936,GO,0.0
10407,Team 15,88,12,PUNT,,,-0.404,-0.404,PUNT,0.0
10408,Team 05,60,10,PUNT,,,-0.18,-0.18,PUNT,0.0
10409,Team 11,72,13,PUNT,,,-0.276,-0.276,PUNT,0.0
10410,Team 07,22,3,KICK,0.8327160444615168,1,3,2.3389,GO,0.4389
10411,Team 11,51,13,PUNT,,,-0.108,-0.108,PUNT,0.0
10412,Team 04,25,14,KICK,0.7841471891774855,1,3,2.1366,KICK,0.0
10413,Team 07,33,12,KICK,0.610639233949222,1,3,1.3927,KICK,0.0
10414,Team 16,54,5,GO,0.5135670971823116,0,-2.28,0.863,GO,0.0
10415,Team 07,62,14,PUNT,,,-0.196,-0.196,PUNT,0.0
10416,Team 06,33,4,GO,0.55285699926031,1,4.68,1.7557,GO,0.0
10417,Team 14,38,7,PUNT,,,-0.004,-0.004,KICK,0.8211
10418,Team 08,47,13,PUNT,,,-0.076,-0.076,PUNT,0.0
10419,Team 15,66,12,PUNT,,,-0.228,-0.228,PUNT,0.0
10420,Team 08,87,3,GO,0.5809608534948784,1,2.52,0.232,GO,0.0
10421,Team 09,10,7,KICK,0.9460888925720083,1,3,2.7973,KICK,0.0
10422,Team 06,35,15,PUNT,,,0.02,0.02,KICK,1.1484
10423,Team 03,41,13,PUNT,,,-0.028,-0.028,KICK,0.4902
10424,Team 07,11,14,KICK,0.9404756340234984,1,3,2.7752,KICK,0.0
10425,Team 14,41,13,PUNT,,,-0.028,-0.028,KICK,0.4902
10426,Team 12,12,2,GO,0.7162933940110477,1,5.52,3.5454,GO,0.0
10427,Team 12,29,13,KICK,0.7047456979980911,1,3,1.8001,KICK,0.0
10428,Team 09,43,7,GO,0.45044365998876706,0,-2.06,0.7958,GO,0.0
10429,Team 02,62,4,GO,0.5085669512394625,1,3.52,0.5911,GO,0.0
10430,Team 10,15,10,KICK,0.9121360851706988,1,3,2.6626,KICK,0.0
10431,Team 10,62,15,PUNT,,,-0.196,-0.196,PUNT,0.0
10432,Team 13,67,14,KICK,0.042289771842033794,0,-1.672,-1.4744,PUNT,1.2384
10433,Team 03,40,15,KICK,0.42922838810550845,1,3,0.5799,KICK,0.0
10434,Team 07,17,1,GO,0.7454553407611428,1,5.32,3.5738,GO,0.0
10435,Team 07,75,11,KICK,0.018706509954354602,0,-1.8,-1.7102,PUNT,1.4102
10436,Team 10,44,8,KICK,0.33070459722255413,0,-1.304,0.1194,KICK,0.0
10437,Team 09,58,11,GO,0.25371834854844727,0,-2.36,-0.8275,PUNT,0.6635
10438,Team 01,49,4,GO,0.5289349488921719,1,4.04,1.11,GO,0.0
10439,Team 15,78,11,PUNT,,,-0.324,-0.324,PUNT,0.0
10440,Team 12,87,5,GO,0.5661473020656971,0,-2.94,0.1512,GO,0.0
10441,Team 15,40,5,GO,0.4400992987044506,0,-2.0,0.8166,GO,0.0
10442,Team 15,28,8,KICK,0.7261149812607792,0,-1.048,1.8913,KICK,0.0
10443,Team 09,74,8,PUNT,,,-0.292,-0.292,PUNT,0.0
10444,Team 06,57,9,KICK,0.11204703855699037,1,3,-1.0064,PUNT,0.8504
10445,Team 06,28,4,KICK,0.7261149812607792,1,3,1.8913,GO,0.0197
10446,Team 11,52,12,PUNT,,,-0.116,-0.116,PUNT,0.0
10447,Team 08,23,14,KICK,0.8175744761936437,0,-0.968,2.2761,KICK,0.0
10448,Team 08,28,4,GO,0.5266544657992237,1,4.88,1.737,KICK,0.1543
10449,Team 11,40,5,GO,0.3301955444039654,0,-2.0,0.1133,KICK,0.4667
10450,Team 04,32,7,KICK,0.6352948493228072,1,3,1.5003,KICK,0.0
10451,Team 12,59,3,GO,0.6695497215555487,1,3.64,1.6507,GO,0.0
10452,Team 11,31,4,KICK,0.6592603884513855,1,3,1.6043,KICK,0.0
10453,Team 07,15,7,KICK,0.9121360851706988,1,3,2.6626,KICK,0.0
10454,Team 13,55,11,PUNT,,,-0.14,-0.14,PUNT,0.0
10455,Team 08,68,3,GO,0.5809608534948784,0,-2.56,0.8328,GO,0.0
10456,Team 05,39,9,KICK,0.45512110762641994,0,-1.224,0.6984,KICK,0.0
10457,Team 07,14,10,KICK,0.9201950407592125,1,3,2.6948,KICK,0.0
10458,Team 16,59,13,GO,0.15371989874615438,0,-2.38,-1.4546,PUNT,1.2826
10459,Team 12,63,14,PUNT,,,-0.204,-0.204,PUNT,0.0
10460,Team 08,35,5,KICK,0.5597136492671929,1,3,1.1684,KICK,0.0
10461,Team 15,81,13,PUNT,,,-0.348,-0.348,PUNT,0.0
10462,Team 11,50,10,PUNT,,,-0.1,-0.1,PUNT,0.0
10463,Team 11,13,7,KICK,0.9275735146384823,1,3,2.7242,KICK,0.0
10464,Team 16,33,9,KICK,0.610639233949222,1,3,1.3927,KICK,0.0
10465,Team 16,43,6,GO,0.45866498212655793,1,4.28,0.8479,GO,0.0
10466,Team 10,42,7,KICK,0.37871640480893237,0,-1.272,0.3459,KICK,0.0
10467,Team 09,66,12,PUNT,,,-0.228,-0.228,PUNT,0.0
10468,Team 10,83,2,GO,0.5164308431129125,1,2.68,0.001,GO,0.0
10469,Team 05,78,14,PUNT,,,-0.324,-0.324,PUNT,0.0
10470,Team 16,67,11,PUNT,,,-0.236,-0.236,PUNT,0.0
10471,Team 15,85,4,GO,0.4948104192229929,1,2.6,-0.1785,GO,0.0
10472,Team 09,16,7,KICK,0.903348789058409,1,3,2.6273,KICK,0.0
10473,Team 01,68,8,GO,0.3177501098281303,0,-2.56,-0.7043,PUNT,0.4603
10474,Team 04,57,7,PUNT,,,-0.156,-0.156,PUNT,0.0
10475,Team 06,46,4,GO,0.55285699926031,1,4.16,1.3519,GO,0.0
10476,Team 11,23,14,KICK,0.8175744761936437,1,3,2.2761,KICK,0.0
10477,Team 08,76,5,KICK,0.016873391437354078,0,-1.816,-1.7347,GO,1.6941
10478,Team 07,15,2,GO,0.7015142308273599,0,-1.5,3.3404,GO,0.0
10479,Team 09,32,12,KICK,0.6352948493228072,1,3,1.5003,KICK,0.0
10480,Team 13,53,5,PUNT,,,-0.124,-0.124,GO,1.4758
10481,Team 03,42,10,KICK,0.37871640480893237,1,3,0.3459,KICK,0.0
10482,Team 14,33,15,KICK,0.610639233949222,1,3,1.3927,KICK,0.0
10483,Team 09,43,11,PUNT,,,-0.044,-0.044,KICK,0.2754
10484,Team 12,56,7,GO,0.4566464446563816,1,3.76,0.4564,GO,0.0
10485,Team 01,56,11,KICK,0.12292695083285751,0,-1.496,-0.9433,PUNT,0.7953
10486,Team 15,73,1,GO,0.6545818519692127,1,3.08,1.0973,GO,0.0
10487,Team 06,50,9,PUNT,,,-0.1,-0.1,PUNT,0.0
10488,Team 13,77,9,PUNT,,,-0.316,-0.316,PUNT,0.0
10489,Team 14,89,9,PUNT,,,-0.412,-0.412,PUNT,0.0
10490,Team 04,83,15,KICK,0.008162571153159897,0,-1.928,-1.8878,PUNT,1.5238
10491,Team 03,10,2,KICK,0.9460888925720083,1,3,2.7973,KICK,0.0
10492,Team 10,32,5,KICK,0.6352948493228072,1,3,1.5003,KICK,0.0
10493,Team 07,46,14,KICK,0.2859777732226985,0,-1.336,-0.096,PUNT,0.028
10494,Team 09,60,5,PUNT,,,-0.18,-0.18,GO,1.1399
10495,Team 02,81,3,GO,0.563227497954577,0,-2.82,0.3228,GO,0.0
10496,Team 03,17,8,KICK,0.8937850083248244,1,3,2.5887,KICK,0.0
10497,Team 02,43,9,KICK,0.35434369377420466,0,-1.288,0.2314,KICK,0.0
10498,Team 02,85,15,PUNT,,,-0.38,-0.38,PUNT,0.0
10499,Team 13,30,14,KICK,0.6824383021930649,1,3,1.7043,KICK,0.0
10500,Team 05,44,2,GO,0.5848647368258585,1,4.24,1.6163,GO,0.0
10501,Team 12,51,6,GO,0.5115352589374579,1,3.96,0.9413,GO,0.0
10502,Team 09,31,4,GO,0.6132802431683475,1,4.76,2.2154,GO,0.0
10503,Team 11,62,15,PUNT,,,-0.196,-0.196,PUNT,0.0
10504,Team 01,89,12,PUNT,,,-0.412,-0.412,PUNT,0.0
10505,Team 15,23,12,KICK,0.8175744761936437,1,3,2.2761,KICK,0.0
10506,Team 10,53,10,KICK,0.1611089495765853,0,-1.448,-0.7314,PUNT,0.6074
10507,Team 03,63,15,PUNT,,,-0.204,-0.204,PUNT,0.0
10508,Team 16,85,7,GO,0.40474845952406324,1,2.6,-0.6739,PUNT,0.2939
10509,Team 10,28,3,KICK,0.7261149812607792,0,-1.048,1.8913,KICK,0.0
10510,Team 12,25,5,KICK,0.7841471891774855,1,3,2.1366,KICK,0.0
10511,Team 09,75,11,PUNT,,,-0.3,-0.3,PUNT,0.0
10512,Team 09,16,4,KICK,0.903348789058409,1,3,2.6273,GO,0.0721
10513,Team 06,77,10,GO,0.24828516880960202,1,2.92,-1.3347,PUNT,1.0187
10514,Team 01,56,15,PUNT,,,-0.148,-0.148,PUNT,0.0
10515,Team 11,75,14,PUNT,,,-0.3,-0.3,PUNT,0.0
10516,Team 05,29,12,KICK,0.7047456979980911,0,-1.064,1.8001,KICK,0.0
10517,Team 15,36,11,KICK,0.533698835432901,0,-1.176,1.0527,KICK,0.0
10518,Team 10,62,14,PUNT,,,-0.196,-0.196,PUNT,0.0
10519,Team 05,20,9,KICK,0.8599650843722273,1,3,2.4511,KICK,0.0
10520,Team 12,48,9,GO,0.35118128519705183,1,4.08,0.0314,GO,0.0
10521,Team 08,67,3,GO,0.5809608534948784,1,3.32,0.8644,GO,0.0
10522,Team 14,83,10,PUNT,,,-0.364,-0.364,PUNT,0.0
10523,Team 12,63,5,GO,0.5661473020656971,0,-2.46,0.9029,GO,0.0
10524,Team 03,59,8,PUNT,,,-0.172,-0.172,PUNT,0.0
10525,Team 15,21,15,KICK,0.8468362842349139,1,3,2.3971,KICK,0.0
10526,Team 05,61,8,PUNT,,,-0.188,-0.188,PUNT,0.0
10527,Team 12,53,13,PUNT,,,-0.124,-0.124,PUNT,0.0
10528,Team 13,19,9,KICK,0.8721384336809187,1,3,2.5008,KICK,0.0
10529,Team 09,59,5,GO,0.5599900585150124,1,3.64,0.9911,GO,0.0
10530,Team 01,73,14,PUNT,,,-0.284,-0.284,PUNT,0.0
10531,Team 07,29,9,KICK,0.7047456979980911,1,3,1.8001,KICK,0.0
10532,Team 04,83,9,PUNT,,,-0.364,-0.364,PUNT,0.0
10533,Team 12,13,8,KICK,0.9275735146384823,1,3,2.7242,KICK,0.0
10534,Team 03,89,15,PUNT,,,-0.412,-0.412,PUNT,0.0
10535,Team 02,58,6,GO,0.39993670574892176,1,3.68,0.0556,GO,0.0
10536,Team 14,35,12,KICK,0.5597136492671929,1,3,1.1684,KICK,0.0
10537,Team 11,86,10,PUNT,,,-0.388,-0.388,PUNT,0.0
10538,Team 11,73,5,PUNT,,,-0.284,-0.284,PUNT,0.0
10539,Team 02,70,5,GO,0.4537008049433731,0,-2.6,0.0315,GO,0.0
10540,Team 11,88,10,PUNT,,,-0.404,-0.404,PUNT,0.0
10541,Team 14,18,5,KICK,0.8833970308388606,0,-0.888,2.5466,KICK,0.0
10542,Team 10,55,5,PUNT,,,-0.14,-0.14,GO,0.0095
10543,Team 01,80,8,PUNT,,,-0.34,-0.34,PUNT,0.0
10544,Team 12,30,1,GO,0.7588068543713931,1,4.8,3.2081,GO,0.0
10545,Team 10,85,5,PUNT,,,-0.38,-0.38,PUNT,0.0
10546,Team 13,59,10,GO,0.3222836779454518,0,-2.38,-0.4399,PUNT,0.2679
10547,Team 04,47,1,GO,0.6260717063282923,0,-2.14,1.7792,GO,0.0
10548,Team 05,69,13,PUNT,,,-0.252,-0.252,PUNT,0.0
10549,Team 06,26,4,KICK,0.7658456258197972,1,3,2.0596,KICK,0.0
10550,Team 14,15,1,KICK,0.9121360851706988,1,3,2.6626,GO,0.2427
10551,Team 09,27,8,GO,0.3967851966138369,0,-1.74,0.9026,KICK,1.0753
10552,Team 07,12,3,GO,0.6535134081523024,1,5.52,3.1085,GO,0.0
10553,Team 13,24,11,KICK,0.8013892651145572,1,3,2.2087,KICK,0.0
10554,Team 01,51,8,KICK,0.19154534856146757,0,-1.416,-0.5701,PUNT,0.4621
10555,Team 09,75,8,PUNT,,,-0.3,-0.3,PUNT,0.0
10556,Team 14,88,13,PUNT,,,-0.404,-0.404,PUNT,0.0
10557,Team 14,23,2,GO,0.5862862634331419,1,5.08,2.2916,GO,0.0
10558,Team 06,50,3,GO,0.6064038791149935,1,4.0,1.5597,GO,0.0
10559,Team 09,49,15,PUNT,,,-0.092,-0.092,PUNT,0.0
10560,Team 15,76,4,PUNT,,,-0.308,-0.308,GO,0.3985
10561,Team 02,76,5,GO,0.4537008049433731,0,-2.72,-0.143,GO,0.0
10562,Team 05,58,1,GO,0.6370946554825867,1,3.68,1.4881,GO,0.0
10563,Team 16,50,14,PUNT,,,-0.1,-0.1,PUNT,0.0
10564,Team 07,35,1,GO,0.7454553407611428,1,4.6,2.9455,GO,0.0
10565,Team 12,54,3,GO,0.6695497215555487,0,-2.28,1.8176,GO,0.0
10566,Team 12,86,15,PUNT,,,-0.388,-0.388,PUNT,0.0
10567,Team 10,35,2,GO,0.5164308431129125,0,-1.9,1.4568,GO,0.0
10568,Team 04,56,12,PUNT,,,-0.148,-0.148,PUNT,0.0
10569,Team 12,54,11,PUNT,,,-0.132,-0.132,PUNT,0.0
10570,Team 06,83,15,PUNT,,,-0.364,-0.364,PUNT,0.0
10571,Team 16,28,14,PUNT,,,0.076,0.076,KICK,1.8153
10572,Team 05,27,3,KICK,0.7464939833376621,0,-1.032,1.9779,KICK,0.0
10573,Team 06,10,9,KICK,0.9460888925720083,1,3,2.7973,KICK,0.0
10574,Team 11,30,5,KICK,0.6824383021930649,1,3,1.7043,KICK,0.0
10575,Team 04,38,6,GO,0.3578750197347471,1,4.48,0.3447,KICK,0.4724
10576,Team 06,72,15,PUNT,,,-0.276,-0.276,PUNT,0.0
10577,Team 06,58,3,GO,0.6064038791149935,1,3.68,1.3027,GO,0.0
10578,Team 05,40,1,GO,0.6370946554825867,0,-2.0,2.0774,GO,0.0
10579,Team 09,20,5,KICK,0.8599650843722273,1,3,2.4511,KICK,0.0
10580,Team 06,17,13,KICK,0.8937850083248244,1,3,2.5887,KICK,0.0
10581,Team 08,54,4,GO,0.5266544657992237,0,-2.28,0.9431,GO,0.0
10582,Team 13,72,3,GO,0.6892688541839076,0,-2.64,1.3302,GO,0.0
10583,Team 15,67,4,GO,0.4948104192229929,0,-2.54,0.3596,GO,0.0
10584,Team 11,77,15,KICK,0.015217121208656311,0,-1.832,-1.7585,PUNT,1.4425
10585,Team 16,29,2,KICK,0.7047456979980911,0,-1.064,1.8001,GO,0.8642
10586,Team 02,29,2,GO,0.6163941829217663,1,4.84,2.3005,GO,0.0
10587,Team 04,68,6,PUNT,,,-0.244,-0.244,PUNT,0.0
10588,Team 15,76,3,KICK,0.016873391437354078,0,-1.816,-1.7347,GO,2.1367
10589,Team 08,43,13,KICK,0.35434369377420466,0,-1.288,0.2314,KICK,0.0
10590,Team 02,45,15,KICK,0.3078904956982119,0,-1.32,0.0101,KICK,0.0
10591,Team 15,23,1,GO,0.6545818519692127,1,5.08,2.7519,GO,0.0
10592,Team 10,22,2,GO,0.5164308431129125,1,5.12,1.8511,KICK,0.4878
10593,Team 06,52,2,GO,0.6575107676168527,1,3.92,1.8103,GO,0.0
10594,Team 04,66,13,PUNT,,,-0.228,-0.228,PUNT,0.0
10595,Team 06,18,7,GO,0.3898889396292549,0,-1.56,1.1068,KICK,1.4398
10596,Team 15,36,2,GO,0.6033015971633345,0,-1.92,1.9894,GO,0.0
10597,Team 03,60,4,GO,0.4385270604912484,0,-2.4,0.2312,GO,0.0
10598,Team 02,26,10,KICK,0.7658456258197972,0,-1.016,2.0596,KICK,0.0
10599,Team 12,10,2,GO,0.7162933940110477,0,-1.4,3.6141,GO,0.0
10600,Team 12,37,9,KICK,0.5074994375506204,1,3,0.9354,KICK,0.0
10601,Team 03,31,2,KICK,0.6592603884513855,0,-1.096,1.6043,GO,0.1819
10602,Team 16,53,11,PUNT,,,-0.124,-0.124,PUNT,0.0
10603,Team 04,31,7,KICK,0.6592603884513855,1,3,1.6043,KICK,0.0
10604,Team 09,64,11,GO,0.25371834854844727,0,-2.48,-0.978,PUNT,0.766
10605,Team 12,82,15,PUNT,,,-0.356,-0.356,PUNT,0.0
10606,Team 06,49,12,PUNT,,,-0.092,-0.092,PUNT,0.0
10607,Team 01,60,5,GO,0.4739908119572121,1,3.6,0.4439,GO,0.0
10608,Team 02,35,9,KICK,0.5597136492671929,0,-1.16,1.1684,KICK,0.0
10609,Team 07,62,12,PUNT,,,-0.196,-0.196,PUNT,0.0
10610,Team 04,38,7,GO,0.3090425788856058,0,-1.96,0.0302,KICK,0.7869
10611,Team 01,53,9,KICK,0.1611089495765853,0,-1.448,-0.7314,PUNT,0.6074
10612,Team 10,42,3,GO,0.4615130443401682,1,4.32,0.8952,GO,0.0
10613,Team 16,78,13,PUNT,,,-0.324,-0.324,PUNT,0.0
10614,Team 07,43,2,GO,0.7015142308273599,1,4.28,2.3876,GO,0.0
10615,Team 13,39,1,GO,0.7749896631651041,1,4.44,2.9954,GO,0.0
10616,Team 16,75,7,PUNT,,,-0.3,-0.3,PUNT,0.0
10617,Team 16,18,4,GO,0.5681437558388193,1,5.28,2.3261,KICK,0.2205
10618,Team 02,42,3,GO,0.563227497954577,1,4.32,1.5421,GO,0.0
10619,Team 03,19,12,KICK,0.8721384336809187,1,3,2.5008,KICK,0.0
10620,Team 04,54,9,KICK,0.14741766105380757,1,3,-0.8059,PUNT,0.6739
10621,Team 14,43,6,KICK,0.35434369377420466,0,-1.288,0.2314,GO,0.0556
10622,Team 10,80,12,PUNT,,,-0.34,-0.34,PUNT,0.0
10623,Team 03,34,5,GO,0.38529290273260947,1,4.64,0.6321,KICK,0.6498
10624,Team 15,81,3,GO,0.5496461081640299,1,2.76,0.247,GO,0.0
10625,Team 05,42,15,KICK,0.37871640480893237,0,-1.272,0.3459,KICK,0.0
10626,Team 07,72,3,GO,0.6535134081523024,1,3.12,1.1242,GO,0.0
10627,Team 08,64,1,GO,0.682810727672691,1,3.44,1.5622,GO,0.0
10628,Team 05,24,7,KICK,0.8013892651145572,1,3,2.2087,KICK,0.0
10629,Team 14,44,6,PUNT,,,-0.052,-0.052,GO,0.3117
10630,Team 05,87,11,PUNT,,,-0.396,-0.396,PUNT,0.0
10631,Team 02,44,9,GO,0.2562161887145722,0,-2.08,-0.4607,KICK,0.5801
10632,Team 10,68,13,PUNT,,,-0.244,-0.244,PUNT,0.0
10633,Team 08,40,4,KICK,0.42922838810550845,0,-1.24,0.5799,GO,0.7907
10634,Team 14,10,10,KICK,0.9460888925720083,1,3,2.7973,KICK,0.0
10635,Team 07,13,10,KICK,0.9275735146384823,0,-0.808,2.7242,KICK,0.0
10636,Team 06,20,11,KICK,0.8599650843722273,1,3,2.4511,KICK,0.0
10637,Team 11,25,1,GO,0.5430678179428203,0,-1.7,1.9386,KICK,0.198
10638,Team 13,15,12,KICK,0.9121360851706988,1,3,2.6626,KICK,0.0
10639,Team 02,30,11,KICK,0.6824383021930649,0,-1.08,1.7043,KICK,0.0
10640,Team 05,64,5,PUNT,,,-0.212,-0.212,GO,0.2264
10641,Team 08,17,7,KICK,0.8937850083248244,1,3,2.5887,KICK,0.0
10642,Team 04,73,1,GO,0.6260717063282923,0,-2.66,0.9337,GO,0.0
10643,Team 12,53,10,KICK,0.1611089495765853,1,3,-0.7314,PUNT,0.6074
10644,Team 09,84,14,PUNT,,,-0.372,-0.372,PUNT,0.0
10645,Team 13,12,5,KICK,0.9343184948673792,1,3,2.7509,KICK,0.0
10646,Team 03,82,9,PUNT,,,-0.356,-0.356,PUNT,0.0
10647,Team 08,13,7,KICK,0.9275735146384823,1,3,2.7242,KICK,0.0
10648,Team 10,23,2,KICK,0.8175744761936437,1,3,2.2761,KICK,0.0
10649,Team 01,10,8,KICK,0.9460888925720083,1,3,2.7973,KICK,0.0
10650,Team 11,54,4,GO,0.38052964198407724,1,3.84,0.0488,GO,0.0
10651,Team 12,66,6,GO,0.5115352589374579,0,-2.52,0.4878,GO,0.0
10652,Team 05,61,15,PUNT,,,-0.188,-0.188,PUNT,0.0
10653,Team 01,80,15,PUNT,,,-0.34,-0.34,PUNT,0.0
10654,Team 11,19,7,KICK,0.8721384336809187,1,3,2.5008,KICK,0.0
10655,Team 04,33,13,KICK,0.610639233949222,0,-1.128,1.3927,KICK,0.0
10656,Team 07,60,1,GO,0.7454553407611428,1,3.6,2.0727,GO,0.0
10657,Team 03,56,4,KICK,0.12292695083285751,1,3,-0.9433,GO,1.2896
10658,Team 10,10,2,KICK,0.9460888925720083,1,3,2.7973,KICK,0.0
10659,Team 09,30,11,KICK,0.6824383021930649,1,3,1.7043,KICK,0.0
10660,Team 09,81,1,GO,0.7541967228490082,0,-2.82,1.3884,GO,0.0
10661,Team 10,40,2,GO,0.5164308431129125,0,-2.0,1.3052,GO,0.0
10662,Team 16,88,3,GO,0.6211145745754056,1,2.48,0.4189,GO,0.0
10663,Team 06,84,15,PUNT,,,-0.372,-0.372,PUNT,0.0
10664,Team 16,14,7,KICK,0.9201950407592125,1,3,2.6948,KICK,0.0
10665,Team 08,32,9,PUNT,,,0.044,0.044,KICK,1.4563
10666,Team 08,47,4,GO,0.5266544657992237,0,-2.14,1.1569,GO,0.0
10667,Team 05,73,2,PUNT,,,-0.284,-0.284,GO,0.9811
10668,Team 03,16,15,KICK,0.903348789058409,1,3,2.6273,KICK,0.0
10669,Team 03,64,5,GO,0.38529290273260947,0,-2.48,-0.1991,GO,0.0
10670,Team 13,35,15,PUNT,,,0.02,0.02,KICK,1.1484
10671,Team 15,36,11,KICK,0.533698835432901,1,3,1.0527,KICK,0.0
10672,Team 14,30,11,KICK,0.6824383021930649,1,3,1.7043,KICK,0.0
10673,Team 04,88,11,PUNT,,,-0.404,-0.404,PUNT,0.0
10674,Team 11,67,14,PUNT,,,-0.236,-0.236,PUNT,0.0
10675,Team 05,44,9,PUNT,,,-0.052,-0.052,KICK,0.1714
10676,Team 15,21,12,KICK,0.8468362842349139,0,-0.936,2.3971,KICK,0.0
10677,Team 09,51,7,KICK,0.19154534856146757,0,-1.416,-0.5701,GO,1.1339
10678,Team 16,12,7,KICK,0.9343184948673792,1,3,2.7509,KICK,0.0
10679,Team 08,70,2,GO,0.6333740470762804,1,3.2,1.0736,GO,0.0
10680,Team 12,46,7,GO,0.4566464446563816,1,4.16,0.7477,GO,0.0
10681,Team 14,42,9,KICK,0.37871640480893237,1,3,0.3459,KICK,0.0
10682,Team 06,41,11,KICK,0.40371730070321227,1,3,0.4622,KICK,0.0
10683,Team 02,23,11,KICK,0.8175744761936437,0,-0.968,2.2761,KICK,0.0
10684,Team 04,86,14,PUNT,,,-0.388,-0.388,PUNT,0.0
10685,Team 14,75,2,GO,0.5862862634331419,0,-2.7,0.6418,GO,0.0
10686,Team 06,40,1,GO,0.7052076153533808,0,-2.0,2.5133,GO,0.0
10687,Team 07,70,1,GO,0.7454553407611428,0,-2.6,1.7236,GO,0.0
10688,Team 13,52,13,KICK,0.175809597088929,1,3,-0.6528,PUNT,0.5368
10689,Team 04,38,6,KICK,0.4812587841214649,1,3,0.8171,KICK,0.0
10690,Team 14,24,15,KICK,0.8013892651145572,1,3,2.2087,KICK,0.0
10691,Team 14,81,15,PUNT,,,-0.348,-0.348,PUNT,0.0
10692,Team 16,63,11,PUNT,,,-0.204,-0.204,PUNT,0.0
10693,Team 11,73,8,PUNT,,,-0.284,-0.284,PUNT,0.0
10694,Team 01,16,4,KICK,0.903348789058409,0,-0.856,2.6273,KICK,0.0
10695,Team 02,69,5,PUNT,,,-0.252,-0.252,GO,0.3125
10696,Team 15,83,4,GO,0.4948104192229929,1,2.68,-0.1188,GO,0.0
10697,Team 06,40,2,GO,0.6575107676168527,0,-2.0,2.2081,GO,0.0
10698,Team 06,89,2,GO,0.6575107676168527,0,-2.98,0.5837,GO,0.0
10699,Team 05,86,5,PUNT,,,-0.388,-0.388,PUNT,0.0
10700,Team 05,23,12,KICK,0.8175744761936437,1,3,2.2761,KICK,0.0
10701,Team 03,23,15,KICK,0.8175744761936437,1,3,2.2761,KICK,0.0
10702,Team 02,61,10,PUNT,,,-0.188,-0.188,PUNT,0.0
10703,Team 11,55,14,KICK,0.13470305195202817,0,-1.48,-0.8765,PUNT,0.7365
10704,Team 15,87,14,PUNT,,,-0.396,-0.396,PUNT,0.0
10705,Team 14,28,15,KICK,0.7261149812607792,1,3,1.8913,KICK,0.0
10706,Team 08,10,4,GO,0.5266544657992237,1,5.6,2.2866,KICK,0.5107
10707,Team 03,41,15,KICK,0.40371730070321227,0,-1.256,0.4622,KICK,0.0
10708,Team 15,23,1,GO,0.6545818519692127,0,-1.66,2.7519,GO,0.0
10709,Team 13,16,14,KICK,0.903348789058409,0,-0.856,2.6273,KICK,0.0
10710,Team 01,83,13,PUNT,,,-0.364,-0.364,PUNT,0.0
10711,Team 02,73,15,PUNT,,,-0.284,-0.284,PUNT,0.0
10712,Team 08,10,11,KICK,0.9460888925720083,1,3,2.7973,KICK,0.0
10713,Team 12,89,5,GO,0.5661473020656971,0,-2.98,0.0885,GO,0.0
10714,Team 10,65,3,GO,0.4615130443401682,0,-2.5,0.2229,GO,0.0
10715,Team 14,44,7,KICK,0.33070459722255413,1,3,0.1194,KICK,0.0
10716,Team 16,88,4,GO,0.5681437558388193,0,-2.96,0.1307,GO,0.0
10717,Team 04,19,5,KICK,0.8721384336809187,1,3,2.5008,KICK,0.0
10718,Team 11,32,15,KICK,0.6352948493228072,0,-1.112,1.5003,KICK,0.0
10719,Team 06,60,11,PUNT,,,-0.18,-0.18,PUNT,0.0
10720,Team 15,54,12,PUNT,,,-0.132,-0.132,PUNT,0.0
10721,Team 12,26,4,KICK,0.7658456258197972,1,3,2.0596,GO,0.3566
10722,Team 09,21,11,KICK,0.8468362842349139,1,3,2.3971,KICK,0.0
10723,Team 03,50,8,PUNT,,,-0.1,-0.1,PUNT,0.0
10724,Team 01,50,4,PUNT,,,-0.1,-0.1,GO,1.1794
10725,Team 01,21,9,KICK,0.8468362842349139,1,3,2.3971,KICK,0.0
10726,Team 16,31,2,KICK,0.6592603884513855,1,3,1.6043,GO,0.9931
10727,Team 04,11,12,KICK,0.9404756340234984,1,3,2.7752,KICK,0.0
10728,Team 11,63,4,PUNT,,,-0.204,-0.204,GO,0.0043
10729,Team 02,54,10,PUNT,,,-0.132,-0.132,PUNT,0.0
10730,Team 12,87,12,PUNT,,,-0.396,-0.396,PUNT,0.0
10731,Team 11,19,8,KICK,0.8721384336809187,1,3,2.5008,KICK,0.0
10732,Team 08,68,12,PUNT,,,-0.244,-0.244,PUNT,0.0
10733,Team 11,71,8,PUNT,,,-0.268,-0.268,PUNT,0.0
10734,Team 08,44,9,PUNT,,,-0.052,-0.052,KICK,0.1714
10735,Team 08,80,12,PUNT,,,-0.34,-0.34,PUNT,0.0
10736,Team 01,26,15,KICK,0.7658456258197972,0,-1.016,2.0596,KICK,0.0
10737,Team 07,13,5,KICK,0.9275735146384823,1,3,2.7242,KICK,0.0
10738,Team 05,43,12,KICK,0.35434369377420466,1,3,0.2314,KICK,0.0
10739,Team 08,13,5,KICK,0.9275735146384823,1,3,2.7242,KICK,0.0
10740,Team 02,66,2,GO,0.6163941829217663,1,3.36,1.1044,GO,0.0
10741,Team 02,64,3,GO,0.563227497954577,1,3.44,0.8543,GO,0.0
10742,Team 10,24,9,KICK,0.8013892651145572,1,3,2.2087,KICK,0.0
10743,Team 04,11,12,KICK,0.9404756340234984,1,3,2.7752,KICK,0.0
10744,Team 03,42,8,KICK,0.37871640480893237,0,-1.272,0.3459,KICK,0.0
10745,Team 10,45,15,PUNT,,,-0.06,-0.06,KICK,0.0701
10746,Team 08,80,15,PUNT,,,-0.34,-0.34,PUNT,0.0
10747,Team 01,70,3,GO,0.583186768451493,0,-2.6,0.7825,GO,0.0
10748,Team 01,28,12,KICK,0.7261149812607792,1,3,1.8913,KICK,0.0
10749,Team 10,84,12,PUNT,,,-0.372,-0.372,PUNT,0.0
10750,Team 13,26,3,GO,0.6892688541839076,1,4.96,2.8843,GO,0.0
10751,Team 09,84,14,PUNT,,,-0.372,-0.372,PUNT,0.0
10752,Team 02,13,15,KICK,0.9275735146384823,1,3,2.7242,KICK,0.0
10753,Team 16,89,8,PUNT,,,-0.412,-0.412,PUNT,0.0
10754,Team 12,48,1,GO,0.7588068543713931,1,4.08,2.575,GO,0.0
10755,Team 02,34,2,GO,0.6163941829217663,0,-1.88,2.1389,GO,0.0
10756,Team 09,51,11,GO,0.25371834854844727,1,3.96,-0.652,PUNT,0.544
10757,Team 14,65,10,PUNT,,,-0.22,-0.22,PUNT,0.0
10758,Team 15,80,10,PUNT,,,-0.34,-0.34,PUNT,0.0
10759,Team 09,17,4,GO,0.6132802431683475,0,-1.54,2.6671,GO,0.0
10760,Team 11,16,12,KICK,0.903348789058409,1,3,2.6273,KICK,0.0
10761,Team 16,43,10,KICK,0.35434369377420466,0,-1.288,0.2314,KICK,0.0
10762,Team 16,61,14,PUNT,,,-0.188,-0.188,PUNT,0.0
10763,Team 10,37,15,PUNT,,,0.004,0.004,KICK,0.9314
10764,Team 01,47,13,KICK,0.2650274005334813,1,3,-0.1986,PUNT,0.1226
10765,Team 05,34,3,GO,0.5306555509303387,1,4.64,1.5799,GO,0.0
10766,Team 12,61,5,GO,0.5661473020656971,0,-2.42,0.9656,GO,0.0
10767,Team 06,25,13,KICK,0.7841471891774855,1,3,2.1366,KICK,0.0
10768,Team 05,21,1,GO,0.6370946554825867,1,5.16,2.6995,GO,0.0
10769,Team 12,76,15,PUNT,,,-0.308,-0.308,PUNT,0.0
10770,Team 09,52,14,PUNT,,,-0.116,-0.116,PUNT,0.0
10771,Team 13,47,2,GO,0.7343299545462806,1,4.12,2.4569,GO,0.0
10772,Team 13,15,6,KICK,0.9121360851706988,1,3,2.6626,KICK,0.0
10773,Team 09,25,12,KICK,0.7841471891774855,0,-1.0,2.1366,KICK,0.0
10774,Team 05,47,10,KICK,0.2650274005334813,1,3,-0.1986,PUNT,0.1226
10775,Team 09,14,11,KICK,0.9201950407592125,1,3,2.6948,KICK,0.0
10776,Team 10,42,13,KICK,0.37871640480893237,0,-1.272,0.3459,KICK,0.0
10777,Team 06,81,11,PUNT,,,-0.348,-0.348,PUNT,0.0
10778,Team 15,88,9,PUNT,,,-0.404,-0.404,PUNT,0.0
10779,Team 07,60,8,PUNT,,,-0.18,-0.18,GO,0.0941
10780,Team 05,36,8,KICK,0.533698835432901,0,-1.176,1.0527,KICK,0.0
10781,Team 10,32,1,KICK,0.6352948493228072,1,3,1.5003,GO,0.4051
10782,Team 02,14,11,KICK,0.9201950407592125,1,3,2.6948,KICK,0.0
10783,Team 04,56,14,KICK,0.12292695083285751,0,-1.496,-0.9433,PUNT,0.7953
10784,Team 04,19,7,KICK,0.8721384336809187,1,3,2.5008,KICK,0.0
10785,Team 11,45,15,PUNT,,,-0.06,-0.06,KICK,0.0701
10786,Team 16,27,1,KICK,0.7464939833376621,1,3,1.9779,GO,1.0636
10787,Team 13,77,14,PUNT,,,-0.316,-0.316,PUNT,0.0
10788,Team 07,26,15,KICK,0.7658456258197972,1,3,2.0596,KICK,0.0
10789,Team 08,66,6,GO,0.41744252810344173,0,-2.52,-0.0654,GO,0.0
10790,Team 03,62,7,GO,0.28758501632281214,0,-2.44,-0.726,PUNT,0.53
10791,Team 03,57,10,PUNT,,,-0.156,-0.156,PUNT,0.0
10792,Team 13,63,1,GO,0.7749896631651041,1,3.48,2.1434,GO,0.0
10793,Team 07,54,11,PUNT,,,-0.132,-0.132,PUNT,0.0
10794,Team 11,75,10,PUNT,,,-0.3,-0.3,PUNT,0.0
10795,Team 05,45,2,GO,0.5848647368258585,1,4.2,1.5846,GO,0.0
10796,Team 14,72,10,PUNT,,,-0.276,-0.276,PUNT,0.0
10797,Team 10,87,8,PUNT,,,-0.396,-0.396,PUNT,0.0
10798,Team 09,70,4,GO,0.6132802431683475,1,3.2,0.957,GO,0.0
10799,Team 09,81,4,GO,0.6132802431683475,1,2.76,0.6021,GO,0.0
10800,Team 12,82,13,PUNT,,,-0.356,-0.356,PUNT,0.0
10801,Team 09,51,8,GO,0.3967851966138369,0,-2.22,0.2321,GO,0.0
10802,Team 15,21,4,KICK,0.8468362842349139,0,-0.936,2.3971,KICK,0.0
10803,Team 16,15,6,KICK,0.9121360851706988,1,3,2.6626,KICK,0.0
10804,Team 02,16,2,KICK,0.903348789058409,1,3,2.6273,GO,0.0935
10805,Team 09,84,1,GO,0.7541967228490082,1,2.64,1.2832,GO,0.0
10806,Team 10,39,5,GO,0.35565962521942324,1,4.44,0.3033,KICK,0.3951
10807,Team 09,27,1,GO,0.7541967228490082,1,4.92,3.283,GO,0.0
10808,Team 01,65,4,GO,0.5289349488921719,1,3.4,0.6207,GO,0.0
10809,Team 14,68,10,PUNT,,,-0.244,-0.244,PUNT,0.0
10810,Team 05,22,9,KICK,0.8327160444615168,0,-0.952,2.3389,KICK,0.0
10811,Team 10,67,6,GO,0.3069849581582148,0,-2.54,-0.7411,PUNT,0.5051
10812,Team 04,40,5,KICK,0.42922838810550845,1,3,0.5799,GO,0.0431
10813,Team 01,76,9,PUNT,,,-0.308,-0.308,PUNT,0.0
10814,Team 01,30,8,KICK,0.6824383021930649,0,-1.08,1.7043,KICK,0.0
10815,Team 05,29,15,KICK,0.7047456979980911,1,3,1.8001,KICK,0.0
10816,Team 11,18,15,KICK,0.8833970308388606,1,3,2.5466,KICK,0.0
10817,Team 16,52,6,GO,0.45866498212655793,0,-2.24,0.5854,GO,0.0
10818,Team 02,45,4,GO,0.5085669512394625,1,4.2,1.104,GO,0.0
10819,Team 09,53,10,KICK,0.1611089495765853,0,-1.448,-0.7314,PUNT,0.6074
10820,Team 06,70,8,GO,0.33899432053520184,0,-2.6,-0.6338,PUNT,0.3738
10821,Team 03,78,10,PUNT,,,-0.324,-0.324,PUNT,0.0
10822,Team 08,24,15,KICK,0.8013892651145572,1,3,2.2087,KICK,0.0
10823,Team 05,87,4,GO,0.47571317758111337,0,-2.94,-0.3426,GO,0.0
10824,Team 15,33,4,GO,0.4948104192229929,0,-1.86,1.3761,KICK,0.0167
10825,Team 08,57,5,GO,0.4717100045295637,0,-2.34,0.5186,GO,0.0
10826,Team 13,18,2,GO,0.7343299545462806,0,-1.56,3.4628,GO,0.0
10827,Team 15,88,8,PUNT,,,-0.404,-0.404,PUNT,0.0
10828,Team 14,14,10,KICK,0.9201950407592125,1,3,2.6948,KICK,0.0
10829,Team 01,88,15,PUNT,,,-0.404,-0.404,PUNT,0.0
10830,Team 15,56,7,PUNT,,,-0.148,-0.148,PUNT,0.0
10831,Team 12,20,2,GO,0.7162933940110477,1,5.2,3.2708,GO,0.0
10832,Team 11,62,12,PUNT,,,-0.196,-0.196,PUNT,0.0
10833,Team 06,14,13,KICK,0.9201950407592125,1,3,2.6948,KICK,0.0
10834,Team 09,89,8,PUNT,,,-0.412,-0.412,PUNT,0.0
10835,Team 14,81,4,PUNT,,,-0.348,-0.348,GO,0.1906
10836,Team 12,55,9,PUNT,,,-0.14,-0.14,PUNT,0.0
10837,Team 09,87,12,PUNT,,,-0.396,-0.396,PUNT,0.0
10838,Team 06,43,2,GO,0.6575107676168527,1,4.28,2.1086,GO,0.0
10839,Team 03,57,12,PUNT,,,-0.156,-0.156,PUNT,0.0
10840,Team 06,85,5,PUNT,,,-0.38,-0.38,GO,0.2193
10841,Team 15,53,11,PUNT,,,-0.124,-0.124,PUNT,0.0
10842,Team 07,37,4,GO,0.6021709365103962,1,4.52,1.95,GO,0.0
10843,Team 03,34,12,KICK,0.5854045691294653,1,3,1.2819,KICK,0.0
10844,Team 02,44,1,GO,0.6669163928212177,1,4.24,2.1349,GO,0.0
10845,Team 15,33,14,PUNT,,,0.036,0.036,KICK,1.3567
10846,Team 06,46,4,GO,0.55285699926031,1,4.16,1.3519,GO,0.0
10847,Team 01,51,11,PUNT,,,-0.108,-0.108,PUNT,0.0
10848,Team 07,55,7,GO,0.4389360721152808,1,3.8,0.3775,GO,0.0
10849,Team 07,27,8,KICK,0.7464939833376621,0,-1.032,1.9779,KICK,0.0
10850,Team 01,48,8,GO,0.3177501098281303,0,-2.16,-0.1772,PUNT,0.0932
10851,Team 07,86,7,GO,0.4389360721152808,1,2.56,-0.5146,PUNT,0.1266
10852,Team 06,83,9,PUNT,,,-0.364,-0.364,PUNT,0.0
10853,Team 07,66,14,PUNT,,,-0.228,-0.228,PUNT,0.0
10854,Team 06,38,5,GO,0.4980552402097736,1,4.48,1.2475,GO,0.0
10855,Team 11,16,8,KICK,0.903348789058409,1,3,2.6273,KICK,0.0
10856,Team 08,50,13,PUNT,,,-0.1,-0.1,PUNT,0.0
10857,Team 02,57,4,GO,0.5085669512394625,1,3.72,0.7419,GO,0.0
10858,Team 11,75,10,PUNT,,,-0.3,-0.3,PUNT,0.0
10859,Team 01,41,12,PUNT,,,-0.028,-0.028,KICK,0.4902
10860,Team 13,88,6,GO,0.5341227138507878,1,2.48,-0.0544,GO,0.0
10861,Team 05,82,8,PUNT,,,-0.356,-0.356,PUNT,0.0
10862,Team 10,75,12,GO,0.10581192006446227,0,-2.7,-2.0969,PUNT,1.7969
10863,Team 12,62,5,GO,0.5661473020656971,1,3.52,0.9342,GO,0.0
10864,Team 06,29,14,KICK,0.7047456979980911,0,-1.064,1.8001,KICK,0.0
10865,Team 09,72,15,PUNT,,,-0.276,-0.276,PUNT,0.0
10866,Team 05,68,7,GO,0.31924931227269765,0,-2.56,-0.6956,PUNT,0.4516
10867,Team 12,84,2,GO,0.7162933940110477,1,2.64,1.0739,GO,0.0
10868,Team 03,33,15,KICK,0.610639233949222,0,-1.128,1.3927,KICK,0.0
10869,Team 02,89,5,GO,0.4537008049433731,0,-2.98,-0.5209,PUNT,0.1089
10870,Team 04,12,7,KICK,0.9343184948673792,1,3,2.7509,KICK,0.0
10871,Team 09,38,3,GO,0.6639890054498807,1,4.48,2.3161,GO,0.0
10872,Team 09,70,1,GO,0.7541967228490082,0,-2.6,1.7743,GO,0.0
10873,Team 06,36,6,KICK,0.533698835432901,1,3,1.0527,KICK,0.0
10874,Team 04,67,13,KICK,0.042289771842033794,0,-1.672,-1.4744,PUNT,1.2384
10875,Team 10,61,1,GO,0.570954621992401,1,3.56,0.9943,GO,0.0
10876,Team 06,80,13,PUNT,,,-0.34,-0.34,PUNT,0.0
10877,Team 15,80,10,PUNT,,,-0.34,-0.34,PUNT,0.0
10878,Team 05,76,5,PUNT,,,-0.308,-0.308,PUNT,0.0
10879,Team 03,44,13,KICK,0.33070459722255413,1,3,0.1194,KICK,0.0
10880,Team 12,32,1,GO,0.7588068543713931,0,-1.84,3.1378,GO,0.0
10881,Team 12,75,14,PUNT,,,-0.3,-0.3,PUNT,0.0
10882,Team 16,18,1,GO,0.7179431443239072,1,5.28,3.3507,GO,0.0
10883,Team 07,80,12,PUNT,,,-0.34,-0.34,PUNT,0.0
10884,Team 03,58,7,PUNT,,,-0.164,-0.164,PUNT,0.0
10885,Team 08,45,14,KICK,0.3078904956982119,0,-1.32,0.0101,KICK,0.0
10886,Team 03,48,12,KICK,0.24508501313237172,1,3,-0.2975,PUNT,0.2135
10887,Team 09,29,6,KICK,0.7047456979980911,1,3,1.8001,KICK,0.0
10888,Team 15,69,3,GO,0.5496461081640299,0,-2.58,0.6189,GO,0.0
10889,Team 09,65,6,GO,0.5052802311918284,0,-2.5,0.4812,GO,0.0
10890,Team 08,33,4,GO,0.5266544657992237,0,-1.86,1.5843,GO,0.0
10891,Team 10,12,8,KICK,0.9343184948673792,1,3,2.7509,KICK,0.0
10892,Team 11,82,9,PUNT,,,-0.356,-0.356,PUNT,0.0
10893,Team 12,67,7,PUNT,,,-0.236,-0.236,GO,0.3719
10894,Team 14,38,7,KICK,0.4812587841214649,0,-1.208,0.8171,KICK,0.0
10895,Team 06,66,12,PUNT,,,-0.228,-0.228,PUNT,0.0
10896,Team 14,72,2,GO,0.5862862634331419,1,3.12,0.737,GO,0.0
10897,Team 10,43,1,GO,0.570954621992401,0,-2.06,1.5599,GO,0.0
10898,Team 09,85,3,GO,0.6639890054498807,0,-2.9,0.7519,GO,0.0
10899,Team 13,36,1,GO,0.7749896631651041,1,4.56,3.1019,GO,0.0
10900,Team 05,30,4,KICK,0.6824383021930649,0,-1.08,1.7043,KICK,0.0
10901,Team 02,59,6,PUNT,,,-0.172,-0.172,GO,0.1996
10902,Team 01,38,6,PUNT,,,-0.004,-0.004,KICK,0.8211
10903,Team 11,52,13,PUNT,,,-0.116,-0.116,PUNT,0.0
10904,Team 16,32,14,KICK,0.6352948493228072,1,3,1.5003,KICK,0.0
10905,Team 02,14,14,KICK,0.9201950407592125,1,3,2.6948,KICK,0.0
10906,Team 11,48,5,PUNT,,,-0.084,-0.084,PUNT,0.0
10907,Team 10,60,2,GO,0.5164308431129125,1,3.6,0.6986,GO,0.0
10908,Team 16,26,7,KICK,0.7658456258197972,1,3,2.0596,KICK,0.0
10909,Team 12,24,6,KICK,0.8013892651145572,1,3,2.2087,KICK,0.0
10910,Team 06,48,7,GO,0.3898889396292549,1,4.08,0.2729,GO,0.0
10911,Team 09,54,2,GO,0.7111799598144781,1,3.84,2.0724,GO,0.0
10912,Team 03,37,6,KICK,0.5074994375506204,1,3,0.9354,KICK,0.0
10913,Team 14,72,6,KICK,0.025456451452111294,0,-1.752,-1.631,PUNT,1.355
10914,Team 03,24,14,PUNT,,,0.108,0.108,KICK,2.1007
10915,Team 11,38,8,KICK,0.4812587841214649,0,-1.208,0.8171,KICK,0.0
10916,Team 05,48,7,GO,0.31924931227269765,0,-2.16,-0.1679,PUNT,0.0839
10917,Team 11,60,10,PUNT,,,-0.18,-0.18,PUNT,0.0
10918,Team 09,54,9,KICK,0.14741766105380757,0,-1.464,-0.8059,PUNT,0.6739
10919,Team 12,14,11,KICK,0.9201950407592125,0,-0.824,2.6948,KICK,0.0
10920,Team 15,21,12,KICK,0.8468362842349139,1,3,2.3971,KICK,0.0
10921,Team 09,78,3,GO,0.6639890054498807,1,2.88,0.9849,GO,0.0
10922,Team 12,38,11,GO,0.2584863321099704,1,4.48,-0.2953,KICK,1.1125
10923,Team 02,77,10,PUNT,,,-0.316,-0.316,PUNT,0.0
10924,Team 12,36,14,KICK,0.533698835432901,0,-1.176,1.0527,KICK,0.0
10925,Team 01,85,14,PUNT,,,-0.38,-0.38,PUNT,0.0
10926,Team 13,83,5,GO,0.5882421741646358,0,-2.86,0.3989,GO,0.0
10927,Team 16,10,10,KICK,0.9460888925720083,1,3,2.7973,KICK,0.0
10928,Team 07,48,15,KICK,0.24508501313237172,0,-1.368,-0.2975,PUNT,0.2135
10929,Team 06,23,15,KICK,0.8175744761936437,1,3,2.2761,KICK,0.0
10930,Team 16,37,14,KICK,0.5074994375506204,1,3,0.9354,KICK,0.0
10931,Team 06,38,3,GO,0.6064038791149935,1,4.48,1.9452,GO,0.0
10932,Team 15,21,4,GO,0.4948104192229929,0,-1.62,1.7348,KICK,0.6623
10933,Team 14,22,9,KICK,0.8327160444615168,1,3,2.3389,KICK,0.0
10934,Team 14,24,14,KICK,0.8013892651145572,1,3,2.2087,KICK,0.0
10935,Team 09,43,15,KICK,0.35434369377420466,1,3,0.2314,KICK,0.0
10936,Team 13,10,11,KICK,0.9460888925720083,1,3,2.7973,KICK,0.0
10937,Team 04,53,7,PUNT,,,-0.124,-0.124,PUNT,0.0
10938,Team 08,27,9,KICK,0.7464939833376621,1,3,1.9779,KICK,0.0
10939,Team 01,81,4,GO,0.5289349488921719,1,2.76,0.1315,GO,0.0
10940,Team 14,48,1,GO,0.6384478943768523,0,-2.16,1.8239,GO,0.0
10941,Team 05,32,11,KICK,0.6352948493228072,0,-1.112,1.5003,KICK,0.0
10942,Team 08,69,8,PUNT,,,-0.252,-0.252,PUNT,0.0
10943,Team 12,28,7,GO,0.4566464446563816,0,-1.76,1.2721,KICK,0.6192
10944,Team 02,63,14,PUNT,,,-0.204,-0.204,PUNT,0.0
10945,Team 09,19,14,KICK,0.8721384336809187,1,3,2.5008,KICK,0.0
10946,Team 13,57,11,KICK,0.11204703855699037,0,-1.512,-1.0064,PUNT,0.8504
10947,Team 16,54,2,GO,0.6713465706923882,0,-2.28,1.8286,GO,0.0
10948,Team 16,85,9,PUNT,,,-0.38,-0.38,PUNT,0.0
10949,Team 01,32,10,PUNT,,,0.044,0.044,KICK,1.4563
10950,Team 07,11,12,KICK,0.9404756340234984,1,3,2.7752,KICK,0.0
10951,Team 01,43,7,GO,0.3672271904706913,0,-2.06,0.2682,GO,0.0
10952,Team 16,35,7,KICK,0.5597136492671929,1,3,1.1684,KICK,0.0
10953,Team 03,34,3,PUNT,,,0.028,0.028,GO,1.3078
10954,Team 10,58,11,PUNT,,,-0.164,-0.164,PUNT,0.0
10955,Team 15,30,15,KICK,0.6824383021930649,1,3,1.7043,KICK,0.0
10956,Team 16,18,15,KICK,0.8833970308388606,1,3,2.5466,KICK,0.0
10957,Team 15,24,9,KICK,0.8013892651145572,1,3,2.2087,KICK,0.0
10958,Team 03,83,3,GO,0.4932149019395633,0,-2.86,-0.1276,GO,0.0
10959,Team 04,22,9,KICK,0.8327160444615168,0,-0.952,2.3389,KICK,0.0
10960,Team 01,82,5,GO,0.4739908119572121,0,-2.84,-0.2046,GO,0.0
10961,Team 05,43,5,GO,0.42135247739455595,1,4.28,0.6114,GO,0.0
10962,Team 02,45,1,GO,0.6669163928212177,0,-2.1,2.1016,GO,0.0
10963,Team 14,65,5,GO,0.422781323781126,0,-2.5,-0.0056,GO,0.0
10964,Team 14,67,10,GO,0.1960186755284064,1,3.32,-1.3913,PUNT,1.1553
10965,Team 03,11,2,KICK,0.9404756340234984,1,3,2.7752,KICK,0.0
10966,Team 03,51,9,PUNT,,,-0.108,-0.108,PUNT,0.0
10967,Team 09,53,8,GO,0.3967851966138369,1,3.88,0.1763,GO,0.0
10968,Team 01,21,6,GO,0.41966938533727444,0,-1.62,1.2254,KICK,1.1718
10969,Team 05,29,9,KICK,0.7047456979980911,1,3,1.8001,KICK,0.0
10970,Team 08,38,10,PUNT,,,-0.004,-0.004,KICK,0.8211
10971,Team 14,75,12,PUNT,,,-0.3,-0.3,PUNT,0.0
10972,Team 13,19,5,GO,0.5882421741646358,1,5.24,2.4318,KICK,0.069
10973,Team 03,47,4,KICK,0.2650274005334813,0,-1.352,-0.1986,GO,0.8038
10974,Team 04,77,7,PUNT,,,-0.316,-0.316,PUNT,0.0
10975,Team 16,11,11,KICK,0.9404756340234984,1,3,2.7752,KICK,0.0
10976,Team 01,12,10,KICK,0.9343184948673792,1,3,2.7509,KICK,0.0
10977,Team 07,48,2,GO,0.7015142308273599,0,-2.16,2.2174,GO,0.0
10978,Team 02,75,14,PUNT,,,-0.3,-0.3,PUNT,0.0
10979,Team 12,48,15,PUNT,,,-0.084,-0.084,PUNT,0.0
10980,Team 08,83,8,GO,0.31576979490360163,0,-2.86,-1.1106,PUNT,0.7466
10981,Team 01,16,11,KICK,0.903348789058409,1,3,2.6273,KICK,0.0
10982,Team 08,20,5,KICK,0.8599650843722273,1,3,2.4511,KICK,0.0
10983,Team 05,63,1,GO,0.6370946554825867,0,-2.46,1.3243,GO,0.0
10984,Team 13,15,9,KICK,0.9121360851706988,1,3,2.6626,KICK,0.0
10985,Team 13,19,9,KICK,0.8721384336809187,1,3,2.5008,KICK,0.0
10986,Team 06,20,5,GO,0.4980552402097736,0,-1.6,1.7868,KICK,0.6643
10987,Team 10,62,7,PUNT,,,-0.196,-0.196,PUNT,0.0
10988,Team 11,80,10,PUNT,,,-0.34,-0.34,PUNT,0.0
10989,Team 04,68,14,PUNT,,,-0.244,-0.244,PUNT,0.0
10990,Team 13,48,15,KICK,0.24508501313237172,0,-1.368,-0.2975,PUNT,0.2135
10991,Team 01,32,2,GO,0.6354962284153843,0,-1.84,2.3289,GO,0.0
10992,Team 09,56,9,GO,0.34550014746396424,0,-2.32,-0.2194,PUNT,0.0714
10993,Team 11,36,10,KICK,0.533698835432901,1,3,1.0527,KICK,0.0
10994,Team 01,55,13,KICK,0.13470305195202817,0,-1.48,-0.8765,PUNT,0.7365
10995,Team 08,58,10,PUNT,,,-0.164,-0.164,PUNT,0.0
10996,Team 16,42,11,PUNT,,,-0.036,-0.036,KICK,0.3819
10997,Team 09,81,12,PUNT,,,-0.348,-0.348,PUNT,0.0
10998,Team 09,47,15,KICK,0.2650274005334813,0,-1.352,-0.1986,PUNT,0.1226
10999,Team 11,45,3,GO,0.4335698705359307,1,4.2,0.6315,GO,0.0
11000,Team 02,45,1,GO,0.6669163928212177,1,4.2,2.1016,GO,0.0
11001,Team 03,60,11,PUNT,,,-0.18,-0.18,PUNT,0.0
11002,Team 05,66,8,PUNT,,,-0.228,-0.228,PUNT,0.0
11003,Team 02,41,7,KICK,0.40371730070321227,1,3,0.4622,KICK,0.0
11004,Team 10,27,6,GO,0.3069849581582148,0,-1.74,0.3045,KICK,1.6733
11005,Team 04,64,12,PUNT,,,-0.212,-0.212,PUNT,0.0
11006,Team 06,82,8,PUNT,,,-0.356,-0.356,PUNT,0.0
11007,Team 04,32,3,KICK,0.6352948493228072,1,3,1.5003,GO,0.0633
11008,Team 15,77,7,PUNT,,,-0.316,-0.316,PUNT,0.0
11009,Team 15,76,12,PUNT,,,-0.308,-0.308,PUNT,0.0
11010,Team 04,34,10,GO,0.18776490647190214,0,-1.88,-0.6558,KICK,1.9377
11011,Team 16,61,2,GO,0.6713465706923882,0,-2.42,1.5947,GO,0.0
11012,Team 12,25,3,GO,0.6695497215555487,1,5.0,2.786,GO,0.0
11013,Team 16,36,11,KICK,0.533698835432901,0,-1.176,1.0527,KICK,0.0
11014,Team 10,28,11,KICK,0.7261149812607792,1,3,1.8913,KICK,0.0
11015,Team 10,63,1,GO,0.570954621992401,1,3.48,0.9315,GO,0.0
11016,Team 15,60,1,GO,0.6545818519692127,1,3.6,1.5275,GO,0.0
11017,Team 12,36,3,GO,0.6695497215555487,1,4.56,2.4187,GO,0.0
11018,Team 16,85,12,PUNT,,,-0.38,-0.38,PUNT,0.0
11019,Team 09,64,10,PUNT,,,-0.212,-0.212,PUNT,0.0
11020,Team 02,48,5,GO,0.4537008049433731,0,-2.16,0.6711,GO,0.0
11021,Team 12,75,10,KICK,0.018706509954354602,0,-1.8,-1.7102,PUNT,1.4102
11022,Team 11,10,10,KICK,0.9460888925720083,1,3,2.7973,KICK,0.0
11023,Team 09,15,15,KICK,0.9121360851706988,1,3,2.6626,KICK,0.0
11024,Team 12,64,14,PUNT,,,-0.212,-0.212,PUNT,0.0
11025,Team 09,17,9,KICK,0.8937850083248244,1,3,2.5887,KICK,0.0
11026,Team 03,40,12,PUNT,,,-0.02,-0.02,KICK,0.5999
11027,Team 02,45,5,GO,0.4537008049433731,0,-2.1,0.7583,GO,0.0
11028,Team 03,22,12,KICK,0.8327160444615168,1,3,2.3389,KICK,0.0
11029,Team 13,63,1,GO,0.7749896631651041,1,3.48,2.1434,GO,0.0
11030,Team 02,19,5,KICK,0.8721384336809187,1,3,2.5008,KICK,0.0
11031,Team 07,18,1,KICK,0.8833970308388606,1,3,2.5466,GO,0.9923
11032,Team 03,43,3,GO,0.4932149019395633,1,4.28,1.067,GO,0.0
11033,Team 02,88,8,PUNT,,,-0.404,-0.404,PUNT,0.0
11034,Team 03,77,15,PUNT,,,-0.316,-0.316,PUNT,0.0
11035,Team 08,10,1,KICK,0.9460888925720083,1,3,2.7973,GO,0.5824
11036,Team 15,90,13,PUNT,,,-0.42,-0.42,PUNT,0.0
11037,Team 14,63,10,PUNT,,,-0.204,-0.204,PUNT,0.0
11038,Team 15,11,14,KICK,0.9404756340234984,1,3,2.7752,KICK,0.0
11039,Team 04,32,15,KICK,0.6352948493228072,0,-1.112,1.5003,KICK,0.0
11040,Team 05,29,6,KICK,0.7047456979980911,1,3,1.8001,KICK,0.0
11041,Team 14,62,4,GO,0.4771743507269338,1,3.52,0.404,GO,0.0
11042,Team 01,25,5,KICK,0.7841471891774855,1,3,2.1366,KICK,0.0
11043,Team 09,13,14,KICK,0.9275735146384823,1,3,2.7242,KICK,0.0
11044,Team 11,40,8,KICK,0.42922838810550845,0,-1.24,0.5799,KICK,0.0
11045,Team 10,18,2,GO,0.5164308431129125,1,5.28,1.9724,KICK,0.5743
11046,Team 13,19,9,KICK,0.8721384336809187,1,3,2.5008,KICK,0.0
11047,Team 01,40,12,KICK,0.42922838810550845,0,-1.24,0.5799,KICK,0.0
11048,Team 16,37,9,KICK,0.5074994375506204,0,-1.192,0.9354,KICK,0.0
11049,Team 11,63,2,PUNT,,,-0.204,-0.204,GO,0.6438
11050,Team 12,82,7,GO,0.4566464446563816,1,2.72,-0.301,GO,0.0
11051,Team 15,59,15,PUNT,,,-0.172,-0.172,PUNT,0.0
11052,Team 02,18,8,KICK,0.8833970308388606,0,-0.888,2.5466,KICK,0.0
11053,Team 11,39,15,PUNT,,,-0.012,-0.012,KICK,0.7104
11054,Team 14,54,1,GO,0.6384478943768523,1,3.84,1.6273,GO,0.0
11055,Team 08,23,1,GO,0.682810727672691,1,5.08,2.9421,GO,0.0
11056,Team 07,36,2,GO,0.7015142308273599,1,4.56,2.6258,GO,0.0
11057,Team 16,89,7,PUNT,,,-0.412,-0.412,PUNT,0.0
11058,Team 16,26,4,GO,0.5681437558388193,1,4.96,2.0752,GO,0.0
11059,Team 06,88,3,PUNT,,,-0.404,-0.404,GO,0.7428
11060,Team 02,80,4,GO,0.5085669512394625,1,2.8,0.048,GO,0.0
11061,Team 12,81,3,GO,0.6695497215555487,1,2.76,0.9161,GO,0.0
11062,Team 01,20,6,KICK,0.8599650843722273,1,3,2.4511,KICK,0.0
11063,Team 05,52,5,GO,0.42135247739455595,0,-2.24,0.3555,GO,0.0
11064,Team 10,31,8,KICK,0.6592603884513855,0,-1.096,1.6043,KICK,0.0
11065,Team 07,84,15,GO,0.11862864471714768,1,2.64,-2.2252,PUNT,1.8532
11066,Team 05,30,14,PUNT,,,0.06,0.06,KICK,1.6443
11067,Team 03,49,1,PUNT,,,-0.092,-0.092,GO,1.655
11068,Team 03,47,9,KICK,0.2650274005334813,0,-1.352,-0.1986,PUNT,0.1226
11069,Team 16,60,13,PUNT,,,-0.18,-0.18,PUNT,0.0
11070,Team 09,36,12,KICK,0.533698835432901,1,3,1.0527,KICK,0.0
11071,Team 03,56,1,PUNT,,,-0.148,-0.148,GO,1.4868
11072,Team 12,21,6,KICK,0.8468362842349139,1,3,2.3971,KICK,0.0
11073,Team 07,69,5,GO,0.5484769739869401,1,3.24,0.6121,GO,0.0
11074,Team 14,60,14,PUNT,,,-0.18,-0.18,PUNT,0.0
11075,Team 14,66,7,PUNT,,,-0.228,-0.228,PUNT,0.0
11076,Team 07,35,15,KICK,0.5597136492671929,0,-1.16,1.1684,KICK,0.0
11077,Team 13,84,14,PUNT,,,-0.372,-0.372,PUNT,0.0
11078,Team 13,25,12,KICK,0.7841471891774855,1,3,2.1366,KICK,0.0
11079,Team 05,49,4,GO,0.47571317758111337,1,4.04,0.7789,GO,0.0
11080,Team 14,49,10,PUNT,,,-0.092,-0.092,PUNT,0.0
11081,Team 10,60,11,GO,0.12850380835175873,1,3.6,-1.629,PUNT,1.449
11082,Team 11,50,14,PUNT,,,-0.1,-0.1,PUNT,0.0
11083,Team 12,12,15,KICK,0.9343184948673792,1,3,2.7509,KICK,0.0
11084,Team 15,73,15,PUNT,,,-0.284,-0.284,PUNT,0.0
11085,Team 05,19,4,GO,0.47571317758111337,0,-1.58,1.6644,KICK,0.8365
11086,Team 04,63,4,GO,0.4639130714247188,1,3.48,0.2956,GO,0.0
11087,Team 09,66,3,GO,0.6639890054498807,1,3.36,1.3843,GO,0.0
11088,Team 03,58,5,GO,0.38529290273260947,1,3.68,-0.0328,GO,0.0
11089,Team 08,33,5,KICK,0.610639233949222,1,3,1.3927,KICK,0.0
11090,Team 14,59,3,GO,0.532114204592694,1,3.64,0.8233,GO,0.0
11091,Team 04,76,14,PUNT,,,-0.308,-0.308,PUNT,0.0
11092,Team 01,23,11,KICK,0.8175744761936437,1,3,2.2761,KICK,0.0
11093,Team 12,83,3,GO,0.6695497215555487,1,2.68,0.8493,GO,0.0
11094,Team 14,20,8,KICK,0.8599650843722273,1,3,2.4511,KICK,0.0
11095,Team 10,13,6,KICK,0.9275735146384823,1,3,2.7242,KICK,0.0
11096,Team 05,29,14,KICK,0.7047456979980911,1,3,1.8001,KICK,0.0
11097,Team 04,40,4,GO,0.4639130714247188,1,4.4,0.969,GO,0.0
11098,Team 01,81,1,GO,0.6847891621792315,0,-2.82,1.0011,GO,0.0
11099,Team 01,80,5,GO,0.4739908119572121,1,2.8,-0.1457,GO,0.0
11100,Team 01,90,7,PUNT,,,-0.42,-0.42,PUNT,0.0
11101,Team 05,32,13,KICK,0.6352948493228072,1,3,1.5003,KICK,0.0
11102,Team 12,72,2,GO,0.7162933940110477,1,3.12,1.4858,GO,0.0
11103,Team 12,31,3,GO,0.6695497215555487,1,4.76,2.5856,GO,0.0
11104,Team 11,50,13,KICK,0.20833350927014557,1,3,-0.4833,PUNT,0.3833
11105,Team 01,35,9,GO,0.2720729233363795,0,-1.9,-0.1315,KICK,1.2999
11106,Team 02,84,3,PUNT,,,-0.372,-0.372,GO,0.601
11107,Team 15,11,15,KICK,0.9404756340234984,1,3,2.7752,KICK,0.0
11108,Team 09,60,2,GO,0.7111799598144781,1,3.6,1.8671,GO,0.0
11109,Team 01,23,13,KICK,0.8175744761936437,1,3,2.2761,KICK,0.0
11110,Team 09,82,14,PUNT,,,-0.356,-0.356,PUNT,0.0
11111,Team 03,30,4,GO,0.4385270604912484,1,4.8,1.0943,KICK,0.6101
11112,Team 04,13,7,KICK,0.9275735146384823,1,3,2.7242,KICK,0.0
11113,Team 11,78,1,GO,0.5430678179428203,1,2.88,0.3029,GO,0.0
11114,Team 09,74,7,GO,0.45044365998876706,1,3.04,-0.1035,GO,0.0
11115,Team 04,13,10,KICK,0.9275735146384823,1,3,2.7242,KICK,0.0
11116,Team 05,75,5,GO,0.42135247739455595,1,3.0,-0.2983,GO,0.0
11117,Team 14,50,14,KICK,0.20833350927014557,0,-1.4,-0.4833,PUNT,0.3833
11118,Team 09,87,6,GO,0.5052802311918284,1,2.52,-0.1812,GO,0.0
11119,Team 05,42,5,PUNT,,,-0.036,-0.036,GO,0.6758
11120,Team 03,15,12,KICK,0.9121360851706988,1,3,2.6626,KICK,0.0
11121,Team 08,78,13,PUNT,,,-0.324,-0.324,PUNT,0.0
11122,Team 11,79,14,PUNT,,,-0.332,-0.332,PUNT,0.0
11123,Team 05,80,4,PUNT,,,-0.34,-0.34,GO,0.204
11124,Team 10,90,13,PUNT,,,-0.42,-0.42,PUNT,0.0
11125,Team 02,23,4,GO,0.5085669512394625,1,5.08,1.7677,KICK,0.5084
11126,Team 13,75,12,GO,0.23445996738575048,1,3.0,-1.3636,PUNT,1.0636
11127,Team 02,62,3,GO,0.563227497954577,0,-2.44,0.9168,GO,0.0
11128,Team 11,23,8,KICK,0.8175744761936437,0,-0.968,2.2761,KICK,0.0
11129,Team 03,36,11,KICK,0.533698835432901,1,3,1.0527,KICK,0.0
11130,Team 07,74,2,GO,0.7015142308273599,0,-2.68,1.3327,GO,0.0
11131,Team 10,88,12,PUNT,,,-0.404,-0.404,PUNT,0.0
11132,Team 07,45,14,PUNT,,,-0.06,-0.06,KICK,0.0701
11133,Team 08,53,12,PUNT,,,-0.124,-0.124,PUNT,0.0
11134,Team 11,48,9,PUNT,,,-0.084,-0.084,PUNT,0.0
11135,Team 15,20,10,KICK,0.8599650843722273,0,-0.92,2.4511,KICK,0.0
11136,Team 05,79,1,PUNT,,,-0.332,-0.332,GO,1.1325
11137,Team 02,22,3,KICK,0.8327160444615168,1,3,2.3389,KICK,0.0
11138,Team 12,36,8,KICK,0.533698835432901,1,3,1.0527,KICK,0.0
11139,Team 04,12,2,GO,0.5733178358600778,0,-1.44,2.5503,KICK,0.2006
11140,Team 03,44,7,PUNT,,,-0.052,-0.052,KICK,0.1714
11141,Team 14,14,6,KICK,0.9201950407592125,1,3,2.6948,KICK,0.0
11142,Team 16,59,9,PUNT,,,-0.172,-0.172,PUNT,0.0
11143,Team 15,27,9,KICK,0.7464939833376621,1,3,1.9779,KICK,0.0
11144,Team 05,42,9,KICK,0.37871640480893237,1,3,0.3459,KICK,0.0
11145,Team 05,11,15,KICK,0.9404756340234984,1,3,2.7752,KICK,0.0
11146,Team 12,57,4,GO,0.6191988694215159,0,-2.34,1.4123,GO,0.0
11147,Team 14,30,6,GO,0.37019832268003167,0,-1.8,0.6433,KICK,1.061
11148,Team 06,85,9,GO,0.29156836022871013,0,-2.9,-1.2964,PUNT,0.9164
11149,Team 15,60,6,PUNT,,,-0.18,-0.18,GO,0.1008
11150,Team 13,64,1,GO,0.7749896631651041,1,3.44,2.1079,GO,0.0
11151,Team 06,20,15,KICK,0.8599650843722273,1,3,2.4511,KICK,0.0
11152,Team 10,67,13,PUNT,,,-0.236,-0.236,PUNT,0.0
11153,Team 01,36,3,KICK,0.533698835432901,1,3,1.0527,GO,0.8063
11154,Team 14,56,11,PUNT,,,-0.148,-0.148,PUNT,0.0
11155,Team 05,85,11,PUNT,,,-0.38,-0.38,PUNT,0.0
11156,Team 04,37,3,KICK,0.5074994375506204,0,-1.192,0.9354,GO,0.4763
11157,Team 14,31,7,KICK,0.6592603884513855,1,3,1.6043,KICK,0.0
11158,Team 07,61,1,GO,0.7454553407611428,0,-2.42,2.0378,GO,0.0
11159,Team 09,13,15,KICK,0.9275735146384823,1,3,2.7242,KICK,0.0
11160,Team 09,52,2,GO,0.7111799598144781,1,3.92,2.1409,GO,0.0
11161,Team 08,25,9,KICK,0.7841471891774855,1,3,2.1366,KICK,0.0
11162,Team 14,58,1,GO,0.6384478943768523,1,3.68,1.4962,GO,0.0
11163,Team 12,75,15,PUNT,,,-0.3,-0.3,PUNT,0.0
11164,Team 16,18,3,GO,0.6211145745754056,1,5.28,2.6884,GO,0.0
11165,Team 04,45,11,PUNT,,,-0.06,-0.06,KICK,0.0701
11166,Team 10,89,12,PUNT,,,-0.412,-0.412,PUNT,0.0
11167,Team 15,27,8,KICK,0.7464939833376621,1,3,1.9779,KICK,0.0
11168,Team 03,19,2,KICK,0.8721384336809187,1,3,2.5008,KICK,0.0
11169,Team 01,54,3,PUNT,,,-0.132,-0.132,GO,1.4211
11170,Team 16,19,10,GO,0.26004815453768654,0,-1.58,0.1935,KICK,2.3073
11171,Team 03,78,15,PUNT,,,-0.324,-0.324,PUNT,0.0
11172,Team 13,32,7,GO,0.4791878692587739,0,-1.84,1.3035,KICK,0.1969
11173,Team 15,25,9,KICK,0.7841471891774855,1,3,2.1366,KICK,0.0
11174,Team 05,25,12,KICK,0.7841471891774855,0,-1.0,2.1366,KICK,0.0
11175,Team 04,59,2,GO,0.5733178358600778,1,3.64,1.0714,GO,0.0
11176,Team 03,60,7,PUNT,,,-0.18,-0.18,PUNT,0.0
11177,Team 12,48,14,KICK,0.24508501313237172,0,-1.368,-0.2975,PUNT,0.2135
11178,Team 04,34,13,KICK,0.5854045691294653,0,-1.144,1.2819,KICK,0.0
11179,Team 05,72,9,PUNT,,,-0.276,-0.276,PUNT,0.0
11180,Team 05,21,8,KICK,0.8468362842349139,1,3,2.3971,KICK,0.0
11181,Team 07,13,13,KICK,0.9275735146384823,1,3,2.7242,KICK,0.0
11182,Team 01,61,5,GO,0.4739908119572121,0,-2.42,0.4145,GO,0.0
11183,Team 12,12,5,GO,0.5661473020656971,0,-1.44,2.5004,KICK,0.2506
11184,Team 14,22,12,KICK,0.8327160444615168,1,3,2.3389,KICK,0.0
11185,Team 09,88,7,PUNT,,,-0.404,-0.404,PUNT,0.0
11186,Team 08,74,11,KICK,0.02073457758943501,0,-1.784,-1.6848,PUNT,1.3928
11187,Team 03,41,11,PUNT,,,-0.028,-0.028,KICK,0.4902
11188,Team 03,85,15,PUNT,,,-0.38,-0.38,PUNT,0.0
11189,Team 07,21,10,KICK,0.8468362842349139,1,3,2.3971,KICK,0.0
11190,Team 14,14,11,KICK,0.9201950407592125,1,3,2.6948,KICK,0.0
11191,Team 12,84,11,PUNT,,,-0.372,-0.372,PUNT,0.0
11192,Team 13,71,13,PUNT,,,-0.268,-0.268,PUNT,0.0
11193,Team 14,33,12,KICK,0.610639233949222,1,3,1.3927,KICK,0.0
11194,Team 11,83,2,PUNT,,,-0.364,-0.364,GO,0.2085
11195,Team 16,90,7,PUNT,,,-0.42,-0.42,PUNT,0.0
11196,Team 04,76,11,PUNT,,,-0.308,-0.308,PUNT,0.0
11197,Team 11,43,14,PUNT,,,-0.044,-0.044,KICK,0.2754
11198,Team 05,67,14,GO,0.09135314574690022,0,-2.54,-2.0047,PUNT,1.7687
11199,Team 15,79,3,GO,0.5496461081640299,0,-2.78,0.309,GO,0.0
11200,Team 13,17,9,KICK,0.8937850083248244,1,3,2.5887,KICK,0.0
11201,Team 11,39,1,GO,0.5430678179428203,0,-1.98,1.5065,GO,0.0
11202,Team 02,60,15,GO,0.08426743730609498,0,-2.4,-1.8944,PUNT,1.7144
11203,Team 14,58,5,GO,0.422781323781126,1,3.68,0.1936,GO,0.0
11204,Team 02,64,1,GO,0.6669163928212177,0,-2.48,1.4681,GO,0.0
11205,Team 01,64,11,PUNT,,,-0.212,-0.212,PUNT,0.0
11206,Team 15,27,13,KICK,0.7464939833376621,1,3,1.9779,KICK,0.0
11207,Team 02,90,13,PUNT,,,-0.42,-0.42,PUNT,0.0
11208,Team 12,11,1,GO,0.7588068543713931,1,5.56,3.8765,GO,0.0
11209,Team 02,82,1,GO,0.6669163928212177,0,-2.84,0.8681,GO,0.0
11210,Team 11,37,7,KICK,0.5074994375506204,1,3,0.9354,KICK,0.0
11211,Team 01,19,14,KICK,0.8721384336809187,1,3,2.5008,KICK,0.0
11212,Team 14,34,6,KICK,0.5854045691294653,0,-1.144,1.2819,KICK,0.0
11213,Team 14,49,6,GO,0.37019832268003167,1,4.04,0.1226,GO,0.0
11214,Team 11,86,1,GO,0.5430678179428203,1,2.56,0.056,GO,0.0
11215,Team 15,33,6,KICK,0.610639233949222,1,3,1.3927,KICK,0.0
11216,Team 16,49,7,GO,0.40474845952406324,0,-2.18,0.3375,GO,0.0
11217,Team 14,77,11,PUNT,,,-0.316,-0.316,PUNT,0.0
11218,Team 09,51,6,PUNT,,,-0.108,-0.108,GO,1.0106
11219,Team 13,82,11,PUNT,,,-0.356,-0.356,PUNT,0.0
11220,Team 09,75,6,GO,0.5052802311918284,0,-2.7,0.1801,GO,0.0
11221,Team 10,31,7,KICK,0.6592603884513855,1,3,1.6043,KICK,0.0
11222,Team 02,46,13,KICK,0.2859777732226985,0,-1.336,-0.096,PUNT,0.028
11223,Team 07,20,1,GO,0.7454553407611428,1,5.2,3.4691,GO,0.0
11224,Team 11,46,10,KICK,0.2859777732226985,0,-1.336,-0.096,PUNT,0.028
11225,Team 09,12,6,KICK,0.9343184948673792,1,3,2.7509,KICK,0.0
11226,Team 08,70,3,GO,0.5809608534948784,0,-2.6,0.7696,GO,0.0
11227,Team 12,20,9,KICK,0.8599650843722273,1,3,2.4511,KICK,0.0
11228,Team 01,13,15,KICK,0.9275735146384823,1,3,2.7242,KICK,0.0
11229,Team 03,38,12,KICK,0.4812587841214649,0,-1.208,0.8171,KICK,0.0
11230,Team 01,58,4,GO,0.5289349488921719,1,3.68,0.8348,GO,0.0
11231,Team 11,43,5,KICK,0.35434369377420466,0,-1.288,0.2314,KICK,0.0
11232,Team 09,15,9,KICK,0.9121360851706988,1,3,2.6626,KICK,0.0
11233,Team 02,87,1,GO,0.6669163928212177,1,2.52,0.7014,GO,0.0
11234,Team 14,33,6,GO,0.37019832268003167,0,-1.86,0.5611,KICK,0.8316
11235,Team 06,50,7,GO,0.3898889396292549,0,-2.2,0.2173,GO,0.0
11236,Team 12,61,4,GO,0.6191988694215159,0,-2.42,1.2828,GO,0.0
11237,Team 09,37,7,GO,0.45044365998876706,0,-1.94,0.9699,GO,0.0
11238,Team 11,54,9,GO,0.16976399799278502,0,-2.28,-1.241,PUNT,1.109
11239,Team 09,73,13,PUNT,,,-0.284,-0.284,PUNT,0.0
11240,Team 10,67,14,PUNT,,,-0.236,-0.236,PUNT,0.0
11241,Team 16,17,15,KICK,0.8937850083248244,1,3,2.5887,KICK,0.0
11242,Team 01,36,5,GO,0.4739908119572121,1,4.56,1.1515,GO,0.0
11243,Team 14,17,3,KICK,0.8937850083248244,1,3,2.5887,KICK,0.0
11244,Team 10,86,6,KICK,0.005970121417520975,0,-1.976,-1.9463,PUNT,1.5583
11245,Team 10,55,9,PUNT,,,-0.14,-0.14,PUNT,0.0
11246,Team 10,11,15,KICK,0.9404756340234984,1,3,2.7752,KICK,0.0
11247,Team 04,60,9,PUNT,,,-0.18,-0.18,PUNT,0.0
11248,Team 16,63,4,PUNT,,,-0.204,-0.204,GO,1.1188
11249,Team 16,18,4,GO,0.5681437558388193,1,5.28,2.3261,KICK,0.2205
11250,Team 15,90,5,GO,0.4400992987044506,0,-3.0,-0.6235,PUNT,0.2035
11251,Team 02,80,7,KICK,0.011151137398568576,0,-1.88,-1.8256,PUNT,1.4856
11252,Team 12,69,5,GO,0.5661473020656971,0,-2.58,0.715,GO,0.0
11253,Team 02,83,10,KICK,0.008162571153159897,0,-1.928,-1.8878,PUNT,1.5238
11254,Team 16,37,13,KICK,0.5074994375506204,0,-1.192,0.9354,KICK,0.0
11255,Team 14,16,10,KICK,0.903348789058409,1,3,2.6273,KICK,0.0
11256,Team 12,15,8,KICK,0.9121360851706988,1,3,2.6626,KICK,0.0
11257,Team 14,46,2,GO,0.5862862634331419,1,4.16,1.5619,GO,0.0
11258,Team 09,85,7,GO,0.45044365998876706,1,2.6,-0.4226,PUNT,0.0426
11259,Team 14,76,4,PUNT,,,-0.308,-0.308,GO,0.2984
11260,Team 15,28,10,KICK,0.7261149812607792,0,-1.048,1.8913,KICK,0.0
11261,Team 07,34,5,GO,0.5484769739869401,0,-1.88,1.6961,GO,0.0
11262,Team 14,30,14,KICK,0.6824383021930649,1,3,1.7043,KICK,0.0
11263,Team 08,89,9,PUNT,,,-0.412,-0.412,PUNT,0.0
11264,Team 14,32,12,KICK,0.6352948493228072,0,-1.112,1.5003,KICK,0.0
11265,Team 12,70,4,GO,0.6191988694215159,1,3.2,0.9914,GO,0.0
11266,Team 13,12,12,KICK,0.9343184948673792,1,3,2.7509,KICK,0.0
11267,Team 14,74,8,PUNT,,,-0.292,-0.292,PUNT,0.0
11268,Team 08,89,5,PUNT,,,-0.412,-0.412,PUNT,0.0
11269,Team 05,67,4,GO,0.47571317758111337,1,3.32,0.2477,GO,0.0
11270,Team 01,30,2,GO,0.6354962284153843,1,4.8,2.3943,GO,0.0
11271,Team 04,77,12,PUNT,,,-0.316,-0.316,PUNT,0.0
11272,Team 11,70,10,PUNT,,,-0.26,-0.26,PUNT,0.0
11273,Team 07,24,8,KICK,0.8013892651145572,0,-0.984,2.2087,KICK,0.0
11274,Team 08,41,8,PUNT,,,-0.028,-0.028,KICK,0.4902
11275,Team 05,43,11,GO,0.1628431744996628,0,-2.06,-1.0276,KICK,1.259
11276,Team 03,82,13,PUNT,,,-0.356,-0.356,PUNT,0.0
11277,Team 09,60,13,PUNT,,,-0.18,-0.18,PUNT,0.0
11278,Team 04,36,4,GO,0.4639130714247188,1,4.56,1.0862,GO,0.0
11279,Team 01,56,7,PUNT,,,-0.148,-0.148,GO,0.0607
11280,Team 13,72,14,PUNT,,,-0.276,-0.276,PUNT,0.0
11281,Team 02,70,5,GO,0.4537008049433731,1,3.2,0.0315,GO,0.0
11282,Team 01,41,8,GO,0.3177501098281303,0,-2.02,0.0072,KICK,0.455
11283,Team 16,27,7,KICK,0.7464939833376621,0,-1.032,1.9779,KICK,0.0
11284,Team 09,78,12,GO,0.2143538594376484,0,-2.76,-1.551,PUNT,1.227
11285,Team 04,19,11,KICK,0.8721384336809187,1,3,2.5008,KICK,0.0
11286,Team 06,76,1,GO,0.7052076153533808,1,2.96,1.2856,GO,0.0
11287,Team 12,58,1,GO,0.7588068543713931,1,3.68,2.2232,GO,0.0
11288,Team 04,55,2,GO,0.5733178358600778,0,-2.3,1.1972,GO,0.0
11289,Team 08,26,11,KICK,0.7658456258197972,1,3,2.0596,KICK,0.0
11290,Team 02,79,2,PUNT,,,-0.332,-0.332,GO,1.0161
11291,Team 08,16,2,KICK,0.903348789058409,0,-0.856,2.6273,GO,0.2103
11292,Team 08,57,10,PUNT,,,-0.156,-0.156,PUNT,0.0
11293,Team 12,64,6,GO,0.5115352589374579,0,-2.48,0.5483,GO,0.0
11294,Team 02,88,6,PUNT,,,-0.404,-0.404,PUNT,0.0
11295,Team 06,61,5,GO,0.4980552402097736,0,-2.42,0.5584,GO,0.0
11296,Team 07,61,12,GO,0.20661014329765037,0,-2.42,-1.1845,PUNT,0.9965
11297,Team 06,53,5,GO,0.4980552402097736,1,3.88,0.7981,GO,0.0
11298,Team 02,29,6,KICK,0.7047456979980911,1,3,1.8001,KICK,0.0
11299,Team 07,70,7,PUNT,,,-0.26,-0.26,GO,0.2058
11300,Team 09,83,8,GO,0.3967851966138369,0,-2.86,-0.6618,PUNT,0.2978
11301,Team 04,50,12,PUNT,,,-0.1,-0.1,PUNT,0.0
11302,Team 04,73,13,PUNT,,,-0.284,-0.284,PUNT,0.0
11303,Team 10,89,14,PUNT,,,-0.412,-0.412,PUNT,0.0
11304,Team 12,33,15,KICK,0.610639233949222,1,3,1.3927,KICK,0.0
11305,Team 08,14,13,KICK,0.9201950407592125,1,3,2.6948,KICK,0.0
11306,Team 15,68,6,GO,0.386805767152458,1,3.28,-0.3011,PUNT,0.0571
11307,Team 13,59,4,GO,0.6403084946867348,1,3.64,1.4747,GO,0.0
11308,Team 11,12,9,KICK,0.9343184948673792,1,3,2.7509,KICK,0.0
11309,Team 14,55,9,PUNT,,,-0.14,-0.14,PUNT,0.0
11310,Team 12,45,5,GO,0.5661473020656971,1,4.2,1.4667,GO,0.0
11311,Team 16,77,7,GO,0.40474845952406324,0,-2.74,-0.4491,PUNT,0.1331
11312,Team 06,39,5,GO,0.4980552402097736,1,4.44,1.2175,GO,0.0
11313,Team 02,21,10,KICK,0.8468362842349139,1,3,2.3971,KICK,0.0
11314,Team 13,12,12,KICK,0.9343184948673792,1,3,2.7509,KICK,0.0
11315,Team 15,74,2,GO,0.6033015971633345,0,-2.68,0.7709,GO,0.0
11316,Team 05,54,11,KICK,0.14741766105380757,0,-1.464,-0.8059,PUNT,0.6739
11317,Team 10,43,1,PUNT,,,-0.044,-0.044,GO,1.6039
11318,Team 15,14,3,KICK,0.9201950407592125,1,3,2.6948,KICK,0.0
11319,Team 10,69,7,GO,0.262260411474723,1,3.24,-1.0536,PUNT,0.8016
11320,Team 06,66,1,GO,0.7052076153533808,1,3.36,1.6266,GO,0.0
11321,Team 10,70,9,PUNT,,,-0.26,-0.26,PUNT,0.0
11322,Team 12,28,8,KICK,0.7261149812607792,1,3,1.8913,KICK,0.0
11323,Team 09,76,7,PUNT,,,-0.308,-0.308,GO,0.1465
11324,Team 05,52,12,KICK,0.175809597088929,0,-1.432,-0.6528,PUNT,0.5368
11325,Team 03,77,15,KICK,0.015217121208656311,0,-1.832,-1.7585,PUNT,1.4425
11326,Team 03,14,10,KICK,0.9201950407592125,1,3,2.6948,KICK,0.0
11327,Team 13,27,10,GO,0.3222836779454518,1,4.92,0.4064,KICK,1.5715
11328,Team 15,15,9,KICK,0.9121360851706988,1,3,2.6626,KICK,0.0
11329,Team 11,50,12,PUNT,,,-0.1,-0.1,PUNT,0.0
11330,Team 12,51,15,PUNT,,,-0.108,-0.108,PUNT,0.0
11331,Team 10,58,2,PUNT,,,-0.164,-0.164,GO,0.9232
11332,Team 15,75,1,GO,0.6545818519692127,0,-2.7,1.0311,GO,0.0
11333,Team 11,72,2,GO,0.48817701060294577,1,3.12,0.1719,GO,0.0
11334,Team 03,33,7,KICK,0.610639233949222,0,-1.128,1.3927,KICK,0.0
11335,Team 03,50,6,GO,0.3346691378560442,1,4.0,-0.1251,PUNT,0.0251
11336,Team 16,24,13,KICK,0.8013892651145572,1,3,2.2087,KICK,0.0
11337,Team 12,73,12,GO,0.21859877550730564,0,-2.66,-1.4052,PUNT,1.1212
11338,Team 09,71,9,PUNT,,,-0.268,-0.268,PUNT,0.0
11339,Team 13,17,6,KICK,0.8937850083248244,1,3,2.5887,KICK,0.0
11340,Team 14,68,13,PUNT,,,-0.244,-0.244,PUNT,0.0
11341,Team 04,14,8,PUNT,,,0.188,0.188,KICK,2.5068
11342,Team 13,20,2,GO,0.7343299545462806,1,5.2,3.3934,GO,0.0
11343,Team 14,29,8,KICK,0.7047456979980911,0,-1.064,1.8001,KICK,0.0
11344,Team 07,58,15,GO,0.11862864471714768,0,-2.36,-1.6435,PUNT,1.4795
11345,Team 01,69,4,GO,0.5289349488921719,0,-2.58,0.4984,GO,0.0
11346,Team 12,28,1,GO,0.7588068543713931,0,-1.76,3.2785,GO,0.0
11347,Team 08,61,15,PUNT,,,-0.188,-0.188,PUNT,0.0
11348,Team 05,56,5,GO,0.42135247739455595,1,3.76,0.2418,GO,0.0
11349,Team 15,11,10,KICK,0.9404756340234984,1,3,2.7752,KICK,0.0
11350,Team 02,83,9,PUNT,,,-0.364,-0.364,PUNT,0.0
11351,Team 16,14,1,GO,0.7179431443239072,1,5.44,3.4882,GO,0.0
11352,Team 05,71,4,GO,0.47571317758111337,0,-2.62,0.1296,GO,0.0
11353,Team 12,64,9,PUNT,,,-0.212,-0.212,PUNT,0.0
11354,Team 01,59,12,PUNT,,,-0.172,-0.172,PUNT,0.0
11355,Team 04,50,4,GO,0.4639130714247188,0,-2.2,0.6763,GO,0.0
11356,Team 03,11,3,GO,0.4932149019395633,0,-1.42,2.0226,KICK,0.7526
11357,Team 13,63,13,PUNT,,,-0.204,-0.204,PUNT,0.0
11358,Team 16,13,4,KICK,0.9275735146384823,1,3,2.7242,KICK,0.0
11359,Team 07,73,3,GO,0.6535134081523024,0,-2.66,1.0912,GO,0.0
11360,Team 13,36,1,GO,0.7749896631651041,0,-1.92,3.1019,GO,0.0
11361,Team 10,89,9,KICK,0.004363968112352547,0,-2.024,-2.0021,PUNT,1.5901
11362,Team 06,60,8,PUNT,,,-0.18,-0.18,PUNT,0.0
11363,Team 12,22,11,KICK,0.8327160444615168,1,3,2.3389,KICK,0.0
11364,Team 12,12,10,KICK,0.9343184948673792,1,3,2.7509,KICK,0.0
11365,Team 02,11,2,KICK,0.9404756340234984,1,3,2.7752,GO,0.1072
11366,Team 10,69,7,GO,0.262260411474723,1,3.24,-1.0536,PUNT,0.8016
11367,Team 01,41,11,PUNT,,,-0.028,-0.028,KICK,0.4902
11368,Team 12,28,14,KICK,0.7261149812607792,1,3,1.8913,KICK,0.0
11369,Team 15,54,13,KICK,0.14741766105380757,1,3,-0.8059,PUNT,0.6739
11370,Team 03,58,1,GO,0.6017729612434263,0,-2.36,1.2747,GO,0.0
11371,Team 01,80,10,PUNT,,,-0.34,-0.34,PUNT,0.0
11372,Team 04,52,12,KICK,0.175809597088929,1,3,-0.6528,PUNT,0.5368
11373,Team 06,43,13,PUNT,,,-0.044,-0.044,KICK,0.2754
11374,Team 05,36,11,KICK,0.533698835432901,1,3,1.0527,KICK,0.0
11375,Team 11,86,2,GO,0.48817701060294577,0,-2.92,-0.2448,GO,0.0
11376,Team 16,13,1,GO,0.7179431443239072,1,5.48,3.5225,GO,0.0
11377,Team 13,36,12,KICK,0.533698835432901,1,3,1.0527,KICK,0.0
11378,Team 06,34,4,KICK,0.5854045691294653,0,-1.144,1.2819,GO,0.4427
11379,Team 12,62,9,PUNT,,,-0.196,-0.196,PUNT,0.0
11380,Team 07,27,9,KICK,0.7464939833376621,1,3,1.9779,KICK,0.0
11381,Team 13,76,15,PUNT,,,-0.308,-0.308,PUNT,0.0
11382,Team 08,53,13,PUNT,,,-0.124,-0.124,PUNT,0.0
11383,Team 14,60,5,PUNT,,,-0.18,-0.18,GO,0.3167
11384,Team 06,19,12,KICK,0.8721384336809187,0,-0.904,2.5008,KICK,0.0
11385,Team 01,32,2,GO,0.6354962284153843,0,-1.84,2.3289,GO,0.0
11386,Team 15,20,7,KICK,0.8599650843722273,1,3,2.4511,KICK,0.0
11387,Team 12,36,15,KICK,0.533698835432901,0,-1.176,1.0527,KICK,0.0
11388,Team 04,36,2,GO,0.5733178358600778,1,4.56,1.7951,GO,0.0
11389,Team 10,89,13,PUNT,,,-0.412,-0.412,PUNT,0.0
11390,Team 13,83,2,GO,0.7343299545462806,1,2.68,1.2082,GO,0.0
11391,Team 07,11,14,PUNT,,,0.212,0.212,KICK,2.5632
11392,Team 09,69,12,PUNT,,,-0.252,-0.252,PUNT,0.0
11393,Team 09,35,2,GO,0.7111799598144781,1,4.6,2.7227,GO,0.0
11394,Team 13,26,9,KICK,0.7658456258197972,1,3,2.0596,KICK,0.0
11395,Team 13,82,11,PUNT,,,-0.356,-0.356,PUNT,0.0
11396,Team 10,45,8,GO,0.2219648004204538,0,-2.1,-0.7016,KICK,0.7117
11397,Team 04,30,15,KICK,0.6824383021930649,1,3,1.7043,KICK,0.0
11398,Team 06,16,15,KICK,0.903348789058409,1,3,2.6273,KICK,0.0
11399,Team 11,39,6,KICK,0.45512110762641994,0,-1.224,0.6984,KICK,0.0
11400,Team 14,40,4,GO,0.4771743507269338,1,4.4,1.0539,GO,0.0
11401,Team 12,13,4,GO,0.6191988694215159,1,5.48,2.8372,GO,0.0
11402,Team 14,45,4,KICK,0.3078904956982119,0,-1.32,0.0101,GO,0.8961
11403,Team 07,32,13,KICK,0.6352948493228072,1,3,1.5003,KICK,0.0
11404,Team 01,84,15,PUNT,,,-0.372,-0.372,PUNT,0.0
11405,Team 05,42,12,KICK,0.37871640480893237,0,-1.272,0.3459,KICK,0.0
11406,Team 12,22,8,KICK,0.8327160444615168,1,3,2.3389,KICK,0.0
11407,Team 14,29,12,KICK,0.7047456979980911,0,-1.064,1.8001,KICK,0.0
11408,Team 08,76,9,PUNT,,,-0.308,-0.308,PUNT,0.0
11409,Team 13,15,3,KICK,0.9121360851706988,1,3,2.6626,GO,0.5934
11410,Team 12,71,4,GO,0.6191988694215159,1,3.16,0.959,GO,0.0
11411,Team 08,77,4,GO,0.5266544657992237,0,-2.74,0.2409,GO,0.0
11412,Team 01,25,5,KICK,0.7841471891774855,1,3,2.1366,KICK,0.0
11413,Team 08,18,9,KICK,0.8833970308388606,1,3,2.5466,KICK,0.0
11414,Team 09,23,3,GO,0.6639890054498807,1,5.08,2.8153,GO,0.0
11415,Team 13,56,2,GO,0.7343299545462806,1,3.76,2.1447,GO,0.0
11416,Team 05,65,9,PUNT,,,-0.22,-0.22,PUNT,0.0
11417,Team 01,80,3,GO,0.583186768451493,1,2.8,0.4658,GO,0.0
11418,Team 06,82,8,KICK,0.009058068762720846,0,-1.912,-1.8675,PUNT,1.5115
11419,Team 14,62,8,PUNT,,,-0.196,-0.196,PUNT,0.0
11420,Team 06,82,9,GO,0.29156836022871013,0,-2.84,-1.2189,PUNT,0.8629
11421,Team 06,11,14,KICK,0.9404756340234984,1,3,2.7752,KICK,0.0
11422,Team 15,78,5,PUNT,,,-0.324,-0.324,GO,0.0462
11423,Team 16,73,2,GO,0.6713465706923882,1,3.08,1.1935,GO,0.0
11424,Team 07,43,14,PUNT,,,-0.044,-0.044,KICK,0.2754
11425,Team 11,61,7,PUNT,,,-0.188,-0.188,PUNT,0.0
11426,Team 04,11,2,KICK,0.9404756340234984,1,3,2.7752,KICK,0.0
11427,Team 15,44,11,PUNT,,,-0.052,-0.052,KICK,0.1714
11428,Team 02,49,12,PUNT,,,-0.092,-0.092,PUNT,0.0
11429,Team 01,62,15,KICK,0.06946090590056407,0,-1.592,-1.273,PUNT,1.077
11430,Team 03,66,9,PUNT,,,-0.228,-0.228,PUNT,0.0
11431,Team 07,21,6,KICK,0.8468362842349139,1,3,2.3971,KICK,0.0
11432,Team 06,62,7,PUNT,,,-0.196,-0.196,GO,0.0797
11433,Team 11,70,12,PUNT,,,-0.26,-0.26,PUNT,0.0
11434,Team 06,47,2,GO,0.6575107676168527,1,4.12,1.976,GO,0.0
11435,Team 03,27,3,KICK,0.7464939833376621,1,3,1.9779,KICK,0.0
11436,Team 09,28,15,KICK,0.7261149812607792,0,-1.048,1.8913,KICK,0.0
11437,Team 04,44,9,KICK,0.33070459722255413,0,-1.304,0.1194,KICK,0.0
11438,Team 01,26,3,GO,0.583186768451493,1,4.96,2.1757,GO,0.0
11439,Team 09,77,2,PUNT,,,-0.316,-0.316,GO,1.6013
11440,Team 01,35,15,KICK,0.5597136492671929,0,-1.16,1.1684,KICK,0.0
11441,Team 01,59,9,PUNT,,,-0.172,-0.172,PUNT,0.0
11442,Team 08,74,13,PUNT,,,-0.292,-0.292,PUNT,0.0
11443,Team 10,71,10,PUNT,,,-0.268,-0.268,PUNT,0.0
11444,Team 08,37,7,GO,0.3651035350617658,0,-1.94,0.4186,KICK,0.5169
11445,Team 14,66,6,GO,0.37019832268003167,0,-2.52,-0.3432,PUNT,0.1152
11446,Team 03,26,9,KICK,0.7658456258197972,1,3,2.0596,KICK,0.0
11447,Team 05,73,9,PUNT,,,-0.284,-0.284,PUNT,0.0
11448,Team 12,85,6,PUNT,,,-0.38,-0.38,GO,0.2934
11449,Team 12,82,3,GO,0.6695497215555487,0,-2.84,0.8827,GO,0.0
11450,Team 13,14,1,GO,0.7749896631651041,1,5.44,3.8829,GO,0.0
11451,Team 10,19,6,KICK,0.8721384336809187,0,-0.904,2.5008,KICK,0.0
11452,Team 13,39,2,GO,0.7343299545462806,1,4.44,2.7344,GO,0.0
11453,Team 11,24,3,GO,0.4335698705359307,0,-1.68,1.2336,KICK,0.9751
11454,Team 11,64,4,GO,0.38052964198407724,0,-2.48,-0.2273,PUNT,0.0153
11455,Team 07,82,10,PUNT,,,-0.356,-0.356,PUNT,0.0
11456,Team 08,73,9,PUNT,,,-0.284,-0.284,PUNT,0.0
11457,Team 08,82,8,PUNT,,,-0.356,-0.356,PUNT,0.0
11458,Team 01,28,11,KICK,0.7261149812607792,0,-1.048,1.8913,KICK,0.0
11459,Team 03,32,3,KICK,0.6352948493228072,0,-1.112,1.5003,KICK,0.0
11460,Team 05,50,11,GO,0.1628431744996628,1,4.0,-1.1904,PUNT,1.0904
11461,Team 15,44,11,KICK,0.33070459722255413,1,3,0.1194,KICK,0.0
11462,Team 02,10,12,KICK,0.9460888925720083,1,3,2.7973,KICK,0.0
11463,Team 05,52,11,PUNT,,,-0.116,-0.116,PUNT,0.0
11464,Team 16,69,5,GO,0.5135670971823116,0,-2.58,0.409,GO,0.0
11465,Team 10,82,12,PUNT,,,-0.356,-0.356,PUNT,0.0
11466,Team 06,42,7,GO,0.3898889396292549,0,-2.04,0.4397,GO,0.0
11467,Team 01,15,10,KICK,0.9121360851706988,1,3,2.6626,KICK,0.0
11468,Team 08,31,10,KICK,0.6592603884513855,1,3,1.6043,KICK,0.0
11469,Team 12,26,4,KICK,0.7658456258197972,0,-1.016,2.0596,GO,0.3566
11470,Team 09,11,6,KICK,0.9404756340234984,1,3,2.7752,KICK,0.0
11471,Team 16,14,12,KICK,0.9201950407592125,1,3,2.6948,KICK,0.0
11472,Team 06,85,11,PUNT,,,-0.38,-0.38,PUNT,0.0
11473,Team 15,71,10,PUNT,,,-0.268,-0.268,PUNT,0.0
11474,Team 06,78,14,PUNT,,,-0.324,-0.324,PUNT,0.0
11475,Team 02,78,7,PUNT,,,-0.324,-0.324,PUNT,0.0
11476,Team 12,67,2,PUNT,,,-0.236,-0.236,GO,1.8935
11477,Team 05,70,9,PUNT,,,-0.26,-0.26,PUNT,0.0
11478,Team 13,86,10,GO,0.3222836779454518,0,-2.92,-1.1539,PUNT,0.7659
11479,Team 07,43,8,GO,0.3856863695078365,0,-2.06,0.3853,GO,0.0
11480,Team 08,19,10,KICK,0.8721384336809187,1,3,2.5008,KICK,0.0
11481,Team 11,36,9,PUNT,,,0.012,0.012,KICK,1.0407
11482,Team 11,34,5,KICK,0.5854045691294653,1,3,1.2819,KICK,0.0
11483,Team 07,18,7,KICK,0.8833970308388606,1,3,2.5466,KICK,0.0
11484,Team 16,16,5,KICK,0.903348789058409,1,3,2.6273,KICK,0.0
11485,Team 16,15,8,KICK,0.9121360851706988,1,3,2.6626,KICK,0.0
11486,Team 06,78,1,GO,0.7052076153533808,1,2.88,1.2174,GO,0.0
11487,Team 13,48,7,GO,0.4791878692587739,1,4.08,0.8301,GO,0.0
11488,Team 08,83,6,PUNT,,,-0.364,-0.364,PUNT,0.0
11489,Team 16,10,8,KICK,0.9460888925720083,1,3,2.7973,KICK,0.0
11490,Team 02,81,1,GO,0.6669163928212177,1,2.76,0.9014,GO,0.0
11491,Team 01,57,10,PUNT,,,-0.156,-0.156,PUNT,0.0
11492,Team 11,25,10,KICK,0.7841471891774855,0,-1.0,2.1366,KICK,0.0
11493,Team 14,52,1,GO,0.6384478943768523,0,-2.24,1.6928,GO,0.0
11494,Team 05,85,8,PUNT,,,-0.38,-0.38,PUNT,0.0
11495,Team 07,21,13,KICK,0.8468362842349139,1,3,2.3971,KICK,0.0
11496,Team 06,83,8,PUNT,,,-0.364,-0.364,PUNT,0.0
11497,Team 01,35,7,KICK,0.5597136492671929,0,-1.16,1.1684,KICK,0.0
11498,Team 15,13,1,GO,0.6545818519692127,0,-1.46,3.0828,GO,0.0
11499,Team 05,16,14,KICK,0.903348789058409,1,3,2.6273,KICK,0.0
11500,Team 04,78,6,PUNT,,,-0.324,-0.324,PUNT,0.0
11501,Team 08,10,1,GO,0.682810727672691,1,5.6,3.3797,GO,0.0
11502,Team 14,62,4,GO,0.4771743507269338,0,-2.44,0.404,GO,0.0
11503,Team 12,72,14,PUNT,,,-0.276,-0.276,PUNT,0.0
11504,Team 02,18,6,KICK,0.8833970308388606,1,3,2.5466,KICK,0.0
11505,Team 01,74,12,PUNT,,,-0.292,-0.292,PUNT,0.0
11506,Team 13,34,8,KICK,0.5854045691294653,1,3,1.2819,KICK,0.0
11507,Team 15,90,12,PUNT,,,-0.42,-0.42,PUNT,0.0
11508,Team 16,23,10,KICK,0.8175744761936437,1,3,2.2761,KICK,0.0
11509,Team 05,28,4,KICK,0.7261149812607792,1,3,1.8913,KICK,0.0
11510,Team 05,34,1,GO,0.6370946554825867,0,-1.88,2.2739,GO,0.0
11511,Team 16,73,2,GO,0.6713465706923882,1,3.08,1.1935,GO,0.0
11512,Team 14,61,9,PUNT,,,-0.188,-0.188,PUNT,0.0
11513,Team 01,59,3,GO,0.583186768451493,1,3.64,1.1308,GO,0.0
11514,Team 03,35,5,KICK,0.5597136492671929,1,3,1.1684,KICK,0.0
11515,Team 12,71,11,PUNT,,,-0.268,-0.268,PUNT,0.0
11516,Team 10,24,12,KICK,0.8013892651145572,1,3,2.2087,KICK,0.0
11517,Team 01,10,12,KICK,0.9460888925720083,1,3,2.7973,KICK,0.0
11518,Team 04,50,11,PUNT,,,-0.1,-0.1,PUNT,0.0
11519,Team 14,49,10,KICK,0.22618142573054625,0,-1.384,-0.3924,PUNT,0.3004
11520,Team 14,48,7,GO,0.32052370678858894,1,4.08,-0.1599,PUNT,0.0759
11521,Team 01,44,3,KICK,0.33070459722255413,1,3,0.1194,GO,1.4864
11522,Team 13,39,9,KICK,0.45512110762641994,0,-1.224,0.6984,KICK,0.0
11523,Team 05,39,9,PUNT,,,-0.012,-0.012,KICK,0.7104
11524,Team 15,29,8,KICK,0.7047456979980911,0,-1.064,1.8001,KICK,0.0
11525,Team 10,46,5,PUNT,,,-0.068,-0.068,GO,0.1815
11526,Team 16,87,1,GO,0.7179431443239072,1,2.52,0.98,GO,0.0
11527,Team 03,80,9,PUNT,,,-0.34,-0.34,PUNT,0.0
11528,Team 01,25,14,KICK,0.7841471891774855,0,-1.0,2.1366,KICK,0.0
11529,Team 11,49,2,PUNT,,,-0.092,-0.092,GO,0.9485
11530,Team 15,68,7,GO,0.3360919074183416,0,-2.56,-0.5972,PUNT,0.3532
11531,Team 13,38,7,PUNT,,,-0.004,-0.004,GO,1.13
11532,Team 05,90,14,PUNT,,,-0.42,-0.42,PUNT,0.0
11533,Team 15,29,9,KICK,0.7047456979980911,1,3,1.8001,KICK,0.0
11534,Team 08,15,14,KICK,0.9121360851706988,1,3,2.6626,KICK,0.0
11535,Team 06,49,3,GO,0.6064038791149935,0,-2.18,1.5918,GO,0.0
11536,Team 09,21,10,KICK,0.8468362842349139,1,3,2.3971,KICK,0.0
11537,Team 03,87,14,PUNT,,,-0.396,-0.396,PUNT,0.0
11538,Team 09,74,5,GO,0.5599900585150124,1,3.04,0.5231,GO,0.0
11539,Team 13,73,7,GO,0.4791878692587739,1,3.08,0.0905,GO,0.0
11540,Team 10,32,14,KICK,0.6352948493228072,1,3,1.5003,KICK,0.0
11541,Team 02,31,1,GO,0.6669163928212177,0,-1.82,2.5683,GO,0.0
11542,Team 14,85,6,PUNT,,,-0.38,-0.38,PUNT,0.0
11543,Team 15,44,10,KICK,0.33070459722255413,0,-1.304,0.1194,KICK,0.0
11544,Team 10,43,12,KICK,0.35434369377420466,0,-1.288,0.2314,KICK,0.0
11545,Team 15,50,5,GO,0.4400992987044506,0,-2.2,0.5286,GO,0.0
11546,Team 08,12,13,KICK,0.9343184948673792,1,3,2.7509,KICK,0.0
11547,Team 10,24,9,KICK,0.8013892651145572,0,-0.984,2.2087,KICK,0.0
11548,Team 11,82,12,PUNT,,,-0.356,-0.356,PUNT,0.0
11549,Team 11,28,14,KICK,0.7261149812607792,0,-1.048,1.8913,KICK,0.0
11550,Team 03,69,13,KICK,0.034556230286276544,0,-1.704,-1.5414,PUNT,1.2894
11551,Team 10,88,10,PUNT,,,-0.404,-0.404,PUNT,0.0
11552,Team 05,48,15,PUNT,,,-0.084,-0.084,PUNT,0.0
11553,Team 13,59,15,KICK,0.09279295311715706,0,-1.544,-1.1223,PUNT,0.9503
11554,Team 13,14,11,KICK,0.9201950407592125,1,3,2.6948,KICK,0.0
11555,Team 09,16,4,KICK,0.903348789058409,1,3,2.6273,GO,0.0721
11556,Team 07,49,6,KICK,0.22618142573054625,0,-1.384,-0.3924,GO,1.2828
11557,Team 14,71,5,GO,0.422781323781126,1,3.16,-0.1763,GO,0.0
11558,Team 07,81,3,GO,0.6535134081523024,1,2.76,0.8266,GO,0.0
11559,Team 06,23,9,KICK,0.8175744761936437,1,3,2.2761,KICK,0.0
11560,Team 14,11,15,KICK,0.9404756340234984,1,3,2.7752,KICK,0.0
11561,Team 10,83,6,PUNT,,,-0.364,-0.364,PUNT,0.0
11562,Team 04,37,11,KICK,0.5074994375506204,0,-1.192,0.9354,KICK,0.0
11563,Team 14,65,14,PUNT,,,-0.22,-0.22,PUNT,0.0
11564,Team 11,25,8,KICK,0.7841471891774855,1,3,2.1366,KICK,0.0
11565,Team 01,83,13,PUNT,,,-0.364,-0.364,PUNT,0.0
11566,Team 08,65,2,GO,0.6333740470762804,0,-2.5,1.2369,GO,0.0
11567,Team 04,11,15,KICK,0.9404756340234984,1,3,2.7752,KICK,0.0
11568,Team 13,11,6,KICK,0.9404756340234984,1,3,2.7752,KICK,0.0
11569,Team 06,83,9,PUNT,,,-0.364,-0.364,PUNT,0.0
11570,Team 01,23,4,KICK,0.8175744761936437,0,-0.968,2.2761,KICK,0.0
11571,Team 12,64,1,GO,0.7588068543713931,1,3.44,2.0121,GO,0.0
11572,Team 01,67,6,GO,0.41966938533727444,0,-2.54,-0.0807,GO,0.0
11573,Team 09,87,12,PUNT,,,-0.396,-0.396,PUNT,0.0
11574,Team 02,72,3,GO,0.563227497954577,1,3.12,0.6042,GO,0.0
11575,Team 10,77,10,PUNT,,,-0.316,-0.316,PUNT,0.0
11576,Team 16,12,13,KICK,0.9343184948673792,1,3,2.7509,KICK,0.0
11577,Team 12,79,14,PUNT,,,-0.332,-0.332,PUNT,0.0
11578,Team 01,43,12,KICK,0.35434369377420466,0,-1.288,0.2314,KICK,0.0
11579,Team 11,76,12,PUNT,,,-0.308,-0.308,PUNT,0.0
11580,Team 05,67,7,PUNT,,,-0.236,-0.236,PUNT,0.0
11581,Team 04,72,5,GO,0.4098467016511046,0,-2.64,-0.2793,PUNT,0.0033
11582,Team 06,45,4,GO,0.55285699926031,1,4.2,1.383,GO,0.0
11583,Team 04,65,5,GO,0.4098467016511046,0,-2.5,-0.0819,GO,0.0
11584,Team 15,82,1,GO,0.6545818519692127,1,2.72,0.7995,GO,0.0
11585,Team 07,47,7,GO,0.4389360721152808,0,-2.14,0.6077,GO,0.0
11586,Team 14,78,11,PUNT,,,-0.324,-0.324,PUNT,0.0
11587,Team 06,66,5,GO,0.4980552402097736,1,3.36,0.4086,GO,0.0
11588,Team 03,73,11,PUNT,,,-0.284,-0.284,PUNT,0.0
11589,Team 11,38,6,KICK,0.4812587841214649,0,-1.208,0.8171,KICK,0.0
11590,Team 13,47,13,GO,0.19729350377214794,0,-2.14,-0.9049,PUNT,0.8289
11591,Team 06,82,3,GO,0.6064038791149935,1,2.72,0.5316,GO,0.0
11592,Team 08,19,12,KICK,0.8721384336809187,1,3,2.5008,KICK,0.0
11593,Team 12,31,14,KICK,0.6592603884513855,1,3,1.6043,KICK,0.0
11594,Team 02,52,14,PUNT,,,-0.116,-0.116,PUNT,0.0
11595,Team 07,28,11,KICK,0.7261149812607792,0,-1.048,1.8913,KICK,0.0
11596,Team 05,10,12,KICK,0.9460888925720083,1,3,2.7973,KICK,0.0
11597,Team 04,24,6,KICK,0.8013892651145572,1,3,2.2087,KICK,0.0
11598,Team 08,59,6,PUNT,,,-0.172,-0.172,GO,0.305
11599,Team 14,74,9,PUNT,,,-0.292,-0.292,PUNT,0.0
11600,Team 03,17,12,KICK,0.8937850083248244,0,-0.872,2.5887,KICK,0.0
11601,Team 06,65,9,GO,0.29156836022871013,0,-2.5,-0.7797,PUNT,0.5597
11602,Team 09,57,1,GO,0.7541967228490082,1,3.72,2.2304,GO,0.0
11603,Team 11,42,4,KICK,0.37871640480893237,1,3,0.3459,GO,0.0343
11604,Team 09,47,6,PUNT,,,-0.076,-0.076,GO,1.0991
11605,Team 10,23,4,KICK,0.8175744761936437,1,3,2.2761,KICK,0.0
11606,Team 15,76,10,PUNT,,,-0.308,-0.308,PUNT,0.0
11607,Team 06,56,15,PUNT,,,-0.148,-0.148,PUNT,0.0
11608,Team 01,56,2,GO,0.6354962284153843,1,3.76,1.5438,GO,0.0
11609,Team 09,45,1,GO,0.7541967228490082,1,4.2,2.6514,GO,0.0
11610,Team 15,52,6,PUNT,,,-0.116,-0.116,GO,0.2587
11611,Team 01,46,1,GO,0.6847891621792315,0,-2.12,2.1805,GO,0.0
11612,Team 14,79,1,GO,0.6384478943768523,1,2.84,0.8081,GO,0.0
11613,Team 12,69,14,PUNT,,,-0.252,-0.252,PUNT,0.0
11614,Team 03,71,2,GO,0.5480655976092276,1,3.16,0.5478,GO,0.0
11615,Team 06,55,4,GO,0.55285699926031,1,3.8,1.0724,GO,0.0
11616,Team 05,70,4,PUNT,,,-0.26,-0.26,GO,0.4191
11617,Team 12,48,7,GO,0.4566464446563816,1,4.08,0.6895,GO,0.0
11618,Team 13,18,2,GO,0.7343299545462806,1,5.28,3.4628,GO,0.0
11619,Team 06,87,9,PUNT,,,-0.396,-0.396,PUNT,0.0
11620,Team 09,57,8,GO,0.3967851966138369,1,3.72,0.0645,GO,0.0
11621,Team 14,63,10,PUNT,,,-0.204,-0.204,PUNT,0.0
11622,Team 07,47,7,PUNT,,,-0.076,-0.076,GO,0.6837
11623,Team 13,55,15,PUNT,,,-0.14,-0.14,PUNT,0.0
11624,Team 14,50,1,GO,0.6384478943768523,1,4.0,1.7584,GO,0.0
11625,Team 01,18,3,KICK,0.8833970308388606,0,-0.888,2.5466,KICK,0.0
11626,Team 05,49,14,PUNT,,,-0.092,-0.092,PUNT,0.0
11627,Team 16,56,15,KICK,0.12292695083285751,0,-1.496,-0.9433,PUNT,0.7953
11628,Team 12,18,8,KICK,0.8833970308388606,0,-0.888,2.5466,KICK,0.0
11629,Team 03,38,13,KICK,0.4812587841214649,1,3,0.8171,KICK,0.0
11630,Team 15,70,2,GO,0.6033015971633345,0,-2.6,0.8991,GO,0.0
11631,Team 03,14,5,KICK,0.9201950407592125,1,3,2.6948,KICK,0.0
11632,Team 06,73,3,GO,0.6064038791149935,1,3.08,0.8208,GO,0.0
11633,Team 03,69,6,PUNT,,,-0.252,-0.252,PUNT,0.0
11634,Team 11,74,13,PUNT,,,-0.292,-0.292,PUNT,0.0
11635,Team 08,21,10,KICK,0.8468362842349139,1,3,2.3971,KICK,0.0
11636,Team 14,11,4,KICK,0.9404756340234984,1,3,2.7752,KICK,0.0
11637,Team 09,28,1,GO,0.7541967228490082,1,4.88,3.2479,GO,0.0
11638,Team 14,23,12,KICK,0.8175744761936437,1,3,2.2761,KICK,0.0
11639,Team 13,20,7,KICK,0.8599650843722273,1,3,2.4511,KICK,0.0
11640,Team 15,36,3,KICK,0.533698835432901,1,3,1.0527,GO,0.589
11641,Team 11,16,7,KICK,0.903348789058409,1,3,2.6273,KICK,0.0
11642,Team 08,49,3,GO,0.5809608534948784,0,-2.18,1.4336,GO,0.0
11643,Team 08,28,1,KICK,0.7261149812607792,0,-1.048,1.8913,GO,0.8825
11644,Team 15,66,10,PUNT,,,-0.228,-0.228,PUNT,0.0
11645,Team 13,17,5,KICK,0.8937850083248244,1,3,2.5887,KICK,0.0
11646,Team 04,78,12,PUNT,,,-0.324,-0.324,PUNT,0.0
11647,Team 04,60,1,GO,0.6260717063282923,1,3.6,1.3564,GO,0.0
11648,Team 15,52,10,GO,0.2073852577257895,0,-2.24,-0.9625,PUNT,0.8465
11649,Team 13,52,13,PUNT,,,-0.116,-0.116,PUNT,0.0
11650,Team 15,33,15,PUNT,,,0.036,0.036,KICK,1.3567
11651,Team 01,79,3,GO,0.583186768451493,1,2.84,0.4975,GO,0.0
11652,Team 02,18,8,KICK,0.8833970308388606,1,3,2.5466,KICK,0.0
11653,Team 11,27,6,KICK,0.7464939833376621,1,3,1.9779,KICK,0.0
11654,Team 05,48,1,GO,0.6370946554825867,0,-2.16,1.8155,GO,0.0
11655,Team 03,28,4,KICK,0.7261149812607792,0,-1.048,1.8913,KICK,0.0
11656,Team 05,63,14,PUNT,,,-0.204,-0.204,PUNT,0.0
11657,Team 05,70,5,GO,0.42135247739455595,0,-2.6,-0.1562,GO,0.0
11658,Team 13,82,3,GO,0.6892688541839076,1,2.72,0.9923,GO,0.0
11659,Team 05,61,2,GO,0.5848647368258585,0,-2.42,1.0775,GO,0.0
11660,Team 06,34,11,KICK,0.5854045691294653,1,3,1.2819,KICK,0.0
11661,Team 02,74,15,PUNT,,,-0.292,-0.292,PUNT,0.0
11662,Team 12,68,10,GO,0.30283146014450685,0,-2.56,-0.7915,PUNT,0.5475
11663,Team 04,63,6,GO,0.3578750197347471,0,-2.46,-0.3342,PUNT,0.1302
11664,Team 02,31,12,KICK,0.6592603884513855,1,3,1.6043,KICK,0.0
11665,Team 03,25,5,KICK,0.7841471891774855,1,3,2.1366,KICK,0.0
11666,Team 01,71,7,GO,0.3672271904706913,0,-2.62,-0.4974,PUNT,0.2294
11667,Team 03,77,15,PUNT,,,-0.316,-0.316,PUNT,0.0
11668,Team 12,30,2,GO,0.7162933940110477,0,-1.8,2.9275,GO,0.0
11669,Team 14,61,5,GO,0.422781323781126,1,3.56,0.1082,GO,0.0
11670,Team 13,76,15,PUNT,,,-0.308,-0.308,PUNT,0.0
11671,Team 13,53,10,GO,0.3222836779454518,1,3.88,-0.2812,PUNT,0.1572
11672,Team 07,60,15,PUNT,,,-0.18,-0.18,PUNT,0.0
11673,Team 12,10,12,KICK,0.9460888925720083,1,3,2.7973,KICK,0.0
11674,Team 11,44,13,PUNT,,,-0.052,-0.052,KICK,0.1714
11675,Team 06,64,8,PUNT,,,-0.212,-0.212,PUNT,0.0
11676,Team 02,22,6,KICK,0.8327160444615168,1,3,2.3389,KICK,0.0
11677,Team 11,50,3,PUNT,,,-0.1,-0.1,GO,0.5881
11678,Team 11,35,8,PUNT,,,0.02,0.02,KICK,1.1484
11679,Team 13,64,6,GO,0.5341227138507878,0,-2.48,0.682,GO,0.0
11680,Team 02,67,4,GO,0.5085669512394625,1,3.32,0.4402,GO,0.0
11681,Team 10,76,6,PUNT,,,-0.308,-0.308,PUNT,0.0
11682,Team 12,18,2,KICK,0.8833970308388606,1,3,2.5466,GO,0.7928
11683,Team 02,51,9,KICK,0.19154534856146757,0,-1.416,-0.5701,PUNT,0.4621
11684,Team 16,17,1,GO,0.7179431443239072,1,5.32,3.3851,GO,0.0
11685,Team 04,48,6,KICK,0.24508501313237172,0,-1.368,-0.2975,GO,0.3706
11686,Team 13,38,3,GO,0.6892688541839076,1,4.48,2.4789,GO,0.0
11687,Team 11,65,3,PUNT,,,-0.22,-0.22,GO,0.2781
11688,Team 12,79,8,PUNT,,,-0.332,-0.332,PUNT,0.0
11689,Team 07,24,7,KICK,0.8013892651145572,1,3,2.2087,KICK,0.0
11690,Team 10,68,9,PUNT,,,-0.244,-0.244,PUNT,0.0
11691,Team 16,67,11,PUNT,,,-0.236,-0.236,PUNT,0.0
11692,Team 10,77,9,PUNT,,,-0.316,-0.316,PUNT,0.0
11693,Team 07,59,4,GO,0.6021709365103962,0,-2.38,1.2451,GO,0.0
11694,Team 03,16,2,KICK,0.903348789058409,1,3,2.6273,KICK,0.0
11695,Team 07,68,2,GO,0.7015142308273599,1,3.28,1.5368,GO,0.0
11696,Team 09,43,15,KICK,0.35434369377420466,1,3,0.2314,KICK,0.0
11697,Team 03,64,12,PUNT,,,-0.212,-0.212,PUNT,0.0
11698,Team 14,27,3,KICK,0.7464939833376621,1,3,1.9779,KICK,0.0
11699,Team 01,58,3,GO,0.583186768451493,1,3.68,1.1624,GO,0.0
11700,Team 14,77,8,PUNT,,,-0.316,-0.316,PUNT,0.0
11701,Team 16,58,6,GO,0.45866498212655793,0,-2.36,0.4103,GO,0.0
11702,Team 15,34,1,GO,0.6545818519692127,1,4.64,2.3879,GO,0.0
11703,Team 07,59,3,GO,0.6535134081523024,0,-2.38,1.5542,GO,0.0
11704,Team 02,18,6,KICK,0.8833970308388606,1,3,2.5466,KICK,0.0
11705,Team 02,74,11,PUNT,,,-0.292,-0.292,PUNT,0.0
11706,Team 11,65,10,KICK,0.051661435466084885,0,-1.64,-1.4003,PUNT,1.1803
11707,Team 15,64,8,PUNT,,,-0.212,-0.212,PUNT,0.0
11708,Team 03,60,8,PUNT,,,-0.18,-0.18,PUNT,0.0
11709,Team 10,52,3,GO,0.4615130443401682,1,3.92,0.6029,GO,0.0
11710,Team 11,84,6,PUNT,,,-0.372,-0.372,PUNT,0.0
11711,Team 13,27,10,KICK,0.7464939833376621,1,3,1.9779,KICK,0.0
11712,Team 09,67,10,PUNT,,,-0.236,-0.236,PUNT,0.0
11713,Team 05,56,3,GO,0.5306555509303387,0,-2.32,0.9064,GO,0.0
11714,Team 06,44,13,KICK,0.33070459722255413,0,-1.304,0.1194,KICK,0.0
11715,Team 05,45,7,KICK,0.3078904956982119,1,3,0.0101,KICK,0.0
11716,Team 12,59,2,GO,0.7162933940110477,1,3.64,1.9321,GO,0.0
11717,Team 07,16,3,GO,0.6535134081523024,1,5.36,2.9762,GO,0.0
11718,Team 05,29,11,KICK,0.7047456979980911,0,-1.064,1.8001,KICK,0.0
11719,Team 09,25,6,GO,0.5052802311918284,1,5.0,1.6854,KICK,0.4512
11720,Team 09,56,1,GO,0.7541967228490082,1,3.76,2.2655,GO,0.0
11721,Team 14,74,5,PUNT,,,-0.292,-0.292,GO,0.0303
11722,Team 09,72,2,GO,0.7111799598144781,1,3.12,1.4564,GO,0.0
11723,Team 14,54,2,GO,0.5862862634331419,1,3.84,1.3081,GO,0.0
11724,Team 06,18,9,KICK,0.8833970308388606,0,-0.888,2.5466,KICK,0.0
11725,Team 08,81,5,GO,0.4717100045295637,0,-2.82,-0.1879,GO,0.0
11726,Team 04,76,14,PUNT,,,-0.308,-0.308,PUNT,0.0
11727,Team 09,46,5,GO,0.5599900585150124,1,4.16,1.3967,GO,0.0
11728,Team 10,53,2,GO,0.5164308431129125,1,3.88,0.9109,GO,0.0
11729,Team 05,54,2,GO,0.5848647368258585,1,3.84,1.2994,GO,0.0
11730,Team 16,74,10,PUNT,,,-0.292,-0.292,PUNT,0.0
11731,Team 03,45,11,PUNT,,,-0.06,-0.06,KICK,0.0701
11732,Team 10,39,2,GO,0.5164308431129125,0,-1.98,1.3355,GO,0.0
11733,Team 16,68,13,PUNT,,,-0.244,-0.244,PUNT,0.0
11734,Team 06,24,2,GO,0.6575107676168527,1,5.04,2.7385,GO,0.0
11735,Team 04,44,6,GO,0.3578750197347471,1,4.24,0.1818,GO,0.0
11736,Team 12,46,5,GO,0.5661473020656971,1,4.16,1.4354,GO,0.0
11737,Team 04,14,11,KICK,0.9201950407592125,1,3,2.6948,KICK,0.0
11738,Team 15,37,1,GO,0.6545818519692127,1,4.52,2.2886,GO,0.0
11739,Team 07,12,10,KICK,0.9343184948673792,1,3,2.7509,KICK,0.0
11740,Team 02,58,9,PUNT,,,-0.164,-0.164,PUNT,0.0
11741,Team 15,46,14,KICK,0.2859777732226985,1,3,-0.096,PUNT,0.028
11742,Team 04,80,11,PUNT,,,-0.34,-0.34,PUNT,0.0
11743,Team 13,30,2,GO,0.7343299545462806,1,4.8,3.0466,GO,0.0
11744,Team 09,25,13,KICK,0.7841471891774855,1,3,2.1366,KICK,0.0
11745,Team 07,57,9,PUNT,,,-0.156,-0.156,PUNT,0.0
11746,Team 12,15,9,KICK,0.9121360851706988,1,3,2.6626,KICK,0.0
11747,Team 07,29,8,KICK,0.7047456979980911,1,3,1.8001,KICK,0.0
11748,Team 05,85,1,GO,0.6370946554825867,0,-2.9,0.604,GO,0.0
11749,Team 12,46,8,GO,0.402790649617937,0,-2.12,0.4095,GO,0.0
11750,Team 09,74,15,PUNT,,,-0.292,-0.292,PUNT,0.0
11751,Team 13,67,11,PUNT,,,-0.236,-0.236,PUNT,0.0
11752,Team 03,90,14,PUNT,,,-0.42,-0.42,PUNT,0.0
11753,Team 10,51,6,GO,0.3069849581582148,1,3.96,-0.3228,PUNT,0.2148
11754,Team 01,74,9,GO,0.2720729233363795,1,3.04,-1.1237,PUNT,0.8317
11755,Team 13,87,2,GO,0.7343299545462806,1,2.52,1.0694,GO,0.0
11756,Team 07,87,9,PUNT,,,-0.396,-0.396,PUNT,0.0
11757,Team 01,15,5,GO,0.4739908119572121,1,5.4,1.7705,KICK,0.8921
11758,Team 15,39,11,KICK,0.45512110762641994,1,3,0.6984,KICK,0.0
11759,Team 02,35,9,KICK,0.5597136492671929,0,-1.16,1.1684,KICK,0.0
11760,Team 01,20,14,KICK,0.8599650843722273,1,3,2.4511,KICK,0.0
11761,Team 02,73,6,PUNT,,,-0.284,-0.284,PUNT,0.0
11762,Team 13,14,8,GO,0.4247517878519248,0,-1.48,1.4593,KICK,1.2355
11763,Team 11,34,10,KICK,0.5854045691294653,0,-1.144,1.2819,KICK,0.0
11764,Team 10,10,4,KICK,0.9460888925720083,1,3,2.7973,KICK,0.0
11765,Team 04,26,9,KICK,0.7658456258197972,1,3,2.0596,KICK,0.0
11766,Team 15,38,1,GO,0.6545818519692127,0,-1.96,2.2555,GO,0.0
11767,Team 04,39,4,KICK,0.45512110762641994,0,-1.224,0.6984,GO,0.2999
11768,Team 07,52,5,GO,0.5484769739869401,1,3.92,1.1386,GO,0.0
11769,Team 02,42,5,KICK,0.37871640480893237,0,-1.272,0.3459,GO,0.4997
11770,Team 08,44,4,GO,0.5266544657992237,0,-2.08,1.2485,GO,0.0
11771,Team 13,13,1,GO,0.7749896631651041,1,5.48,3.9184,GO,0.0
11772,Team 07,69,6,PUNT,,,-0.252,-0.252,GO,0.5449
11773,Team 02,24,15,KICK,0.8013892651145572,0,-0.984,2.2087,KICK,0.0
11774,Team 16,56,5,PUNT,,,-0.148,-0.148,GO,0.9505
11775,Team 14,11,2,GO,0.5862862634331419,1,5.56,2.6723,KICK,0.103
11776,Team 01,63,3,GO,0.583186768451493,0,-2.46,1.0041,GO,0.0
11777,Team 07,24,14,KICK,0.8013892651145572,1,3,2.2087,KICK,0.0
11778,Team 05,83,2,GO,0.5848647368258585,1,2.68,0.3802,GO,0.0
11779,Team 03,15,15,KICK,0.9121360851706988,1,3,2.6626,KICK,0.0
11780,Team 13,89,15,PUNT,,,-0.412,-0.412,PUNT,0.0
11781,Team 06,21,9,KICK,0.8468362842349139,1,3,2.3971,KICK,0.0
11782,Team 05,89,8,PUNT,,,-0.412,-0.412,PUNT,0.0
11783,Team 16,34,5,KICK,0.5854045691294653,1,3,1.2819,GO,0.1865
11784,Team 15,89,11,PUNT,,,-0.412,-0.412,PUNT,0.0
11785,Team 01,86,8,PUNT,,,-0.388,-0.388,PUNT,0.0
11786,Team 03,85,10,PUNT,,,-0.38,-0.38,PUNT,0.0
11787,Team 08,64,13,PUNT,,,-0.212,-0.212,PUNT,0.0
11788,Team 07,53,15,PUNT,,,-0.124,-0.124,PUNT,0.0
11789,Team 02,32,10,KICK,0.6352948493228072,1,3,1.5003,KICK,0.0
11790,Team 07,22,14,KICK,0.8327160444615168,1,3,2.3389,KICK,0.0
11791,Team 02,44,15,KICK,0.33070459722255413,0,-1.304,0.1194,KICK,0.0
11792,Team 10,25,2,KICK,0.7841471891774855,0,-1.0,2.1366,KICK,0.0
11793,Team 08,22,9,KICK,0.8327160444615168,1,3,2.3389,KICK,0.0
11794,Team 03,44,6,KICK,0.33070459722255413,0,-1.304,0.1194,KICK,0.0
11795,Team 11,58,10,PUNT,,,-0.164,-0.164,PUNT,0.0
11796,Team 09,24,1,GO,0.7541967228490082,0,-1.68,3.3882,GO,0.0
11797,Team 13,72,9,PUNT,,,-0.276,-0.276,PUNT,0.0
11798,Team 11,24,15,KICK,0.8013892651145572,1,3,2.2087,KICK,0.0
11799,Team 03,82,3,PUNT,,,-0.356,-0.356,GO,0.2583
11800,Team 03,87,8,PUNT,,,-0.396,-0.396,PUNT,0.0
11801,Team 11,81,3,PUNT,,,-0.348,-0.348,PUNT,0.0
11802,Team 01,62,6,PUNT,,,-0.196,-0.196,GO,0.2572
11803,Team 11,52,3,PUNT,,,-0.116,-0.116,GO,0.5468
11804,Team 02,45,13,PUNT,,,-0.06,-0.06,KICK,0.0701
11805,Team 02,49,3,GO,0.563227497954577,1,4.04,1.3233,GO,0.0
11806,Team 03,67,9,PUNT,,,-0.236,-0.236,PUNT,0.0
11807,Team 02,20,3,KICK,0.8599650843722273,1,3,2.4511,KICK,0.0
11808,Team 11,62,15,PUNT,,,-0.196,-0.196,PUNT,0.0
11809,Team 11,88,9,PUNT,,,-0.404,-0.404,PUNT,0.0
11810,Team 10,29,6,KICK,0.7047456979980911,1,3,1.8001,KICK,0.0
11811,Team 06,86,1,GO,0.7052076153533808,1,2.56,0.9445,GO,0.0
11812,Team 06,83,13,PUNT,,,-0.364,-0.364,PUNT,0.0
11813,Team 11,75,4,GO,0.38052964198407724,1,3.0,-0.531,PUNT,0.231
11814,Team 11,19,1,GO,0.5430678179428203,0,-1.58,2.1237,KICK,0.3771
11815,Team 04,11,5,GO,0.4098467016511046,1,5.56,1.4407,KICK,1.3345
11816,Team 02,22,9,KICK,0.8327160444615168,1,3,2.3389,KICK,0.0
11817,Team 12,60,13,GO,0.1833444504468946,0,-2.4,-1.2999,PUNT,1.1199
11818,Team 10,10,5,KICK,0.9460888925720083,1,3,2.7973,KICK,0.0
11819,Team 10,42,13,PUNT,,,-0.036,-0.036,KICK,0.3819
11820,Team 10,70,10,PUNT,,,-0.26,-0.26,PUNT,0.0
11821,Team 07,35,15,KICK,0.5597136492671929,1,3,1.1684,KICK,0.0
11822,Team 14,67,13,PUNT,,,-0.236,-0.236,PUNT,0.0
11823,Team 08,47,4,GO,0.5266544657992237,0,-2.14,1.1569,GO,0.0
11824,Team 14,66,3,PUNT,,,-0.228,-0.228,GO,0.8368
11825,Team 06,50,14,PUNT,,,-0.1,-0.1,PUNT,0.0
11826,Team 11,16,2,KICK,0.903348789058409,1,3,2.6273,KICK,0.0
11827,Team 04,61,6,GO,0.3578750197347471,0,-2.42,-0.2799,PUNT,0.0919
11828,Team 03,88,8,PUNT,,,-0.404,-0.404,PUNT,0.0
11829,Team 06,51,6,GO,0.4433001665920852,1,3.96,0.5196,GO,0.0
11830,Team 10,62,9,GO,0.18629704637845504,1,3.52,-1.3297,PUNT,1.1337
11831,Team 11,58,14,KICK,0.10201806918913042,0,-1.528,-1.0661,PUNT,0.9021
11832,Team 03,35,10,KICK,0.5597136492671929,1,3,1.1684,KICK,0.0
11833,Team 05,37,6,GO,0.36883363288543497,1,4.52,0.4427,KICK,0.4928
11834,Team 12,13,5,GO,0.5661473020656971,1,5.48,2.4691,KICK,0.2551
11835,Team 13,86,4,PUNT,,,-0.388,-0.388,GO,0.9769
11836,Team 03,52,6,PUNT,,,-0.116,-0.116,PUNT,0.0
11837,Team 08,52,7,PUNT,,,-0.116,-0.116,GO,0.125
11838,Team 04,31,5,KICK,0.6592603884513855,1,3,1.6043,KICK,0.0
11839,Team 09,43,9,PUNT,,,-0.044,-0.044,KICK,0.2754
11840,Team 03,24,5,KICK,0.8013892651145572,1,3,2.2087,KICK,0.0
11841,Team 11,25,5,KICK,0.7841471891774855,1,3,2.1366,KICK,0.0
11842,Team 09,79,14,PUNT,,,-0.332,-0.332,PUNT,0.0
11843,Team 08,59,7,GO,0.3651035350617658,1,3.64,-0.1821,PUNT,0.0101
11844,Team 16,69,13,PUNT,,,-0.252,-0.252,PUNT,0.0
11845,Team 06,36,14,KICK,0.533698835432901,1,3,1.0527,KICK,0.0
11846,Team 15,33,9,KICK,0.610639233949222,1,3,1.3927,KICK,0.0
11847,Team 04,20,12,KICK,0.8599650843722273,0,-0.92,2.4511,KICK,0.0
11848,Team 11,58,5,GO,0.3301955444039654,0,-2.36,-0.3656,PUNT,0.2016
11849,Team 03,20,12,KICK,0.8599650843722273,1,3,2.4511,KICK,0.0
11850,Team 12,51,10,PUNT,,,-0.108,-0.108,PUNT,0.0
11851,Team 08,38,15,KICK,0.4812587841214649,1,3,0.8171,KICK,0.0
11852,Team 07,25,12,KICK,0.7841471891774855,1,3,2.1366,KICK,0.0
11853,Team 01,25,4,KICK,0.7841471891774855,1,3,2.1366,KICK,0.0
11854,Team 09,32,7,KICK,0.6352948493228072,1,3,1.5003,KICK,0.0
11855,Team 08,29,2,GO,0.6333740470762804,0,-1.78,2.4129,GO,0.0
11856,Team 12,27,10,KICK,0.7464939833376621,1,3,1.9779,KICK,0.0
11857,Team 12,32,4,GO,0.6191988694215159,0,-1.84,2.2219,GO,0.0
11858,Team 08,62,12,PUNT,,,-0.196,-0.196,PUNT,0.0
11859,Team 15,50,2,GO,0.6033015971633345,0,-2.2,1.5405,GO,0.0
11860,Team 10,74,11,GO,0.12850380835175873,1,3.04,-1.945,PUNT,1.653
11861,Team 10,53,3,GO,0.4615130443401682,0,-2.26,0.5737,GO,0.0
11862,Team 10,85,9,PUNT,,,-0.38,-0.38,PUNT,0.0
11863,Team 01,32,10,KICK,0.6352948493228072,0,-1.112,1.5003,KICK,0.0
11864,Team 13,30,13,PUNT,,,0.06,0.06,KICK,1.6443
11865,Team 05,69,9,PUNT,,,-0.252,-0.252,PUNT,0.0
11866,Team 15,60,14,PUNT,,,-0.18,-0.18,PUNT,0.0
11867,Team 03,89,2,GO,0.5480655976092276,0,-2.98,-0.0095,GO,0.0
11868,Team 10,22,3,KICK,0.8327160444615168,1,3,2.3389,KICK,0.0
11869,Team 09,64,6,GO,0.5052802311918284,1,3.44,0.5113,GO,0.0
11870,Team 04,51,9,PUNT,,,-0.108,-0.108,PUNT,0.0
11871,Team 09,85,5,PUNT,,,-0.38,-0.38,GO,0.5599
11872,Team 11,10,1,GO,0.5430678179428203,0,-1.4,2.4015,KICK,0.3958
11873,Team 06,64,10,PUNT,,,-0.212,-0.212,PUNT,0.0
11874,Team 04,90,8,PUNT,,,-0.42,-0.42,PUNT,0.0
11875,Team 05,28,5,KICK,0.7261149812607792,1,3,1.8913,KICK,0.0
11876,Team 09,42,7,GO,0.45044365998876706,0,-2.04,0.8248,GO,0.0
11877,Team 04,32,9,PUNT,,,0.044,0.044,KICK,1.4563
11878,Team 16,76,11,PUNT,,,-0.308,-0.308,PUNT,0.0
11879,Team 04,39,7,PUNT,,,-0.012,-0.012,KICK,0.7104
11880,Team 12,51,2,GO,0.7162933940110477,1,3.96,2.2067,GO,0.0
11881,Team 01,65,4,PUNT,,,-0.22,-0.22,GO,0.8407
11882,Team 03,58,7,KICK,0.10201806918913042,0,-1.528,-1.0661,PUNT,0.9021
11883,Team 08,23,4,GO,0.5266544657992237,1,5.08,1.8897,KICK,0.3865
11884,Team 12,72,12,PUNT,,,-0.276,-0.276,PUNT,0.0
11885,Team 01,70,10,PUNT,,,-0.26,-0.26,PUNT,0.0
11886,Team 02,41,1,GO,0.6669163928212177,0,-2.02,2.2349,GO,0.0
11887,Team 01,73,15,PUNT,,,-0.284,-0.284,PUNT,0.0
11888,Team 01,37,1,GO,0.6847891621792315,1,4.52,2.4837,GO,0.0
11889,Team 01,62,14,PUNT,,,-0.196,-0.196,PUNT,0.0
11890,Team 06,77,2,GO,0.6575107676168527,1,2.92,0.9815,GO,0.0
11891,Team 05,15,11,KICK,0.9121360851706988,1,3,2.6626,KICK,0.0
11892,Team 05,28,7,KICK,0.7261149812607792,1,3,1.8913,KICK,0.0
11893,Team 03,42,1,GO,0.6017729612434263,1,4.32,1.7873,GO,0.0
11894,Team 01,17,6,KICK,0.8937850083248244,1,3,2.5887,KICK,0.0
11895,Team 12,70,6,GO,0.5115352589374579,1,3.2,0.3669,GO,0.0
11896,Team 01,64,8,KICK,0.05705458259892049,0,-1.624,-1.3602,PUNT,1.1482
11897,Team 15,40,9,KICK,0.42922838810550845,0,-1.24,0.5799,KICK,0.0
11898,Team 01,15,13,KICK,0.9121360851706988,1,3,2.6626,KICK,0.0
11899,Team 05,57,6,KICK,0.11204703855699037,0,-1.512,-1.0064,GO,0.9016
11900,Team 01,37,10,KICK,0.5074994375506204,1,3,0.9354,KICK,0.0
11901,Team 09,50,12,PUNT,,,-0.1,-0.1,PUNT,0.0
11902,Team 10,66,13,KICK,0.046752805099547774,0,-1.656,-1.4383,PUNT,1.2103
11903,Team 05,78,11,PUNT,,,-0.324,-0.324,PUNT,0.0
11904,Team 12,50,13,PUNT,,,-0.1,-0.1,PUNT,0.0
11905,Team 04,10,5,KICK,0.9460888925720083,1,3,2.7973,KICK,0.0
11906,Team 12,42,3,GO,0.6695497215555487,1,4.32,2.2183,GO,0.0
11907,Team 07,39,13,KICK,0.45512110762641994,1,3,0.6984,KICK,0.0
11908,Team 11,41,6,KICK,0.40371730070321227,0,-1.256,0.4622,KICK,0.0
11909,Team 11,20,2,KICK,0.8599650843722273,1,3,2.4511,KICK,0.0
11910,Team 12,79,5,GO,0.5661473020656971,1,2.84,0.4017,GO,0.0
11911,Team 03,34,2,GO,0.5480655976092276,0,-1.88,1.6934,GO,0.0
11912,Team 15,71,3,PUNT,,,-0.268,-0.268,GO,0.825
11913,Team 08,83,7,PUNT,,,-0.364,-0.364,PUNT,0.0
11914,Team 05,26,2,GO,0.5848647368258585,0,-1.72,2.1869,GO,0.0
11915,Team 14,66,10,PUNT,,,-0.228,-0.228,PUNT,0.0
11916,Team 01,11,11,PUNT,,,0.212,0.212,KICK,2.5632
11917,Team 15,31,11,KICK,0.6592603884513855,1,3,1.6043,KICK,0.0
11918,Team 16,17,11,KICK,0.8937850083248244,1,3,2.5887,KICK,0.0
11919,Team 02,15,10,KICK,0.9121360851706988,0,-0.84,2.6626,KICK,0.0
11920,Team 08,60,1,GO,0.682810727672691,1,3.6,1.6969,GO,0.0
11921,Team 10,28,4,KICK,0.7261149812607792,1,3,1.8913,KICK,0.0
11922,Team 02,44,2,GO,0.6163941829217663,0,-2.08,1.8156,GO,0.0
11923,Team 02,89,3,PUNT,,,-0.412,-0.412,GO,0.4847
11924,Team 14,11,13,KICK,0.9404756340234984,1,3,2.7752,KICK,0.0
11925,Team 06,75,4,GO,0.55285699926031,1,3.0,0.4513,GO,0.0
11926,Team 10,66,10,PUNT,,,-0.228,-0.228,PUNT,0.0
11927,Team 14,48,8,PUNT,,,-0.084,-0.084,PUNT,0.0
11928,Team 13,61,11,PUNT,,,-0.188,-0.188,PUNT,0.0
11929,Team 05,19,2,KICK,0.8721384336809187,1,3,2.5008,KICK,0.0
11930,Team 02,47,14,PUNT,,,-0.076,-0.076,PUNT,0.0
11931,Team 09,61,10,GO,0.29757375628027694,0,-2.42,-0.6405,PUNT,0.4525
11932,Team 04,25,8,GO,0.2641325125711688,1,5.0,0.0697,KICK,2.0669
11933,Team 08,59,1,GO,0.682810727672691,0,-2.38,1.7305,GO,0.0
11934,Team 03,10,14,KICK,0.9460888925720083,1,3,2.7973,KICK,0.0
11935,Team 02,88,9,PUNT,,,-0.404,-0.404,PUNT,0.0
11936,Team 07,78,3,GO,0.6535134081523024,1,2.88,0.9258,GO,0.0
11937,Team 13,66,6,GO,0.5341227138507878,1,3.36,0.6206,GO,0.0
11938,Team 08,40,10,KICK,0.42922838810550845,0,-1.24,0.5799,KICK,0.0
11939,Team 02,66,3,GO,0.563227497954577,1,3.36,0.7918,GO,0.0
11940,Team 14,24,12,KICK,0.8013892651145572,1,3,2.2087,KICK,0.0
11941,Team 13,85,6,GO,0.5341227138507878,0,-2.9,0.0377,GO,0.0
11942,Team 02,28,13,KICK,0.7261149812607792,0,-1.048,1.8913,KICK,0.0
11943,Team 07,70,2,GO,0.7015142308273599,1,3.2,1.4688,GO,0.0
11944,Team 05,71,7,PUNT,,,-0.268,-0.268,PUNT,0.0
11945,Team 05,80,11,PUNT,,,-0.34,-0.34,PUNT,0.0
11946,Team 08,49,15,PUNT,,,-0.092,-0.092,PUNT,0.0
11947,Team 14,89,14,PUNT,,,-0.412,-0.412,PUNT,0.0
11948,Team 02,10,8,KICK,0.9460888925720083,1,3,2.7973,KICK,0.0
11949,Team 01,24,13,KICK,0.8013892651145572,1,3,2.2087,KICK,0.0
11950,Team 12,76,7,GO,0.4566464446563816,0,-2.72,-0.1262,GO,0.0
11951,Team 10,73,10,PUNT,,,-0.284,-0.284,PUNT,0.0
11952,Team 14,64,2,GO,0.5862862634331419,1,3.44,0.9908,GO,0.0
11953,Team 10,60,2,GO,0.5164308431129125,1,3.6,0.6986,GO,0.0
11954,Team 10,88,3,PUNT,,,-0.404,-0.404,PUNT,0.0
11955,Team 05,81,5,GO,0.42135247739455595,1,2.76,-0.4689,PUNT,0.1209
11956,Team 10,11,6,KICK,0.9404756340234984,1,3,2.7752,KICK,0.0
11957,Team 16,81,10,GO,0.26004815453768654,0,-2.82,-1.3689,PUNT,1.0209
11958,Team 14,61,9,PUNT,,,-0.188,-0.188,PUNT,0.0
11959,Team 07,44,4,GO,0.6021709365103962,1,4.24,1.7257,GO,0.0
11960,Team 02,63,15,KICK,0.06297335605699649,0,-1.608,-1.3178,PUNT,1.1138
11961,Team 12,26,15,KICK,0.7658456258197972,1,3,2.0596,KICK,0.0
11962,Team 04,85,9,GO,0.22363645363650053,0,-2.9,-1.67,PUNT,1.29
11963,Team 06,18,12,KICK,0.8833970308388606,1,3,2.5466,KICK,0.0
11964,Team 11,62,2,GO,0.48817701060294577,0,-2.44,0.4695,GO,0.0
11965,Team 03,12,7,KICK,0.9343184948673792,1,3,2.7509,KICK,0.0
11966,Team 06,83,10,PUNT,,,-0.364,-0.364,PUNT,0.0
11967,Team 01,20,9,KICK,0.8599650843722273,1,3,2.4511,KICK,0.0
11968,Team 01,57,10,GO,0.23074119552877176,0,-2.34,-0.9417,PUNT,0.7857
11969,Team 14,24,13,KICK,0.8013892651145572,0,-0.984,2.2087,KICK,0.0
11970,Team 06,25,6,KICK,0.7841471891774855,1,3,2.1366,KICK,0.0
11971,Team 04,86,14,PUNT,,,-0.388,-0.388,PUNT,0.0
11972,Team 03,27,7,KICK,0.7464939833376621,1,3,1.9779,KICK,0.0
11973,Team 09,50,11,PUNT,,,-0.1,-0.1,PUNT,0.0
11974,Team 02,89,1,GO,0.6669163928212177,1,2.44,0.6347,GO,0.0
11975,Team 14,52,12,PUNT,,,-0.116,-0.116,PUNT,0.0
11976,Team 12,41,12,KICK,0.40371730070321227,0,-1.256,0.4622,KICK,0.0
11977,Team 07,40,11,KICK,0.42922838810550845,1,3,0.5799,KICK,0.0
11978,Team 12,48,14,PUNT,,,-0.084,-0.084,PUNT,0.0
11979,Team 04,65,14,PUNT,,,-0.22,-0.22,PUNT,0.0
11980,Team 12,27,1,GO,0.7588068543713931,0,-1.74,3.3137,GO,0.0
11981,Team 03,43,12,PUNT,,,-0.044,-0.044,KICK,0.2754
11982,Team 09,80,3,GO,0.6639890054498807,1,2.8,0.9183,GO,0.0
11983,Team 07,77,1,GO,0.7454553407611428,1,2.92,1.4793,GO,0.0
11984,Team 03,36,11,KICK,0.533698835432901,0,-1.176,1.0527,KICK,0.0
11985,Team 10,14,12,KICK,0.9201950407592125,1,3,2.6948,KICK,0.0
11986,Team 15,11,13,KICK,0.9404756340234984,1,3,2.7752,KICK,0.0
11987,Team 08,46,8,GO,0.31576979490360163,0,-2.12,-0.137,PUNT,0.069
11988,Team 01,17,13,KICK,0.8937850083248244,0,-0.872,2.5887,KICK,0.0
11989,Team 03,60,14,KICK,0.08432369642147458,0,-1.56,-1.1755,PUNT,0.9955
11990,Team 02,84,12,PUNT,,,-0.372,-0.372,PUNT,0.0
11991,Team 03,47,13,KICK,0.2650274005334813,0,-1.352,-0.1986,PUNT,0.1226
11992,Team 08,29,8,KICK,0.7047456979980911,1,3,1.8001,KICK,0.0
11993,Team 13,38,2,GO,0.7343299545462806,1,4.48,2.7691,GO,0.0
11994,Team 07,49,12,KICK,0.22618142573054625,0,-1.384,-0.3924,PUNT,0.3004
11995,Team 05,47,12,PUNT,,,-0.076,-0.076,PUNT,0.0
11996,Team 04,71,11,PUNT,,,-0.268,-0.268,PUNT,0.0
11997,Team 05,55,5,GO,0.42135247739455595,0,-2.3,0.2703,GO,0.0
11998,Team 04,82,12,GO,0.12958882749322279,0,-2.84,-2.1195,PUNT,1.7635
11999,Team 14,41,11,PUNT,,,-0.028,-0.028,KICK,0.4902
12000,Team 04,76,1,GO,0.6260717063282923,0,-2.72,0.8361,GO,0.0
